query,feed_url,article_url,headline,headline_raw,pub_date_raw,source_label,source_domain,pub_datetime,collection_time,headline_key,has_food_term,has_price_term,has_topic_phrase,is_topic_relevant
Nigeria purchasing power food,https://news.google.com/rss/search?q=Nigeria%20purchasing%20power%20food&hl=en-NG&gl=NG&ceid=NG%3Aen,https://news.google.com/rss/articles/CBMikgFBVV95cUxQWlNOajlMWGpfLW9CaUM2S2xNVEkzUEZSd01nZnhZc0FKVThoellzQjIwQU9iel85YWVmY1l0YWJ2V0xlaDdKVG9Kemd0a0lUMjN2c291Y202U1JBSjdlS2ZTRnpZTzI5VmprUVhXOXgwNEtVellIY0QzVmlmcnBERUEwQTVUWElHd3dvUWR2YnpMd9IBlwFBVV95cUxPX1JoR29ySFlrc0R3VWg2QzJSXzJzaXZQSGg3VlItMVEyTUxtUk0yMGxuVnVDcm1Kaml1QzU1d2d3STJrVEtDY2VBdlBXY1laZnNoeW1CZVVpdG4xb1pUdDgzTE8xNkZFNWpOeTVuMVUycGJwQ1dTbVd3V0xpejdNSUd3ZGZ2RjAzZHFfNGVLcmxrUHRVSXlr?oc=5,Inflation: Nigerians’ purchasing power declined by 56% in 2 years –Report,Inflation: Nigerians’ purchasing power declined by 56% in 2 years –Report - The Sun Nigeria,"Thu, 11 Jul 2024 07:00:00 GMT",The Sun Nigeria,thesun.ng,2024-07-11 07:00:00+00:00,2026-08-23 16:01:11.633939+00:00,inflation nigerians purchasing power declined by 56 in 2 years report,False,True,True,True
Nigeria food affordability,https://news.google.com/rss/search?q=Nigeria%20food%20affordability&hl=en-NG&gl=NG&ceid=NG%3Aen,https://news.google.com/rss/articles/CBMiXEFVX3lxTE9aU3FKb2JIZk9PLWJyc2R6WTlZem1ET0Rqejc2OGoyaVF2ZGJpQzFfcnRyanZETjVOclJibURhOUpyaWlPeEkzRVBTR0UyMEdhanlDRDM3UHhSczdj0gFiQVVfeXFMT3FTTjYyQlhfbnU1eS0xTHlzVFc5NUxYWE43UXVTZnl1Y1M4NDBKYzc5OE51UWNoSEdLejBwVTVoby1qc3dVZmVkR0cyejlGcnZSWG9JdkwyYTJZcVhzMUxtMkE?oc=5,High cost of living Nigeria: How prices of food items increase afta 10 days protest,High cost of living Nigeria: How prices of food items increase afta 10 days protest - BBC,"Tue, 13 Aug 2024 07:00:00 GMT",BBC,www.bbc.com,2024-08-13 07:00:00+00:00,2026-08-23 16:01:11.633939+00:00,high cost of living nigeria how prices of food items increase afta 10 days protest,True,True,True,True
Nigeria staple food prices,https://news.google.com/rss/search?q=Nigeria%20staple%20food%20prices&hl=en-NG&gl=NG&ceid=NG%3Aen,https://news.google.com/rss/articles/CBMilgFBVV95cUxQektBNXRQTm05VS1wVHVzODJORHBOT0RGaXpzZm5Ra081OUdHb0lEaE5HZVNGc0FwUDAwcTcwNzY4MFk1azQwOXJPSGJKMDgwSHJUZUFKTUprQ1RyS0IwM2M4Z0ZnVGVDZWVSQUVhRWo1REV6LUtuZzdDUzI0aG5ZRXB5ZDlaVnZIUndxSGpiR1B6c0lOX2c?oc=5,"Rivers, Osun State Lead as Food Prices Soar 2,170% YoY","Rivers, Osun State Lead as Food Prices Soar 2,170% YoY - THISDAYLIVE","Mon, 02 Sep 2024 07:00:00 GMT",THISDAYLIVE,www.thisdaylive.com,2024-09-02 07:00:00+00:00,2026-08-23 16:01:11.633939+00:00,rivers osun state lead as food prices soar 2170 yoy,True,True,True,True
Nigeria staple food prices,https://news.google.com/rss/search?q=Nigeria%20staple%20food%20prices&hl=en-NG&gl=NG&ceid=NG%3Aen,https://news.google.com/rss/articles/CBMimwFBVV95cUxQWFVfMW9fZVg2Yk9pZjlicG9CLWJkMEpnUmZjVXZ4LWdjUjB4ZlNUZ1BMdTg5bllHUTlsZ28yTzdiTWVZMXAwSmxKRFJXZUo1ZnhwMkRlWkpLU0tnejRyLTB4MXZJeVc2MXF5VV9wd1pCNzJiOFljZmRFUmhlTFpqWkNMTmZCSGtVWFN0RDZoNmgwVURubDJPbWtSZ9IBoAFBVV95cUxQZnJKN2pQcnVPdmFVV3ItRU52QnZMYzZoeUh3NkYwcGJJZVRXanpHSC1jZXBMV25UN1dTdTQwQWQ2M0twdnF0RnBERmwyTGJZY0xkZ2VQM3RTdnlaNnVSMmZ1VlR1SGNIQ2dBcXFXNmc5d2ZEOUgzSDlLcFNDSzU0dUYwX0Z6SEM2OHlLVEROT21mZnRTdmR3SzRtODBKbkRV?oc=5,"Food prices surge, as Nigeria’s inflation rate rises to 34.6%","Food prices surge, as Nigeria’s inflation rate rises to 34.6% - Vanguard News","Mon, 16 Dec 2024 08:00:00 GMT",Vanguard News,www.vanguardngr.com,2024-12-16 08:00:00+00:00,2026-08-23 16:01:11.633939+00:00,food prices surge as nigerias inflation rate rises to 346,True,True,True,True
Nigeria purchasing power food,https://news.google.com/rss/search?q=Nigeria%20purchasing%20power%20food&hl=en-NG&gl=NG&ceid=NG%3Aen,https://news.google.com/rss/articles/CBMivAFBVV95cUxPR1Zfbm9aSXJRUFhFT25uRU10Y01nbHUzM2NjeV9sc3lvd3V6XzZvSGdvWDU1bk8zc0F3R3hPOXVtcEZjcEEtaS1ZakZ1bG44YUxzTHpXRFRLUHY2R1ZIRDFIbFJhR3h2THhzcDQ3QnRoX1l2YW11Vy04WFZCMXk4TzZNZkV3WFFsa2QwQ21nV0FOZXlpV0cwUFBNbHg1dE80ai1GYW0wUWlMLTg4Tm5BNThGRVA3UHNoc2xlbQ?oc=5,‘Pay-as-you-go’ package of food items highlights Nigerians’ worsening purchasing power,‘Pay-as-you-go’ package of food items highlights Nigerians’ worsening purchasing power - Business News Nigeria,"Sun, 05 Jan 2025 08:00:00 GMT",Business News Nigeria,businessday.ng,2025-01-05 08:00:00+00:00,2026-08-23 16:01:11.633939+00:00,payasyougo package of food items highlights nigerians worsening purchasing power,True,False,True,True
Nigeria rice prices,https://news.google.com/rss/search?q=Nigeria%20rice%20prices&hl=en-NG&gl=NG&ceid=NG%3Aen,https://news.google.com/rss/articles/CBMingFBVV95cUxPVzE2QXVodVU0XzE2ajhuVVRJa082Z2xWS19GWDNxa1l4RWhyeUZZMEZLRGxld0dtS3RLQnZKazF6RFZXUnJGajVWd1U3aU9sbTNkT2w1S0I1cGtPX1Q3Tkt6Y0FVQ21vblFiRU5mclJkT1kwQ2tnTUFwQUszUjIzX3h5bVZGTEo2UmZ3MV8zOEZob3p5NHktTW8xbkdmUdIBowFBVV95cUxNOHdocVB6cE9XMHhjcm03am9GdXBTZUlNTEJfcDJXU0ZFQjl3UzBxaGtQQnVjeXRaWlo3OGVucWxLM0VGZ01DRDB1Z0M1c25MXzREQ2IxLXE4OXFUZzd2V21aZERyNEgyN0kySXlYZnVfMFFYXzVBa1pyWkJLNjhCbWYtOE5HRXZLcUg3VV9MWHotalhYMDBmY2lJZFR5Zm9zT1Rj?oc=5,"How price of rice rose from N2500 in 2000 to N105,000 in 2024","How price of rice rose from N2500 in 2000 to N105,000 in 2024 - Vanguard News","Tue, 28 Jan 2025 08:00:00 GMT",Vanguard News,www.vanguardngr.com,2025-01-28 08:00:00+00:00,2026-08-23 16:01:11.633939+00:00,how price of rice rose from n2500 in 2000 to n105000 in 2024,True,True,False,True
Nigeria purchasing power food,https://news.google.com/rss/search?q=Nigeria%20purchasing%20power%20food&hl=en-NG&gl=NG&ceid=NG%3Aen,https://news.google.com/rss/articles/CBMickFVX3lxTE5CcVA3WER1RDVObHZCcUFtakR0SW9ZSldHUjJFQTNEVlI0MHRDeWlNd3BpdTZkQXFqYzlUbkVtWlZ3YmNneU13dXVCOTJtS1FidXN1T1ZXVC1JQ0pDSVhWZk91bVpXdEVBUzM4MEN5YUJCZw?oc=5,Understanding the rising cost of living,Understanding the rising cost of living - TheCable,"Tue, 18 Mar 2025 07:00:00 GMT",TheCable,www.thecable.ng,2025-03-18 07:00:00+00:00,2026-08-23 16:01:11.633939+00:00,understanding the rising cost of living,False,True,True,True
Nigeria staple food prices,https://news.google.com/rss/search?q=Nigeria%20staple%20food%20prices&hl=en-NG&gl=NG&ceid=NG%3Aen,https://news.google.com/rss/articles/CBMiggFBVV95cUxPTDA5bUtlNjV2U21ZZkVQTjBQV2ZhM1pLS1NoaGZmLXYydUFJR3FYNXVCaTl0TE53eWd2c0xoR3ZCSUhBVE84TUxZVHAyRERycVI5UnFwXy1VaHdOZW9kdEdtNXBJQXFMRmdRNWJ5aXRhRmZMNWJGUGtobkZIVFV1S3Zn0gGHAUFVX3lxTE9Va0stYldPSGVsMnhYQ2I0U1pFQVBxZ2hGd1M4UzhaeXRhNnJwSklLZWYxTFJFVEpuRmJ5blFvUWJwSk5EakdrT091MWliUjVaaGM1MF9fV3VoNWs0ZkhmUmhKei1UVzhkNU5fa3N6WjJwdnZXVkVGbi00c1I2cnB3R1l0WGJWQQ?oc=5,FULL LIST: Prices of food crash across Nigeria,FULL LIST: Prices of food crash across Nigeria - The Nation Newspaper,"Mon, 07 Apr 2025 07:00:00 GMT",The Nation Newspaper,thenationonlineng.net,2025-04-07 07:00:00+00:00,2026-08-23 16:01:11.633939+00:00,full list prices of food crash across nigeria,True,True,False,True
Nigeria rice prices,https://news.google.com/rss/search?q=Nigeria%20rice%20prices&hl=en-NG&gl=NG&ceid=NG%3Aen,https://news.google.com/rss/articles/CBMi4gFBVV95cUxOMzE5WVFyQnVzSERpakdzdllreWdzbUE0Q0hsZ3pmWmZqODdIcEhGX3BqVG0xYmZRVUsyNVVOMnVWY2NEd19WU3J5T2F4WnZLZTVyM3BFMXVZU09pTnJxeTBuSVAyeURnTGF4RGhSOHZsRDJRbWRuU1lvNzFJZC02RHJDU190S3E1YXAyUnlxM3JSc1RuWm8xUnBzTVhVUW5kNHcydDB2cnVvamF1WDlEMldocXhPZ3B1bGZSOTRyYm9LM1U2eE9uOW8xcFNtU3Z3RG4yY1J2MVNGZmZ5UVBzT053?oc=5,Nigerian rice prices plummet as supplies flood into regional markets,Nigerian rice prices plummet as supplies flood into regional markets - S&P Global,"Thu, 24 Apr 2025 07:00:00 GMT",S&P Global,www.spglobal.com,2025-04-24 07:00:00+00:00,2026-08-23 16:01:11.633939+00:00,nigerian rice prices plummet as supplies flood into regional markets,True,True,False,True
Nigeria rice prices,https://news.google.com/rss/search?q=Nigeria%20rice%20prices&hl=en-NG&gl=NG&ceid=NG%3Aen,https://news.google.com/rss/articles/CBMifEFVX3lxTE5VUlFRdFNabFFFRFlpSk5PZnE2SHJXODdjWDdPeV9acHhaZWdlYmZpRHN0bDNjd21mOVlhaF9JcGdyckUyUUU4RklUV1JkekZZRjJXT3M3YmNkLVlzTUhETTFLOVdaOGtqUnJoUk9IWWhkR19SSnZkZjNvTlg?oc=5,"50kg rice price dropped to N58,000 in Nigeria — Report","50kg rice price dropped to N58,000 in Nigeria — Report - Punch Newspapers","Mon, 28 Apr 2025 07:00:00 GMT",Punch Newspapers,punchng.com,2025-04-28 07:00:00+00:00,2026-08-23 16:01:11.633939+00:00,50kg rice price dropped to n58000 in nigeria report,True,True,False,True
Nigeria rice prices,https://news.google.com/rss/search?q=Nigeria%20rice%20prices&hl=en-NG&gl=NG&ceid=NG%3Aen,https://news.google.com/rss/articles/CBMifkFVX3lxTE5qci1OY3hKZ2tCSy1jMktXMVgxWVBURmxrdzluVGpOQ1hyT0hqVkJoeVpKbXpHMGhOblZWenZVc1RyRVNwc1kwX3gycGQ3dXlfRWl0b0tnYUZxMHhhREJZSGJ1MFpmWlNibExJeVVjM1ZpenVkdjZUYzZ5R21lZw?oc=5,Why is the price of rice dropping in Nigeria?,Why is the price of rice dropping in Nigeria? - The ICIR,"Tue, 29 Apr 2025 07:00:00 GMT",The ICIR,www.icirnigeria.org,2025-04-29 07:00:00+00:00,2026-08-23 16:01:11.633939+00:00,why is the price of rice dropping in nigeria,True,True,False,True
Nigeria rice prices,https://news.google.com/rss/search?q=Nigeria%20rice%20prices&hl=en-NG&gl=NG&ceid=NG%3Aen,https://news.google.com/rss/articles/CBMihwFBVV95cUxPY3gtMjRVS2I0cUplaC1FQkhjb0V3cmd6a2JkTGc5QmpxRzV3QkxyOWUzbktpOFhVU0dldFVhbUMzTk02WDl0MktDRDVmWWZROU9xNHktWmoxcTltZzR6UFFiOFdHb29lOFNXRXNsLUU1eWpjcFJtNWE2cUhXWExSOEFpeEI1TWM?oc=5,Nigeria Gains As Global Rice Prices Crash,Nigeria Gains As Global Rice Prices Crash - Channels Television,"Wed, 07 May 2025 07:00:00 GMT",Channels Television,www.channelstv.com,2025-05-07 07:00:00+00:00,2026-08-23 16:01:11.633939+00:00,nigeria gains as global rice prices crash,True,True,False,True
Nigeria rice prices,https://news.google.com/rss/search?q=Nigeria%20rice%20prices&hl=en-NG&gl=NG&ceid=NG%3Aen,https://news.google.com/rss/articles/CBMilwFBVV95cUxOaVBNS0FBXzgtTVkycmRIZnJCREYtdGNMUTQzT3JBZjFCY05XZDhaNU53RFJQdmxrRzJaYXpPUkNuMHBpZWFGd1pUX3BrQkJrT3g5MTlldEFaNV9nUEhRX01zWFRzTmdlZXhwOWRTOVVlMmJaVEczY3h5U0FJWkhicHZJTDJqTC1KM0p6VHQwVE1qZjdMZmw4?oc=5,"How insecurity, middlemen drive up rice prices, force mill shutdowns","How insecurity, middlemen drive up rice prices, force mill shutdowns - The Guardian Nigeria News","Wed, 07 May 2025 07:00:00 GMT",The Guardian Nigeria News,guardian.ng,2025-05-07 07:00:00+00:00,2026-08-23 16:01:11.633939+00:00,how insecurity middlemen drive up rice prices force mill shutdowns,True,True,False,True
Nigeria purchasing power food,https://news.google.com/rss/search?q=Nigeria%20purchasing%20power%20food&hl=en-NG&gl=NG&ceid=NG%3Aen,https://news.google.com/rss/articles/CBMiggFBVV95cUxPYkhDR0otdVZWRUlBbGVhZGdfM3ZQVlMtN0NyMHhoUVp1ZEJwRmk1V3pXRzVtSzc5TlVGYnZwUGMwQmpyLTl6STZGSlEzT0Y2M1hJMzNkUElWS21xMG1KTXBLS0hDQW81WWR5UUR5SzFkSHBIbDlGMFk2bFBOdTRmYmZ3?oc=5,High Prices Weakening Our Purchasing Power-Nigerians,High Prices Weakening Our Purchasing Power-Nigerians - The Whistler Newspaper,"Mon, 12 May 2025 07:00:00 GMT",The Whistler Newspaper,thewhistler.ng,2025-05-12 07:00:00+00:00,2026-08-23 16:01:11.633939+00:00,high prices weakening our purchasing powernigerians,True,True,True,True
Nigeria staple food prices,https://news.google.com/rss/search?q=Nigeria%20staple%20food%20prices&hl=en-NG&gl=NG&ceid=NG%3Aen,https://news.google.com/rss/articles/CBMijgFBVV95cUxQTTNjaEF6cFAwZ3ZGMGhGRFRuWWpPUjNoSWMtcDFrMWRZV214T05aQllFdHdvOUhia3BtSVlDZWQ2dW1mUmNaTHQ2MmNET0FBVExhdEh4WEF3UUExN001Z2E5d0p0bTBLcUZPU0RBM1E5OW96MmJsQmQ4NE13VWdQbnRITjQ2eHlUZnFBbVdn?oc=5,Rising Food Prices Deepen Nigeria’s Poverty Crisis,Rising Food Prices Deepen Nigeria’s Poverty Crisis - Human Rights Watch,"Thu, 15 May 2025 07:00:00 GMT",Human Rights Watch,www.hrw.org,2025-05-15 07:00:00+00:00,2026-08-23 16:01:11.633939+00:00,rising food prices deepen nigerias poverty crisis,True,True,True,True
Nigeria purchasing power food,https://news.google.com/rss/search?q=Nigeria%20purchasing%20power%20food&hl=en-NG&gl=NG&ceid=NG%3Aen,https://news.google.com/rss/articles/CBMivAFBVV95cUxPV05fWWZNb3Q5SUhFNHRhOE9tcHplSkNrcGE0ODJLYnhjQ3ZZc1ZQSjhsU1QxSjBPdWJGZldOa0NWcTUzV2ZycEZNTnh5V2dub2MxVENJNzlIU01sV1I1ai1tTElhRFhhdkhBUUM1eFQ0SDc0VEdxSnhibGUxR3BNNmtFZk5MMkdMRE5FR1BCUUd6Rkd6enR3QV9DN1Ryd0FQcm5nWkFCUXhVc2dKR2N5ZlR0OGxHM2Z2em42QQ?oc=5,"Cost of living crisis: Driven by desperation, low purchasing power, Nigerians turn to expired goods","Cost of living crisis: Driven by desperation, low purchasing power, Nigerians turn to expired goods - Daily Trust","Sat, 28 Jun 2025 07:00:00 GMT",Daily Trust,dailytrust.com,2025-06-28 07:00:00+00:00,2026-08-23 16:01:11.633939+00:00,cost of living crisis driven by desperation low purchasing power nigerians turn to expired goods,False,True,True,True
Nigeria rice prices,https://news.google.com/rss/search?q=Nigeria%20rice%20prices&hl=en-NG&gl=NG&ceid=NG%3Aen,https://news.google.com/rss/articles/CBMinwFBVV95cUxNMUVNcVRPTS1jdUJBXzhVNWtqWVdOOGE1cElBVm5pV3h6WUJCN1JrWi1xM2h0LUlVQ1M0MU1WN2FFbmZ0cm9jTFFfU0NKQ3YtZ3c5Z2FyRjgxT1FmR0VoMVdjYlNGVE15cm1rdjNPeVEwdUhnNmxRSzhCaC00eE4zUkpsSUdOc29aaTJOX2h0Umhrc2hPZ2ZGdGFOUUxPdGvSAaQBQVVfeXFMT0p1YmU0aXd3MFJ1bzBpUFRIZjZSbGwxNFpnVXoxeU45a2RUNTNFdkJJNjd1Y24xRmtBclBWT3Jld0Z6TzM1Zllfa3lSVEVlTmkyNEYwR1FhbUxweVFtOVJURGgxbWZsNnIxYWowdFRjQ0ZhdGQ0TWtrWm9NM0VObzFMUzJ1eWlyWUV6UFdZOUxxY0ZhdlBzZjZNbk1oZEZtTDQzWS0?oc=5,"Hard Times: Lamentations as rice price rises to N100, 000 again","Hard Times: Lamentations as rice price rises to N100, 000 again - Vanguard News","Sun, 27 Jul 2025 07:00:00 GMT",Vanguard News,www.vanguardngr.com,2025-07-27 07:00:00+00:00,2026-08-23 16:01:11.633939+00:00,hard times lamentations as rice price rises to n100 000 again,True,True,False,True
Nigeria purchasing power food,https://news.google.com/rss/search?q=Nigeria%20purchasing%20power%20food&hl=en-NG&gl=NG&ceid=NG%3Aen,https://news.google.com/rss/articles/CBMipwFBVV95cUxPWkc4Sm9lSUtjRnZ0bEpWRXBuNnVMck9rZjBYQjJPbU82dlVMaEVrTDd0ZkhXZHVTVlVDMXJua0pNalpNTG1HQmh1WXNRcnFDLUVCVnNUWmt3ZENxYnhzUjAyZEJsXzBmdjh3M1lHQktRZmptRm5BTGtNY0FEWmZmMHVuSzd5Skt4Y2syT1pjSUdMSWctZVJKSV9wT2VlWUdPUXQzNERwRQ?oc=5,Nigeria losing battle against hunger as food inflation persists,Nigeria losing battle against hunger as food inflation persists - Business News Nigeria,"Sun, 03 Aug 2025 07:00:00 GMT",Business News Nigeria,businessday.ng,2025-08-03 07:00:00+00:00,2026-08-23 16:01:11.633939+00:00,nigeria losing battle against hunger as food inflation persists,True,True,True,True
Nigeria staple food prices,https://news.google.com/rss/search?q=Nigeria%20staple%20food%20prices&hl=en-NG&gl=NG&ceid=NG%3Aen,https://news.google.com/rss/articles/CBMiiwFBVV95cUxNNjExN2haRDk3cFN1ZTlWVHpWVlVXa05FSGtFODdRVjN1c3MyaU1HSXNhTmV6OG1nbTRHMlFZS0NPN1RtNUhENUQ1TU1OTDE0OWFUQ05paHVraUY0ZWhRTDJuZ0FlbmNfbWRYR2dFci1YbWgyc3VXd2lYQnNJVXBXSDVxUmo5bURmVXc4?oc=5,"Food inflation persists in S’West, S’East as prices drop in North","Food inflation persists in S’West, S’East as prices drop in North - Punch Newspapers","Sun, 03 Aug 2025 07:00:00 GMT",Punch Newspapers,punchng.com,2025-08-03 07:00:00+00:00,2026-08-23 16:01:11.633939+00:00,food inflation persists in swest seast as prices drop in north,True,True,True,True
Nigeria rice prices,https://news.google.com/rss/search?q=Nigeria%20rice%20prices&hl=en-NG&gl=NG&ceid=NG%3Aen,https://news.google.com/rss/articles/CBMihwFBVV95cUxQdG04TWlyNldYZGZCUUh4WDBBMmlPNXRDbVdybWJCT2RlVGxuT0xoX2htNmppcEFTY1F1YUdHSjFKT0lYTC1yOEp5X2taLTdNbXVVVm0xRUF5V0Z1am9YbExHSnpZVUFlVEtxOHQ5bmFQWExKa1hNRmVSeXVMZHVkTjk0Vmp1ek0?oc=5,"Rice price hike: Blame middlemen, farmers tell Nigerians","Rice price hike: Blame middlemen, farmers tell Nigerians - The Guardian Nigeria News","Sun, 17 Aug 2025 07:00:00 GMT",The Guardian Nigeria News,guardian.ng,2025-08-17 07:00:00+00:00,2026-08-23 16:01:11.633939+00:00,rice price hike blame middlemen farmers tell nigerians,True,True,False,True
Nigeria staple food prices,https://news.google.com/rss/search?q=Nigeria%20staple%20food%20prices&hl=en-NG&gl=NG&ceid=NG%3Aen,https://news.google.com/rss/articles/CBMihAFBVV95cUxOWFh5NzAxbWRfekZ1ZWZjSUdZbVAxSVRIOHQ1NEdXQTBYMTc4WTZiV0phOWhPcEdzNy1ERm43RE9fWFc2S19TQXllQ2ZMUkl1ekZab3QxX0IxU1Z4azNsZFFnN3pmeUh2aS1FYWlyR3k5QWtrdGlXOU9fQWdCVTdRTVV6LWTSAYoBQVVfeXFMTWZXaU1HZXFQZFV2bFFrZ0dYRDEyTlA0a29NS2pDdV9oUHVjRWVaRk94QXJ0SG1Eb2c3TVB1eGlFRllobjN1YnBxU2FIQ2JMZjFLcG9za2Q3aDVTLUlYUjZCOGd3QTFfdy05YVhXQWNnalRSaldpZ29Gal9EdGRBOU82U0pULVliVTBB?oc=5,10 States in Nigeria with costliest food prices,10 States in Nigeria with costliest food prices - The Nation Newspaper,"Mon, 25 Aug 2025 07:00:00 GMT",The Nation Newspaper,thenationonlineng.net,2025-08-25 07:00:00+00:00,2026-08-23 16:01:11.633939+00:00,10 states in nigeria with costliest food prices,True,True,True,True
Nigeria food affordability,https://news.google.com/rss/search?q=Nigeria%20food%20affordability&hl=en-NG&gl=NG&ceid=NG%3Aen,https://news.google.com/rss/articles/CBMivwFBVV95cUxObUg4dVpUV1U2RFE1VXRfZnRDRkpCZG9ZSnZ2RWFDRXRwUzJvc0NzanR4dkZILTBST3lkUDdwb081TVlEdWVvVU5KZVIxNkZTLURFNmI4QmQyekxMVnFkbXk3ZjYwcnRnTjh5dVlJUDFQaXI1R3pSaVlPYjV3TC1pQ29JaGxYTG1uTGIyVE5ubnNKdEY5Ty1aaDRfMWNWLVJxRVBYaWNDd3lYeDBJZjNkYURuc2pnX0c5dGRaUmhOWQ?oc=5,Tinubu directs FEC committee to clear transport bottlenecks raising food prices,Tinubu directs FEC committee to clear transport bottlenecks raising food prices - The Guardian Nigeria News,"Wed, 10 Sep 2025 07:00:00 GMT",The Guardian Nigeria News,guardian.ng,2025-09-10 07:00:00+00:00,2026-08-23 16:01:11.633939+00:00,tinubu directs fec committee to clear transport bottlenecks raising food prices,True,True,True,True
Nigeria staple food prices,https://news.google.com/rss/search?q=Nigeria%20staple%20food%20prices&hl=en-NG&gl=NG&ceid=NG%3Aen,https://news.google.com/rss/articles/CBMijwFBVV95cUxPanlxUTB2YWhqVTVtYnFzNzVvVjJCc2h2dXEzUXFnQUZRWERRN2hFcDZkRmN4bmpUWUFwTEhvWG1RRkZsYlVBQmppcGlpcTRpTUhraXlibUMxa1F5ZTNBWTZKQ2pZdU5HOXROVERDb1VvT1hWbjBCMWtGYWlZUmpKeVN5Zjd5UjBPSXlpZnNEVQ?oc=5,"Food inflation slows to 21.87% as staple prices ease, says NBS","Food inflation slows to 21.87% as staple prices ease, says NBS - The Guardian Nigeria News","Mon, 15 Sep 2025 07:00:00 GMT",The Guardian Nigeria News,guardian.ng,2025-09-15 07:00:00+00:00,2026-08-23 16:01:11.633939+00:00,food inflation slows to 2187 as staple prices ease says nbs,True,True,True,True
Nigeria food affordability,https://news.google.com/rss/search?q=Nigeria%20food%20affordability&hl=en-NG&gl=NG&ceid=NG%3Aen,https://news.google.com/rss/articles/CBMiZEFVX3lxTE9NeDZnT25qVXN5Y3BqOTVXemlhb3ZTd2RfOENLR3E2d2s3bU91Nk5Nd2JybWxqLU50UmxSaHVVYWphWmlSdlFkbmRHeWpFRGZicWh3bW83YUFWUlRYd1pXU0FsLWo?oc=5,Why are food prices crashing in Nigeria?,Why are food prices crashing in Nigeria? - TRT Afrika,"Wed, 17 Sep 2025 02:01:01 GMT",TRT Afrika,www.trtafrika.com,2025-09-17 02:01:01+00:00,2026-08-23 16:01:11.633939+00:00,why are food prices crashing in nigeria,True,True,True,True
Nigeria staple food prices,https://news.google.com/rss/search?q=Nigeria%20staple%20food%20prices&hl=en-NG&gl=NG&ceid=NG%3Aen,https://news.google.com/rss/articles/CBMihwFBVV95cUxNcHNQZHF2VFEtOTFsbS1MQ3FKQnR2MDFseHRYaW5HaW13ZUZldk1zelJ5QTJxUDRRcWdjdHloT1owblAyN1ZvcU5xU2hQalE3Q29hNmtnVjg1Ui1pazBjM194RUZoUUdnSHJaTjVhTE0tZWxYWWlUN1RFbTVVT19sTms0dTZpX1k?oc=5,"Despite Tinubu’s Order, Food Prices Fluctuate Across States","Despite Tinubu’s Order, Food Prices Fluctuate Across States - LEADERSHIP Newspapers","Sat, 20 Sep 2025 01:55:44 GMT",LEADERSHIP Newspapers,leadership.ng,2025-09-20 01:55:44+00:00,2026-08-23 16:01:11.633939+00:00,despite tinubus order food prices fluctuate across states,True,True,True,True
Nigeria staple food prices,https://news.google.com/rss/search?q=Nigeria%20staple%20food%20prices&hl=en-NG&gl=NG&ceid=NG%3Aen,https://news.google.com/rss/articles/CBMigwFBVV95cUxNNGdsekdic0gxU2pvR01POWpoRU1PTlFwOXc5UmREdE9EM3JGdkkxc09BVXJyZjZ2Mkk2TkZHRll0SmVqMW4xRzJjS3M4ZjBSSVgwWEg0YW8tOVdjR191dmhFLXdaSVhMOGExMFdCSlZONFNjT213UjQ4Z2VPOWdMRHota9IBiAFBVV95cUxQWUNGNHcyd0VwMkxORnQ5UW15Y3VlMzZ5UFVweW1aVWw0VUdKZG55NEJfMXh4MnZ1eldTbjdQeFloZlVIaTZEdHZCNldXVnFQeGxzaEdJdW5XWktFR0Y0eXhTRlJBWHdEaXF6SXp4Z1BYUDdsNWJ0dGJKT3I3YktNTVE5NVFXbU5z?oc=5,Food prices decline amid erratic market trends,Food prices decline amid erratic market trends - The Nation Newspaper,"Mon, 22 Sep 2025 07:00:00 GMT",The Nation Newspaper,thenationonlineng.net,2025-09-22 07:00:00+00:00,2026-08-23 16:01:11.633939+00:00,food prices decline amid erratic market trends,True,True,True,True
Nigeria food affordability,https://news.google.com/rss/search?q=Nigeria%20food%20affordability&hl=en-NG&gl=NG&ceid=NG%3Aen,https://news.google.com/rss/articles/CBMigwFBVV95cUxPcUl6X29fcTQ0NFdYWE9NaHhqSVNiYURNeXdYVEdGblJERlJwTkI2emRTTWg2N3FlRnZNeG1HdmdUQ3N6YWxXeUhReHpGN2Jib1I5Z2F1MmdiaDk4X0JZUDZxa3l6V1VtZ3F3ZUxiMTlIMW82WE1VVm5TbkNuY2ZTVXNnSQ?oc=5,Experts Tackle Tinubu Over Order To Crash Food Prices,Experts Tackle Tinubu Over Order To Crash Food Prices - Independent Newspaper Nigeria,"Tue, 23 Sep 2025 07:00:00 GMT",Independent Newspaper Nigeria,independent.ng,2025-09-23 07:00:00+00:00,2026-08-23 16:01:11.633939+00:00,experts tackle tinubu over order to crash food prices,True,True,True,True
Nigeria staple food prices,https://news.google.com/rss/search?q=Nigeria%20staple%20food%20prices&hl=en-NG&gl=NG&ceid=NG%3Aen,https://news.google.com/rss/articles/CBMif0FVX3lxTE1FRmRyZ2lLOHktN3Jwek1iejU3NmtLbGtQOTB0LXRVNWpDSDI3VDhBTXJ2Y1Z0QmJ5Wnk2WVkyN2VJaTJ2N2tnTHAzWmNkYTBRYUdXbzFzakVyYTRHU1pjNENxRnFTTzUySkVBcGNqU0lpaEVicVRYakNDWEMwNnM?oc=5,How not to tackle lingering high food prices,How not to tackle lingering high food prices - The Guardian Nigeria News,"Sat, 04 Oct 2025 07:00:00 GMT",The Guardian Nigeria News,guardian.ng,2025-10-04 07:00:00+00:00,2026-08-23 16:01:11.633939+00:00,how not to tackle lingering high food prices,True,True,True,True
Nigeria rice prices,https://news.google.com/rss/search?q=Nigeria%20rice%20prices&hl=en-NG&gl=NG&ceid=NG%3Aen,https://news.google.com/rss/articles/CBMinwFBVV95cUxQZVJoWkpuQV9UWndnUW1zTURBSXVkaUNCZUZLVVZRM0JlWldWb1hhME5qOF9KRllMUVZJNWFyS2FCbmt5SWlxcXFtWU5sVGZ3aFVHTDBjbDVRaWwwQXI3a21UVXA1RlhWM2hGdmwzRlYtSHNTNlRuczJhZmVObnlKbEVvbzYxSWVlOGJ3UGpsTjR0V1NrS3lFTzE4MDRVek0?oc=5,"West African rice prices slump to one-year low amid weak demand, oversupply","West African rice prices slump to one-year low amid weak demand, oversupply - Milling Middle East & Africa","Sat, 04 Oct 2025 07:00:00 GMT",Milling Middle East & Africa,millingmea.com,2025-10-04 07:00:00+00:00,2026-08-23 16:01:11.633939+00:00,west african rice prices slump to oneyear low amid weak demand oversupply,True,True,False,True
Nigeria food affordability,https://news.google.com/rss/search?q=Nigeria%20food%20affordability&hl=en-NG&gl=NG&ceid=NG%3Aen,https://news.google.com/rss/articles/CBMioAFBVV95cUxQYXk4eV9hLUMtb1QxemZpVllqWVpFaEpzN2h4dzJCTC1vWjJGel9ITnhtUmlsbTl3SzI1REhzR3FlQVQyU0d1VkNSSEltRkFmMi1UaTRqaDc5SHBJT013MW5kemJMb3E2dFJ5NHVpRTYyemctWU03VW9pdUpRM0N4R01FckxWQ1plSWZtXzRldHdJR3dBWXluZW9uNEJIM1d0?oc=5,"Nigeria records higher food output, lower prices in 2025 – Report","Nigeria records higher food output, lower prices in 2025 – Report - Business News Nigeria","Tue, 07 Oct 2025 07:00:00 GMT",Business News Nigeria,businessday.ng,2025-10-07 07:00:00+00:00,2026-08-23 16:01:11.633939+00:00,nigeria records higher food output lower prices in 2025 report,True,True,False,True
Nigeria purchasing power food,https://news.google.com/rss/search?q=Nigeria%20purchasing%20power%20food&hl=en-NG&gl=NG&ceid=NG%3Aen,https://news.google.com/rss/articles/CBMipAFBVV95cUxOaTdIdlJldmwtV0hobHliOC11SWd0QWdDdTFkVTloaU5kcVZBWGpMbEpRVlpZVE00em43dnprb3NhZWdmTTZxU3M5MG83THZyd1ZOczZObVZmLUU1cDE4LVhoZ09mMHZ1ZGJFOXp0SFIzOXA3MTIzMlpoREVXa256Q0xoNHZBbUVDNDBiSkxDZXlZcFhGY3dsbnRRVXhMdlZVOS0tNQ?oc=5,"Nigeria’s economy growing but high food prices a burden, World Bank says","Nigeria’s economy growing but high food prices a burden, World Bank says - CNBC Africa","Wed, 08 Oct 2025 07:00:00 GMT",CNBC Africa,www.cnbcafrica.com,2025-10-08 07:00:00+00:00,2026-08-23 16:01:11.633939+00:00,nigerias economy growing but high food prices a burden world bank says,True,True,True,True
Nigeria food affordability,https://news.google.com/rss/search?q=Nigeria%20food%20affordability&hl=en-NG&gl=NG&ceid=NG%3Aen,https://news.google.com/rss/articles/CBMiswFBVV95cUxQZ3AyVHNoQ0Z2czk1RWdSalo2WGwxMEpKTjNXYnJiN3QtNW95b2otVE9TWkM1U0NzNDhzb1VqQWU3LW9LRldPWUNTT08zd2N5cWRXd1hJMFFjbmJjcmpwS1ZzZVVTLXl6ZWg4QVMzd2VPdVN0dmZuS3pISEpfNFJJOW1pWWFtX2xlTlo0eWh1VTZaa3NBS3BZZ2NWekNnOFNYLXJWU0Qzcm1HaHdyNnowV0xhWQ?oc=5,"Nigeria's economy growing but high food prices a burden, World Bank says","Nigeria's economy growing but high food prices a burden, World Bank says - Reuters","Wed, 08 Oct 2025 07:00:00 GMT",Reuters,www.reuters.com,2025-10-08 07:00:00+00:00,2026-08-23 16:01:11.633939+00:00,nigerias economy growing but high food prices a burden world bank says,True,True,True,True
Nigeria staple food prices,https://news.google.com/rss/search?q=Nigeria%20staple%20food%20prices&hl=en-NG&gl=NG&ceid=NG%3Aen,https://news.google.com/rss/articles/CBMiqgFBVV95cUxQVU9ZWTVuWXc5OFVkd2ZBMWhqX0N5dEQ0cVp2MmtMLWhjcXotMkdlVzJwakp1SUFnZFBwU0VrY3pOVzlZZmk2Y3NON3R4OTdHc3pjOVlOYkNtSTdZYWFiZ1B6OXBMTk5sTzNiZ2JrOUphNEdBTWl6QVFjWjVhM2RVVExzalF3Y2FfczBmRXJ4YUswRmJmUEk3WXpUZ1JvTDdQQ0FrcXVrdm5VUQ?oc=5,"Kyari Receives 2025 APS, Says Nigeria Records Higher Food Output, Lower Prices In 2025","Kyari Receives 2025 APS, Says Nigeria Records Higher Food Output, Lower Prices In 2025 - Federal Ministry of Information and National Orientation","Wed, 08 Oct 2025 07:00:00 GMT",Federal Ministry of Information and National Orientation,fmino.gov.ng,2025-10-08 07:00:00+00:00,2026-08-23 16:01:11.633939+00:00,kyari receives 2025 aps says nigeria records higher food output lower prices in 2025,True,True,False,True
Nigeria food affordability,https://news.google.com/rss/search?q=Nigeria%20food%20affordability&hl=en-NG&gl=NG&ceid=NG%3Aen,https://news.google.com/rss/articles/CBMiqgFBVV95cUxPRERndWsxTkY3elBqRVduWXdXd2VrMXhIX01YSGZvcTFLX1B6MEswU0JBNkNhV1I0WjZtb2ZULVNqSFZ1cllpWjJ1eVFCS2RmQUFTLXZ6XzhndEczXzhtQ3hZSlVidnl1WEdzdS0xMERFUzZjTk9SbUxOc1pKTWVpOTNQWGJQRFpTZGdaMV9RQ1k2S2ZMWERQb1dOUHU1SnVadHk5REo1aFB6dw?oc=5,Nigerian inflation slows to more than three-year low in September as food prices ease,Nigerian inflation slows to more than three-year low in September as food prices ease - Reuters,"Wed, 15 Oct 2025 07:00:00 GMT",Reuters,www.reuters.com,2025-10-15 07:00:00+00:00,2026-08-23 16:01:11.633939+00:00,nigerian inflation slows to more than threeyear low in september as food prices ease,True,True,True,True
Nigeria food affordability,https://news.google.com/rss/search?q=Nigeria%20food%20affordability&hl=en-NG&gl=NG&ceid=NG%3Aen,https://news.google.com/rss/articles/CBMiqAFBVV95cUxPeDlhRV9kR0ktcTc2UWVpaEpERlRucmYxNlNGUS0xWkdtN0RjeGNQNVdlM0hjaGRGb2g5WHZRRFBQZGRrZFJuc0R0dU9DXzV6ZEYxQ29QbGZhcDRvelltRnZJVEhuN0UzaFVKXzZnYXEyVnllNWlaWi1RR0JubU5Pd1Y2UjRPLU1lbXBVWUc3cTRod0phazAwYXdMZWExbVRfcEZpTXNmY0o?oc=5,The nexus of policy failure and input costs: A crisis of food security in Nigeria,The nexus of policy failure and input costs: A crisis of food security in Nigeria - TheCable,"Wed, 15 Oct 2025 07:00:00 GMT",TheCable,www.thecable.ng,2025-10-15 07:00:00+00:00,2026-08-23 16:01:11.633939+00:00,the nexus of policy failure and input costs a crisis of food security in nigeria,True,True,False,True
Nigeria food affordability,https://news.google.com/rss/search?q=Nigeria%20food%20affordability&hl=en-NG&gl=NG&ceid=NG%3Aen,https://news.google.com/rss/articles/CBMixgFBVV95cUxNbTdMcllkd05IUkFKSzV0b3N5VnVZM0JvQkxTQk1kY0t1QUxWVjhBbGRwR0dfcEo2QjE2eVRaNDJWMVVaT19EQS1rY2YwYWhPa1lleTM1ZF9xRDFST0ZZQ2tIWllRdzl2WHhLNjloa2ZhajFJWXlsN3FGYW9Bd0ZQQjhGZG1Cb3E4T2pNNHdNVjJRVHlFaDEySU1lWmxGMXRad0ZqNlVPOUJ6N1VXRGVVQnVfM2p3Zk44LTU0Mm42Z0lmTG91Q1E?oc=5,High food prices deepen Kano’s child malnutrition crisis,High food prices deepen Kano’s child malnutrition crisis - Premium Times Nigeria,"Wed, 15 Oct 2025 07:00:00 GMT",Premium Times Nigeria,www.premiumtimesng.com,2025-10-15 07:00:00+00:00,2026-08-23 16:01:11.633939+00:00,high food prices deepen kanos child malnutrition crisis,True,True,True,True
Nigeria food affordability,https://news.google.com/rss/search?q=Nigeria%20food%20affordability&hl=en-NG&gl=NG&ceid=NG%3Aen,https://news.google.com/rss/articles/CBMiqgFBVV95cUxNbDNmZ1RqUkcwb3owY0pjNm9EdXVYamVKUUJESmJGOC02TVNRYXhDNE1wN3NmdGM5RXZKcTJFQlhtMDB0UklaWUo3ZV9vU1lERVh1VFZzbW9iMlp0STZSNXp0MC14VVpYUG5UblZkeERwa01EQmFCckdxWXNEaVRfcmE1M2NFOU9VSUFoTG80T2xwV3FlbWVEN1NTdVFGMm5fMjRHalJnX0NxZw?oc=5,Agric Minister says Nigeria records food price drop as local production rises,Agric Minister says Nigeria records food price drop as local production rises - Tribune Online,"Thu, 16 Oct 2025 07:00:00 GMT",Tribune Online,tribuneonlineng.com,2025-10-16 07:00:00+00:00,2026-08-23 16:01:11.633939+00:00,agric minister says nigeria records food price drop as local production rises,True,True,False,True
Nigeria staple food prices,https://news.google.com/rss/search?q=Nigeria%20staple%20food%20prices&hl=en-NG&gl=NG&ceid=NG%3Aen,https://news.google.com/rss/articles/CBMinAFBVV95cUxOUVU4RmpJcFExb0doeS1LQlp1MWhEYWVOakFTQ2hDX1B2ZEh2TzVNRGZOSFBMamVqZm5Iakp2SFloNHdEX2NCMDRzUXU4bTVOTjI5aGVkdjVfOVE4bUdveHI4UGFfTlRJWU5XdlZkb1ZCd1h2czI0eW1GdDdBMGdnMWtIVDZHS1pJb3liVVU5MnB3THRXYm53Ymt6RTA?oc=5,"Inflation drop: Despite food prices reduction, purchasing power remain low","Inflation drop: Despite food prices reduction, purchasing power remain low - Daily Trust","Thu, 16 Oct 2025 07:00:00 GMT",Daily Trust,dailytrust.com,2025-10-16 07:00:00+00:00,2026-08-23 16:01:11.633939+00:00,inflation drop despite food prices reduction purchasing power remain low,True,True,True,True
Nigeria food affordability,https://news.google.com/rss/search?q=Nigeria%20food%20affordability&hl=en-NG&gl=NG&ceid=NG%3Aen,https://news.google.com/rss/articles/CBMiygFBVV95cUxNQ3JRSUhVQXJEdmQwTzNJZi1MYTZZNFNnTEVpS3RMaHlObjRjS1hHNTl0T2l0TWlUc0NPUzVVc21DQWZzYjVxdnNYVzZwUlYyY0hjb3ZnQmZZN1RpVXc0RG1vb2NIUUhsT1Bzd2VrZjJFZkJzQ25kT1RmUkdoVUp2U29Yc1cyTEluUk5Sb285UWMzc205ZzlTTlJGbDkwVG9aejQtb0o1bE1leU96Z21fWkhGTmV1RGNKOW1tejFBZ1dZT1czSzczQXFR?oc=5,"Sabi Abdullahi: Nigeria Is Tackling Food Prices Through Year-Round Farming, Mechanisation And Better Logistics","Sabi Abdullahi: Nigeria Is Tackling Food Prices Through Year-Round Farming, Mechanisation And Better Logistics - Arise News","Fri, 17 Oct 2025 07:00:00 GMT",Arise News,www.arise.tv,2025-10-17 07:00:00+00:00,2026-08-23 16:01:11.633939+00:00,sabi abdullahi nigeria is tackling food prices through yearround farming mechanisation and better logistics,True,True,True,True
Nigeria staple food prices,https://news.google.com/rss/search?q=Nigeria%20staple%20food%20prices&hl=en-NG&gl=NG&ceid=NG%3Aen,https://news.google.com/rss/articles/CBMickFVX3lxTE91R2RoQU5BbUFsdjBGNWpFQTJ2bEhpVjVpaHFVa1gwRGdvTEJKZ2hIbUJKZUw4YlZCSm40LTVQVHZBWFZqSjNIZXliWGVEamVzV3l6NjJLQWJSMFpZNFM5X0lQWWhlYlZSUGFCSjJSU3hUZw?oc=5,Why food prices are dropping,Why food prices are dropping - Business News Nigeria,"Mon, 20 Oct 2025 07:00:00 GMT",Business News Nigeria,businessday.ng,2025-10-20 07:00:00+00:00,2026-08-23 16:01:11.633939+00:00,why food prices are dropping,True,True,True,True
Nigeria purchasing power food,https://news.google.com/rss/search?q=Nigeria%20purchasing%20power%20food&hl=en-NG&gl=NG&ceid=NG%3Aen,https://news.google.com/rss/articles/CBMimAFBVV95cUxQWllaQkdPb25IVkJ1NFlTNkRrRkVZYmo1OVVSdzNMTWVsczhXcmVnMlA0TWFsay04VHhCNXJhelRlQWpOWHlJMFEzTFk0bHFselBNWVZIZ04zd0o1SnhPYlhGa3pxMFlQOTRoWU1vMlpqdlgyVGtEUmZ4ZjB0Ql9tOVFkMlhOREV2UkVFenQzcUNWSXAwUUlDU9IBngFBVV95cUxNTUVrc0RzX1p3azJzNHEtWnhtdUtVbkdGVTRBOFJWUTB1dVBvd1RwNXc2T3FEWWNzczFJSkhWbVNoeXBhZnZRRjdmSlJGcHlRMkMtWE1LdDJsM0dSWEE4MHN2QjRLZm9oU0FzNnhlb2t4RnF4a0g2YnBKRWVrZXVVcC1IWkJhUm85Y1lSam5MUmdYYndDRXota3NKVUdaZw?oc=5,EXPLAINER: Why food prices are dropping amid low purchasing power,EXPLAINER: Why food prices are dropping amid low purchasing power - Tribune Online,"Sat, 25 Oct 2025 07:00:00 GMT",Tribune Online,tribuneonlineng.com,2025-10-25 07:00:00+00:00,2026-08-23 16:10:01.931891+00:00,explainer why food prices are dropping amid low purchasing power,True,True,True,True
Nigeria rice prices,https://news.google.com/rss/search?q=Nigeria%20rice%20prices&hl=en-NG&gl=NG&ceid=NG%3Aen,https://news.google.com/rss/articles/CBMifkFVX3lxTE1sQ3pJV1dyVklodlJ6SUZObWR2dDFTVXZYVDhKMTJCSTZMUDhPRGNxb0xKbXNRZ3Z5cDgyWTBVa1lNck9ZdU50UDlOUjBodlFMRF96VDk0eERjYkJJamJJUDQ0cFB4ODNwTlR5dklWcnZTeWVwbHZJUWVqYUNXUQ?oc=5,Rice price crashes in Lagos markets as supply surges,Rice price crashes in Lagos markets as supply surges - Punch Newspapers,"Sun, 26 Oct 2025 07:00:00 GMT",Punch Newspapers,punchng.com,2025-10-26 07:00:00+00:00,2026-08-23 16:01:11.633939+00:00,rice price crashes in lagos markets as supply surges,True,True,False,True
Nigeria rice prices,https://news.google.com/rss/search?q=Nigeria%20rice%20prices&hl=en-NG&gl=NG&ceid=NG%3Aen,https://news.google.com/rss/articles/CBMingFBVV95cUxOb0Q0enhRZGhZWms4cm9jSDlTX1ZhYmtiQ2luY1RhTGk5ZlFxSGpzQmZkTlVwQU9lc3FScDdQUDU5TWxpajFKUVB2SFowdnMxbWpMdmdER3VIX05fVVd2UnByWWNBajYtbEFVd2pnM1VVQnFYbzdtRWJOLW1Jd2l0eTFiMGtUYzdSSk9LM3VZT2lWdFluTlJPdlZnYlFhd9IBowFBVV95cUxQT2NJdmplWFdlczNOemhZbWMybjkyU2p4N0FvQTdpRUR1cGNUSVdfcVROcDEwMlcyanpZVkZzSTBzenhhTmJ3WHJhS09nRmZPeW5NT01aR19mYzlfaFc1eURsdHd0SFhQVTZnU0o4MzUxOVFneHVsby1rU3ZKYThSTjBtdU52NVFGQTlaYlVtNG9TZ3ZqUF9iSkhJaVpReXNHZUZn?oc=5,Rice prices crash across Lagos markets amid increased supply,Rice prices crash across Lagos markets amid increased supply - Vanguard News,"Sun, 26 Oct 2025 07:00:00 GMT",Vanguard News,www.vanguardngr.com,2025-10-26 07:00:00+00:00,2026-08-23 16:01:11.633939+00:00,rice prices crash across lagos markets amid increased supply,True,True,False,True
Nigeria rice prices,https://news.google.com/rss/search?q=Nigeria%20rice%20prices&hl=en-NG&gl=NG&ceid=NG%3Aen,https://news.google.com/rss/articles/CBMicEFVX3lxTE9PR1BIRW1ZY2EwNGh4RjJRZkRiREVkcDJFc1A5eXJ4T1EyMng3QV80S216b3pkMWVpdDlPWkF0QTVITC1HMVcxbWd3ZjZOOEpKLVVCeGxHTVM5dHdQYVJMNGlyX2ozZHVsOUtrdE1wUmk?oc=5,Rice price crashes across Lagos markets,Rice price crashes across Lagos markets - Daily Trust,"Sun, 26 Oct 2025 07:00:00 GMT",Daily Trust,dailytrust.com,2025-10-26 07:00:00+00:00,2026-08-23 16:01:11.633939+00:00,rice price crashes across lagos markets,True,True,False,True
Nigeria rice prices,https://news.google.com/rss/search?q=Nigeria%20rice%20prices&hl=en-NG&gl=NG&ceid=NG%3Aen,https://news.google.com/rss/articles/CBMimgFBVV95cUxPQlRHVzhLTTQ5TmRSczBLcEM5aVRVVU1ZTTlvMld6WEVMMHVfVm1MVjJtcVFJT0h3angtNmp6ZXNnYjBONHRfNkhMV0lXLVdBWmRIUW40aElNWGdLamlDUVNSM24yNENJeUtFcGdIVkVLWWdIODJkbHQ5SjdGdkZNdDFVZ0ZKWEVfSG5uckhjOWlNajZrTXp5TTRB?oc=5,"Traders lament, consumers rejoice as rice prices crash in Lagos markets","Traders lament, consumers rejoice as rice prices crash in Lagos markets - Peoples Gazette Nigeria","Sun, 26 Oct 2025 07:00:00 GMT",Peoples Gazette Nigeria,gazettengr.com,2025-10-26 07:00:00+00:00,2026-08-23 16:01:11.633939+00:00,traders lament consumers rejoice as rice prices crash in lagos markets,True,True,False,True
Nigeria rice prices,https://news.google.com/rss/search?q=Nigeria%20rice%20prices&hl=en-NG&gl=NG&ceid=NG%3Aen,https://news.google.com/rss/articles/CBMijAFBVV95cUxPcXNvV3daTHRBWGtaemhkckZxSmhZcy1HR3E2bTlVbFJyMS1jWFNGa2EzM0lmNzJKQ25Xd04yYUZ3VTMxajdRd2NjT1RxeGpaQjdtck43NUlZbjRRTmNCOERUWndacGZRR29uT1E1YTZpYjE2dmNuTlFRcHZSa1hQejV5aUNRdGVZbkFFRA?oc=5,Traders lament as rice price drops in Lagos markets,Traders lament as rice price drops in Lagos markets - Daily Post Nigeria,"Mon, 27 Oct 2025 07:00:00 GMT",Daily Post Nigeria,dailypost.ng,2025-10-27 07:00:00+00:00,2026-08-23 16:01:11.633939+00:00,traders lament as rice price drops in lagos markets,True,True,False,True
Nigeria rice prices,https://news.google.com/rss/search?q=Nigeria%20rice%20prices&hl=en-NG&gl=NG&ceid=NG%3Aen,https://news.google.com/rss/articles/CBMiowFBVV95cUxORlQ2YXNsU3lFVXpWYnVodGgwaTFxYnliTlJrd21XSmt5TFBqSnZOVWF3ZVdwem1PYkw0UlFXejVFc3kydU45d3haVGtHZVNjcllJV3NWbmwydmFRVTZkdURMZlFtMTMzU1FuS0ZLLU4ta0swWFRkdXIteGt0ZWRBSVhvbmdYZzVIcFJ3ZVpJNHJNUko3enBGS3dzenFZX3hCTE9Z?oc=5,"Rice Prices Drop in Lagos Markets as Imports Surge, Traders Count Losses -","Rice Prices Drop in Lagos Markets as Imports Surge, Traders Count Losses - - MSME Africa","Mon, 27 Oct 2025 07:00:00 GMT",MSME Africa,msmeafricaonline.com,2025-10-27 07:00:00+00:00,2026-08-23 16:01:11.633939+00:00,rice prices drop in lagos markets as imports surge traders count losses,True,True,False,True
Nigeria rice prices,https://news.google.com/rss/search?q=Nigeria%20rice%20prices&hl=en-NG&gl=NG&ceid=NG%3Aen,https://news.google.com/rss/articles/CBMiekFVX3lxTE9PVm9Ma2R6QzJSX3N5R3Qxcnd0TzVHMEM5Q2w2Y1c0SjBIUkRoSGMyc2lNZWhaRGw1N1h0VXpmY0R1ZlhrcEJJZlpweDJoMmRSMFFJaGVrbkZqQ0JoM0c1REU5aVQ1UmlLcW9ub1Z2aVhtOTVLREJHeE5n0gF_QVVfeXFMTXhqREEtRFpLZ01ZYkQ2TEdqLVp6TU1wak9oWGRmMFhQejdmaXZvaXpvc0tSR3Y2RmZYNjVKcHNzTzIycDhST05WT1VMXzVWZUhxXzJja3gzTjZlRTZpNmlvdUtlMFZ2SjI2a085Qk9pX1htaU1FOTRicEh1bWV4VQ?oc=5,Rice price crashes across Lagos markets,Rice price crashes across Lagos markets - The Nation Newspaper,"Mon, 27 Oct 2025 07:00:00 GMT",The Nation Newspaper,thenationonlineng.net,2025-10-27 07:00:00+00:00,2026-08-23 16:01:11.633939+00:00,rice price crashes across lagos markets,True,True,False,True
Nigeria rice prices,https://news.google.com/rss/search?q=Nigeria%20rice%20prices&hl=en-NG&gl=NG&ceid=NG%3Aen,https://news.google.com/rss/articles/CBMic0FVX3lxTFB0RW9ZaXpzYVFnQXFhUVYxdlBUeHd5MlU0Y1ptc0RjX2RuTXNSRlgzNXNiNDBDZTBsczYxWHlwaGxiQzRvOXNGcnZJdmJrb2dlMnVYRW5ZRzNXdjd3VXBfTHNXeE5tcnUwRGU1ckxncGxVeDg?oc=5,Why Rice Prices Are Suddenly Falling And What It Means for Nigerians,Why Rice Prices Are Suddenly Falling And What It Means for Nigerians - Zikoko!,"Mon, 27 Oct 2025 07:00:00 GMT",Zikoko!,www.zikoko.com,2025-10-27 07:00:00+00:00,2026-08-23 16:01:11.633939+00:00,why rice prices are suddenly falling and what it means for nigerians,True,True,False,True
Nigeria staple food prices,https://news.google.com/rss/search?q=Nigeria%20staple%20food%20prices&hl=en-NG&gl=NG&ceid=NG%3Aen,https://news.google.com/rss/articles/CBMiqwFBVV95cUxPTWkxTnA0ZUY1VkdBMDYtQzctbkFMRFFnWkFVX1FKVDdDWl9kNjJ6ajFwdmNxNkxQUVBWVUJ4UVcxcXg3elJQVVlCRjV4SVhBZy11TDBuYVI3S21mWDB3OVJPOFNQeHVKVVo5ZllsYkJFSkUxcEZQQk9XNnY4RlFPaldhamdZa2I3RWF4YjhNdEFaYVdhRTc2aWh3b2ZfMWtlUFBUY19oNlVTeG8?oc=5,"Kyari: FG Targeting Cheaper Farm Inputs, Community Silos To Sustain Drop In Food Prices","Kyari: FG Targeting Cheaper Farm Inputs, Community Silos To Sustain Drop In Food Prices - Arise News","Tue, 28 Oct 2025 07:00:00 GMT",Arise News,www.arise.tv,2025-10-28 07:00:00+00:00,2026-08-23 16:01:11.633939+00:00,kyari fg targeting cheaper farm inputs community silos to sustain drop in food prices,True,True,True,True
Nigeria staple food prices,https://news.google.com/rss/search?q=Nigeria%20staple%20food%20prices&hl=en-NG&gl=NG&ceid=NG%3Aen,https://news.google.com/rss/articles/CBMiwwFBVV95cUxOVG0yd1JOd0U4eU14ZzE3X0FzSU8ycGh4amxVbUJtb2dNN2ZRLWFBeFZxbW0wb3hKdEtMdzA3LWRmbGl4R0owb3JEMmQ2V25oWUZ4N3Q4Zy01MF9tUFl3S0ZLSlA5bjBHbE1ERndfTnpnVWpfb0lLV3VuR1BySXc0eUI0TFdQRjQzZTdaemo2eGZMNjVuNm5sZF9zdXpBTTRVM2JHQWhfUVMybXNZXzFoeExUc1p6ZFlOVG12alNkUWVFVEE?oc=5,"Kyari: FG Targeting Cheaper Farm Inputs, Community Silos to Sustain Drop in Food Prices","Kyari: FG Targeting Cheaper Farm Inputs, Community Silos to Sustain Drop in Food Prices - THISDAYLIVE","Tue, 28 Oct 2025 07:00:00 GMT",THISDAYLIVE,www.thisdaylive.com,2025-10-28 07:00:00+00:00,2026-08-23 16:01:11.633939+00:00,kyari fg targeting cheaper farm inputs community silos to sustain drop in food prices,True,True,True,True
Nigeria rice prices,https://news.google.com/rss/search?q=Nigeria%20rice%20prices&hl=en-NG&gl=NG&ceid=NG%3Aen,https://news.google.com/rss/articles/CBMiugFBVV95cUxNaU1oZml2YjBUSUw2TVV4TU5GT3lVVXUzRFY1RUMxaU9Cd1drSkZpYmVQR0VielByNXh0R0tiRlZJMXQxaEt0Q2h5cGhyX3NBVDMyQi0xd2hzRXAxSS1OdFBCNENocU5xa3EyOWt0cy1WWXI4RGNSRkloUktCZ24wNTY1bTZ0WjAzVWtKdDcxajg1MDZ5NThNNnUyb0VjdllVdmwzLW8zS3pWT1A0Ml9sdHRvU1pCZ0xZYmc?oc=5,"Economists explain why rice price drop sparks mixed reactions among Nigerians, traders ​","Economists explain why rice price drop sparks mixed reactions among Nigerians, traders ​ - Daily Post Nigeria","Tue, 28 Oct 2025 07:00:00 GMT",Daily Post Nigeria,dailypost.ng,2025-10-28 07:00:00+00:00,2026-08-23 16:01:11.633939+00:00,economists explain why rice price drop sparks mixed reactions among nigerians traders,True,True,False,True
Nigeria food affordability,https://news.google.com/rss/search?q=Nigeria%20food%20affordability&hl=en-NG&gl=NG&ceid=NG%3Aen,https://news.google.com/rss/articles/CBMigAFBVV95cUxOSFJ1QjM0VnZDR1pRMTNSNnNfMzFHZUFabU5CdTVuOEtsTmFValhoZ2tXT0RwZ3RDaW9YSXA2WktiVk5JQzBvay1ibnJONWRmMWlHSXNabWRocklScGVpbWJnVlVNMEZ1VnQ2QzZOLWVVdDh6TVdRSVN0SHFtTGU1Wg?oc=5,Nigerian farmers complain about falling food prices,Nigerian farmers complain about falling food prices - Peoples Gazette Nigeria,"Wed, 29 Oct 2025 07:00:00 GMT",Peoples Gazette Nigeria,gazettengr.com,2025-10-29 07:00:00+00:00,2026-08-23 16:01:11.633939+00:00,nigerian farmers complain about falling food prices,True,True,True,True
Nigeria staple food prices,https://news.google.com/rss/search?q=Nigeria%20staple%20food%20prices&hl=en-NG&gl=NG&ceid=NG%3Aen,https://news.google.com/rss/articles/CBMiogFBVV95cUxOSVdNalowRHRrdGN4SVFzaUllQzBCNDRsa1l6VkpkSVRTc3psYkxteDBya2pack01dU1UQU93WWw5LVdsclNfbTdJVlB5Mk5IdkRwM1doNkdCSFJIdUx1aExmVVBEdTBmSXBOTGY3dk1hSHpNTGpkLW9BYi1PUTJfeEV3N1BzbG4xRDFiY2J3T2ZQTjYxRU51MDRTcVFaM1JXTmc?oc=5,Food prices drop slightly in Abuja but still high for residents,Food prices drop slightly in Abuja but still high for residents - Business News Nigeria,"Wed, 29 Oct 2025 07:00:00 GMT",Business News Nigeria,businessday.ng,2025-10-29 07:00:00+00:00,2026-08-23 16:01:11.633939+00:00,food prices drop slightly in abuja but still high for residents,True,True,True,True
Nigeria staple food prices,https://news.google.com/rss/search?q=Nigeria%20staple%20food%20prices&hl=en-NG&gl=NG&ceid=NG%3Aen,https://news.google.com/rss/articles/CBMilgFBVV95cUxPRHdWVm5fSllfNno2bGxlNU5VR1ppMmY3clFyVi1seGdXbE9PbFppMjRESzhpLW1JdEctZVBGdmhDeTVXNndlZzRUZlE4S2hDMmVBZEZUUDFiVnd1WV9sTmJNcjJzSjJyT21SR2h1LW1tNlZVTExDOTVKSUI0WWRMNkJlRGNsdkFwWnl2THRZZWFCa1BleVHSAZsBQVVfeXFMUFVMRHFadkpOR2VNbUhuc3VtVk1mT2R2YjYyNnFIX3VDd0JQNVFHRVVFeEI5elJRdnBneW4wMEx1MjNoclNlZVo5VVpobzV5ME1oSEFEODVCWjJ3WUtGakFyTkRsZkdnYXVvNjkzc1RkQ2lHc0NRV0hUbkRJZzZtbDZQMlhyMDBYQWRwS29HV0tnQ19UOTBSai1sSlU?oc=5,Over 34 million Nigerians at risk of food crisis by mid-2026,Over 34 million Nigerians at risk of food crisis by mid-2026 - The Nation Newspaper,"Fri, 31 Oct 2025 07:00:00 GMT",The Nation Newspaper,thenationonlineng.net,2025-10-31 07:00:00+00:00,2026-08-23 16:01:11.633939+00:00,over 34 million nigerians at risk of food crisis by mid2026,True,False,True,True
Nigeria rice prices,https://news.google.com/rss/search?q=Nigeria%20rice%20prices&hl=en-NG&gl=NG&ceid=NG%3Aen,https://news.google.com/rss/articles/CBMid0FVX3lxTE0yZnJiSW5KUVVjcWdVMnllM0RNMzdwQ1k1cTJpVTZEekN3cTU0bEw3U1ZTbkRCdkhuZm9zNHZ5Q2Fpb1NZRkZDMW55c21MdEZ1VjlicG11TWZNX1VnWjB3ZldHWlpLSlItbXd6Q2N1YmFDMWZ4THhJ?oc=5,Rice: Nigeria’s Staple On Price Roller Coaster,Rice: Nigeria’s Staple On Price Roller Coaster - Independent Newspaper Nigeria,"Mon, 03 Nov 2025 08:00:00 GMT",Independent Newspaper Nigeria,independent.ng,2025-11-03 08:00:00+00:00,2026-08-23 16:01:11.633939+00:00,rice nigerias staple on price roller coaster,True,True,False,True
Nigeria rice prices,https://news.google.com/rss/search?q=Nigeria%20rice%20prices&hl=en-NG&gl=NG&ceid=NG%3Aen,https://news.google.com/rss/articles/CBMilgFBVV95cUxNZFp6ZVpEM2xjaG00WkJYNmZndC00bDV2TmVZOEtTT0o1X25RR3lic0dtYllWU05ISXVfaDZVT2pnWlNiOHFKX1pncjYtSHhYYjg3dVJKZ3hjZ3hBOWlzRVZKeVpKdmlTa2t4dkl2dkJESm9tYlR0cERiZzJpTTJITDMyaGQ4bzVFenFONmo4cV81OVJkMXc?oc=5,Food price drop offers rare relief for families,Food price drop offers rare relief for families - Business News Nigeria,"Tue, 04 Nov 2025 08:00:00 GMT",Business News Nigeria,businessday.ng,2025-11-04 08:00:00+00:00,2026-08-23 16:01:11.633939+00:00,food price drop offers rare relief for families,True,True,False,True
Nigeria staple food prices,https://news.google.com/rss/search?q=Nigeria%20staple%20food%20prices&hl=en-NG&gl=NG&ceid=NG%3Aen,https://news.google.com/rss/articles/CBMigAFBVV95cUxNbmt2MmdSUGN4VURmRkhDVnNoQmFmT0kxRW9qUnZ3NUdEMGxFUVVYa3YyaFh5LXFjckxwaFhRdlpYb2VWV3ItZ1R5eWdpdVZtYy1QMGVQSEo2YVoyYndCc252U3FlcWhvMWtJWjg0VW1tUWl0RGZUc2RiYWNDVEV3QdIBhgFBVV95cUxOVUZsemtsei1mT0s4dFJEcVpReXI1dmdnTGtmS3pNY3REZGZpV3B0TmdydWI4RmF1VDRCNGRTRFgyX2dZY0tUaEU3NHNqZVRqb0psVnhOeHdISmM5WXo1ZGdZSE1PZXZPR3hQNzZ2eVVGVEdaWTVJdDlyQ3ZCV2RSM0JUcTBkUQ?oc=5,FG vows to sustain drop in food prices,FG vows to sustain drop in food prices - Vanguard News,"Thu, 06 Nov 2025 08:00:00 GMT",Vanguard News,www.vanguardngr.com,2025-11-06 08:00:00+00:00,2026-08-23 16:01:11.633939+00:00,fg vows to sustain drop in food prices,True,True,True,True
Nigeria staple food prices,https://news.google.com/rss/search?q=Nigeria%20staple%20food%20prices&hl=en-NG&gl=NG&ceid=NG%3Aen,https://news.google.com/rss/articles/CBMirwFBVV95cUxNc3hYZjJxN3JfNFNyLU4zRldvLXQtemFYSmVKTFlKZmtPNzFDV3VWWlpUM3hWSktrSWVlazFkSG81YzVPSUJ2cVFYRldkN09oTUZPVGd6YUdfR3FLRHdNUWtGcWxGclVMd3FPcHIwaktPejdNRm9TWGt2dWNWaUZDdnYtU2N1cFktNm9EbHZVNF9xZllLZ2lNUDk1bGI4eTd1UjVyYTNhOUVjSW41SEFR?oc=5,How FCT residents are struggling with low purchasing power despite drop in food prices,How FCT residents are struggling with low purchasing power despite drop in food prices - Daily Trust,"Sun, 09 Nov 2025 08:00:00 GMT",Daily Trust,dailytrust.com,2025-11-09 08:00:00+00:00,2026-08-23 16:01:11.633939+00:00,how fct residents are struggling with low purchasing power despite drop in food prices,True,True,True,True
Nigeria purchasing power food,https://news.google.com/rss/search?q=Nigeria%20purchasing%20power%20food&hl=en-NG&gl=NG&ceid=NG%3Aen,https://news.google.com/rss/articles/CBMiogFBVV95cUxNb3YyNWhrY29EMjZ6VXRRdXhfekQ3VzRJVWZxWHhrcDVaREh6ZDJzMzBSUUhGZnRxVHBsWGJNOXlldjRIRTlIa2MwZExKTzhtOEU4bTJwZG0tSVhCU19pbWxBZmo5NXc1d092a1M1dFd5eVlldzBPTUhBRF9ERndoM08zZXhGM2Y0NVNQVFN0OW8zSFV3Z1RFaWtRZXkyM2QyeVE?oc=5,Food prices fall as Abuja residents battle low purchasing power,Food prices fall as Abuja residents battle low purchasing power - Nairametrics,"Mon, 10 Nov 2025 08:00:00 GMT",Nairametrics,nairametrics.com,2025-11-10 08:00:00+00:00,2026-08-23 16:01:11.633939+00:00,food prices fall as abuja residents battle low purchasing power,True,True,True,True
Nigeria rice prices,https://news.google.com/rss/search?q=Nigeria%20rice%20prices&hl=en-NG&gl=NG&ceid=NG%3Aen,https://news.google.com/rss/articles/CBMiqwFBVV95cUxOQU9lRmRWejg2TkJ6TERMR09CbXNKTl96NEpPV0xtbllVcmp1R2JUZXlCN040YThXV0FsQ0FKWWpxQjBGWDlQaU9ZODhrRk9jeTJTMHlyZDdXenhZUTFVTHpJSnpLRl9BNF9tTHZOZTZvWU9ZMUZRMTRoSzk4ZlJLSkVtQUZGOHRQTi1taGR2UVJJcWNyajFDUmFHZWVDcFU1Qkp5c0RVWFJ4aUk?oc=5,"Nigerian rice prices fall by 32% due to oversupply, weakening supplier margins: Platts","Nigerian rice prices fall by 32% due to oversupply, weakening supplier margins: Platts - Milling Middle East & Africa","Mon, 10 Nov 2025 08:00:00 GMT",Milling Middle East & Africa,millingmea.com,2025-11-10 08:00:00+00:00,2026-08-23 16:01:11.633939+00:00,nigerian rice prices fall by 32 due to oversupply weakening supplier margins platts,True,True,False,True
Nigeria rice prices,https://news.google.com/rss/search?q=Nigeria%20rice%20prices&hl=en-NG&gl=NG&ceid=NG%3Aen,https://news.google.com/rss/articles/CBMingFBVV95cUxQZG5Id29yakhJMFJVTUYyUEcwTXVkcWNCMTVYS2hrdVJlZlA5amhEV29tMHVGcTVpS0dkV2dObTZLSE96Y2JYNlI1dzhtUnBXakhqbXNxWERRNDlYcE45bDJyVmVGdmpKb1pCeWM1RFh1ZGJOdm1NMFBEZTlEZEdtTS00LWJvTVZBSk9QNmwtYW5oUUpsVDJ3Y0FMcjJtQQ?oc=5,How drop in food prices can further benefit Nigerians,How drop in food prices can further benefit Nigerians - Business News Nigeria,"Mon, 10 Nov 2025 08:00:00 GMT",Business News Nigeria,businessday.ng,2025-11-10 08:00:00+00:00,2026-08-23 16:01:11.633939+00:00,how drop in food prices can further benefit nigerians,True,True,True,True
Nigeria food affordability,https://news.google.com/rss/search?q=Nigeria%20food%20affordability&hl=en-NG&gl=NG&ceid=NG%3Aen,https://news.google.com/rss/articles/CBMiW0FVX3lxTFA4cjlRTGNlVGFPVmRoYWNUV0wxcW1xX2xWRXFXbGN0RU9nSVVuVzh0enFLeXFfeGQ4eDdZYTN3UXB0YXBnc3pLQjNwTFA5SGxINGdCclphTUVHVms?oc=5,Sustaining the recent drop in Nigeria food prices,Sustaining the recent drop in Nigeria food prices - Punch Newspapers,"Wed, 12 Nov 2025 08:00:00 GMT",Punch Newspapers,punchng.com,2025-11-12 08:00:00+00:00,2026-08-23 16:01:11.633939+00:00,sustaining the recent drop in nigeria food prices,True,True,True,True
Nigeria staple food prices,https://news.google.com/rss/search?q=Nigeria%20staple%20food%20prices&hl=en-NG&gl=NG&ceid=NG%3Aen,https://news.google.com/rss/articles/CBMinAFBVV95cUxQT3lPb0JVUDlCRnZiSkRNRks4c3ZCek85V2NBNXhfLWxybExjbDBPODd3X05BZjBCWEViQ0l2TzZNa3BJVkl4YldqaWxEd1M4X05uV0ZrbTFHOUxJT1hfTl80Zm5CbkZMOUhKaWRIanlaLU95aWREcDZGa1kzN0tMWnZGWUlBbW15THcxaTRnZmE2UFpLeWQ5RHg5N00?oc=5,"Sellers, buyers joyous as food prices drop in Benue, Abia, Imo, Borno, others","Sellers, buyers joyous as food prices drop in Benue, Abia, Imo, Borno, others - Peoples Gazette Nigeria","Sun, 16 Nov 2025 08:00:00 GMT",Peoples Gazette Nigeria,gazettengr.com,2025-11-16 08:00:00+00:00,2026-08-23 16:01:11.633939+00:00,sellers buyers joyous as food prices drop in benue abia imo borno others,True,True,True,True
Nigeria rice prices,https://news.google.com/rss/search?q=Nigeria%20rice%20prices&hl=en-NG&gl=NG&ceid=NG%3Aen,https://news.google.com/rss/articles/CBMioAFBVV95cUxONGM4c3cza2tDTXo1Z0d1bGs2NmJEd3J5OC1kZGNhT3hLRjcwVkxLM0x2cXVERzl5MVJRMHoyWHlCVS1VX1BSQnU5c2JCTDE0dFF1YXl4aVF1V2ZpSTdZRnc5Z0ZEVGE5ZGpzLXktWlJYa2RUWkFQVkp2RWpSMjFSY1ZtUk8tR25NcXEwOVcxc1JieEZ3X1dlcEhIaS1ZQmhw?oc=5,"Nigeria’s inflation eases to 16.05% in October as garri, rice prices drop","Nigeria’s inflation eases to 16.05% in October as garri, rice prices drop - The ICIR","Mon, 17 Nov 2025 08:00:00 GMT",The ICIR,www.icirnigeria.org,2025-11-17 08:00:00+00:00,2026-08-23 16:01:11.633939+00:00,nigerias inflation eases to 1605 in october as garri rice prices drop,True,True,False,True
Nigeria staple food prices,https://news.google.com/rss/search?q=Nigeria%20staple%20food%20prices&hl=en-NG&gl=NG&ceid=NG%3Aen,https://news.google.com/rss/articles/CBMimwFBVV95cUxOS3Q4ZXlzeDdiY0dLYUxsNTNkdTEzSGpBWDBNUG9WQzdiVnB5R1g1aGpJdnRXOW8zQ0lBMXNDQ1lkZk1RMUdRSERrWDVLRTM5Y1l4YTVYUGczeTlTaVlrMlU5b2RCZ01yVXRxWmtnWjVZU0tfT3lETm9tWkZkd1NlTW5VMHJTSlM0THN4WjBvNVpiaTYxNkdLVDZFdw?oc=5,"Drop in prices of staple foods excites traders in Ondo, Osun, Ekiti","Drop in prices of staple foods excites traders in Ondo, Osun, Ekiti - Realnews Magazine","Mon, 17 Nov 2025 08:00:00 GMT",Realnews Magazine,realnewsmagazine.net,2025-11-17 08:00:00+00:00,2026-08-23 16:01:11.633939+00:00,drop in prices of staple foods excites traders in ondo osun ekiti,True,True,False,True
Nigeria rice prices,https://news.google.com/rss/search?q=Nigeria%20rice%20prices&hl=en-NG&gl=NG&ceid=NG%3Aen,https://news.google.com/rss/articles/CBMirwFBVV95cUxOZ3lKV25kVVRIcTR5ekJJQ3NKSHdKbGpKSlR2MUFGc3IzMjB6dnlCN3JOTDZUM0xFRUljNTd5akdKTUNuMnBtTHJmQlFzY3FJSGp3NlFVU2tJWFBnaGIzV01rNkdGVEV6VEZIRXhmWTd4VTRqX0hMQlB1QkhNUjcxTFh1TjQtVmEtYXItamJnZVVmMlRIREdDc3VhNjdJcE84NlVkZ2ItY0ZRNThWTnVV?oc=5,"Imo, Abia traders speak on drop in price of food items","Imo, Abia traders speak on drop in price of food items - Premium Times Nigeria","Mon, 17 Nov 2025 08:00:00 GMT",Premium Times Nigeria,www.premiumtimesng.com,2025-11-17 08:00:00+00:00,2026-08-23 16:01:11.633939+00:00,imo abia traders speak on drop in price of food items,True,True,False,True
Nigeria rice prices,https://news.google.com/rss/search?q=Nigeria%20rice%20prices&hl=en-NG&gl=NG&ceid=NG%3Aen,https://news.google.com/rss/articles/CBMiowFBVV95cUxNbXgwMVFmcFFPOU1NZDJrUmZ1a2wxNVRIbkM5MEo2RnZSQ2xOSHpDeEQtVXNybV9HQ1N0VURWd2JqXzFaNmtCdV9meVNmYUFtc3dKRmhQZ25WM1hQTnNVUFEwTDFnMlFyMlBCNndGbkdidG1HbGVsVzlTbDJFYi1uZEhacy1ZTUg4RDVoYlEwc08xejFEZXZTaDdkYnlTek5uajBJ?oc=5,"Declining food prices, firmer naira pull inflation to 15% national target","Declining food prices, firmer naira pull inflation to 15% national target - The Guardian Nigeria News","Tue, 18 Nov 2025 08:00:00 GMT",The Guardian Nigeria News,guardian.ng,2025-11-18 08:00:00+00:00,2026-08-23 16:01:11.633939+00:00,declining food prices firmer naira pull inflation to 15 national target,True,True,True,True
Nigeria staple food prices,https://news.google.com/rss/search?q=Nigeria%20staple%20food%20prices&hl=en-NG&gl=NG&ceid=NG%3Aen,https://news.google.com/rss/articles/CBMilAFBVV95cUxPVzhTbEFSR2RiaFdHNVFKZ2Q4NkwtZGdaNl9ES3JKTUs0Nm1vNGNNc1pxeDRndy1ZVEdVUDBqblZYZllpdTN3eFdqakk0SmN0U2U3dDVXM0JMaWcySVZaY0tpLVppSEpVVXJZZmJGRGs1NjA3bi0ydVdJZnNWRU55dWtOVEJKMF9Wd2hOMGhoaVR5Sk9P?oc=5,Consumers Lament As Food Vendors Ignore Recent Drop In Food Prices,Consumers Lament As Food Vendors Ignore Recent Drop In Food Prices - Independent Newspaper Nigeria,"Mon, 24 Nov 2025 08:00:00 GMT",Independent Newspaper Nigeria,independent.ng,2025-11-24 08:00:00+00:00,2026-08-23 16:01:11.633939+00:00,consumers lament as food vendors ignore recent drop in food prices,True,True,True,True
Nigeria food affordability,https://news.google.com/rss/search?q=Nigeria%20food%20affordability&hl=en-NG&gl=NG&ceid=NG%3Aen,https://news.google.com/rss/articles/CBMi9AFBVV95cUxPU3ZFTzA4aFFNYUtHTlJVQzlscklQWkRubVVNd1NvOWIxQ3MwM2RmVlE3T3VOZWZBUHFYXzU1LXRILVZqdUFUMGhXN1d1X2ppWW5xaFUtWlh2UGh0REtIYmdxVHFXdzM0TUpZcG9JT3dldGhWcU85dzdsLVd2dmdOR2lJcjBvWHJNYUtMVEdyRTlJN3VfMFlOekR4dlhDU3BpbENQLXF6NWNwcVAtWVBmR2RaTjN3S09maUFfTHBWeEFRc0ZjZk9YRWp4OWJzcVVIQUZUMEhxT180NFdLSkJTaEFzTWVGWmVfb205ZW5NWTFlSWxP?oc=5,Insecurity and Soaring Food Prices: Why CBN’s MPC Must Target the Real Enemy Despite Favourable Macroeconomic Tailwinds,Insecurity and Soaring Food Prices: Why CBN’s MPC Must Target the Real Enemy Despite Favourable Macroeconomic Tailwinds - Nigeria Communications Week,"Mon, 24 Nov 2025 08:00:00 GMT",Nigeria Communications Week,www.nigeriacommunicationsweek.com.ng,2025-11-24 08:00:00+00:00,2026-08-23 16:01:11.633939+00:00,insecurity and soaring food prices why cbns mpc must target the real enemy despite favourable macroeconomic tailwinds,True,True,True,True
Nigeria staple food prices,https://news.google.com/rss/search?q=Nigeria%20staple%20food%20prices&hl=en-NG&gl=NG&ceid=NG%3Aen,https://news.google.com/rss/articles/CBMia0FVX3lxTFAweDE1V0NONWxNS2VKTHRaZWVEX2pRT1hPVFg5MF9sUmFBa3RPUnd3ZVJZV1hUa0JtQ2tGbVFRTFhuQUg1U0poNm5sS2FTc20wYkl4OEw3WHd2NjdwaW5leHZXNXIwZkhrWlJV?oc=5,Food prices fell in September — NBS,Food prices fell in September — NBS - The Guardian Nigeria News,"Tue, 25 Nov 2025 08:00:00 GMT",The Guardian Nigeria News,guardian.ng,2025-11-25 08:00:00+00:00,2026-08-23 16:01:11.633939+00:00,food prices fell in september nbs,True,True,True,True
Nigeria staple food prices,https://news.google.com/rss/search?q=Nigeria%20staple%20food%20prices&hl=en-NG&gl=NG&ceid=NG%3Aen,https://news.google.com/rss/articles/CBMinAFBVV95cUxOTjBTN0RDZnhndk8wSWN0R2JzTG5PeHpvelJONEV4UnF3YTJneVJYMno4dTJJRk9xVmZ6b2NyQ04yamlpMzdMOHRlWGxnamtod29kRDQxRkEyaHJCbGM1bFByZVN3TnM1b2diWVRBWjhBT2dSTFViOGE4aEY3VXFCVFRaLS16cUFQUUk4cDRqZ0dsSkpzNk16dG1McUrSAZsBQVVfeXFMUDN6Y01EaGRHazltRnlOa042aHQwd3ZqNU5xMndwUXRpRkdLSFBsNjF2QllRNWxRUnB3ZlFqNktYTVlKTFdEVXFYdXh0eGtSYzFOZHpjRzVNMXU1SFUzczNrZTNJLTFPeGVlY3Z5VWJGQ3Ffb2lQX2ZUSDJ2WVZRcjQ4UDBVVXJaTnJxWGFTQndBcTE5Rk5iRjN5WFU?oc=5,Why Eating Out Still Feels Expensive Despite Falling Food Prices,Why Eating Out Still Feels Expensive Despite Falling Food Prices - Modern Ghana,"Tue, 25 Nov 2025 08:00:00 GMT",Modern Ghana,www.modernghana.com,2025-11-25 08:00:00+00:00,2026-08-23 16:01:11.633939+00:00,why eating out still feels expensive despite falling food prices,True,True,True,True
Nigeria rice prices,https://news.google.com/rss/search?q=Nigeria%20rice%20prices&hl=en-NG&gl=NG&ceid=NG%3Aen,https://news.google.com/rss/articles/CBMie0FVX3lxTE02V0g0QmxWajBzckUtTnpyc19WaXBGbjI2YUIwTlN5YXNKd1NYOGMtR1NHM2tZUWtBZ25fMWxEVmdpZG5kbFdhOEhnQXVZQm9wU2tLQk1WMTc1NGpjcnJNZFhCd2NWcmRraXN2cnIySGNDWHRTb1VTY1ktVQ?oc=5,Nigeria: Food prices dropped in September 2025 – NBS,Nigeria: Food prices dropped in September 2025 – NBS - Blueprint Newspapers,"Tue, 25 Nov 2025 22:18:07 GMT",Blueprint Newspapers,blueprint.ng,2025-11-25 22:18:07+00:00,2026-08-23 16:01:11.633939+00:00,nigeria food prices dropped in september 2025 nbs,True,True,True,True
Nigeria rice prices,https://news.google.com/rss/search?q=Nigeria%20rice%20prices&hl=en-NG&gl=NG&ceid=NG%3Aen,https://news.google.com/rss/articles/CBMi4wFBVV95cUxQVVIyYjVMb2VnemJtSnpHNDJpd2s5ZTdiSUNhUHllZjJqLVRPTE1FQi1FeUFsMnc0anhVQ3E5NDlsUXl1UEZhS2ZmV2FRck4yYzdjNld5MTloYzg1OU9YNDR1VmQ3R3Z4aFNibVRneTJlUEdLcExtWFlSNWNtVW1ON0RjVUpLMjhyN0NmN3NpeWR2RzZHNGNuYmxSSzdvM0NGbjdSYzEzM3I4dEVBSGR6dW9YQzgtaThaZHhEeTdHbTROc2tfdUdzczhMay1jTkJmNjdJMGZ0ekgyclNsbEZjZ19ucw?oc=5,"Survey: Buyers, vendors differ on sustainability of low food prices in Nigeria","Survey: Buyers, vendors differ on sustainability of low food prices in Nigeria - Premium Times Nigeria","Wed, 26 Nov 2025 08:00:00 GMT",Premium Times Nigeria,www.premiumtimesng.com,2025-11-26 08:00:00+00:00,2026-08-23 16:01:11.633939+00:00,survey buyers vendors differ on sustainability of low food prices in nigeria,True,True,True,True
Nigeria rice prices,https://news.google.com/rss/search?q=Nigeria%20rice%20prices&hl=en-NG&gl=NG&ceid=NG%3Aen,https://news.google.com/rss/articles/CBMizgFBVV95cUxQclVPSEtIazhyWVdQMWoyS3ZLTldlMGhoaURIMXhiUGRtazN2aXJjTXYtbkdwamJzVUtXd1RmY3FSVUdGRnRJbVViWjZkVUJQbDgwa3hUTEVwVi1EbHFfNGlMbVpsQy03UEUyaUdwTTVibUNKNjBJYVJNQ1BHMUFMbGpPMnc0NG9NeE0xd0lwS1dWREJaMEZsTkRhMFpaM0daaWM4ZkpkUk01dzdCWmRRdFNtUWNPQmdPb1VFZ1ducm5lbWdVaFk5YmpwME9vdw?oc=5,"Sanwo-Olu says rice prices falling, offers Lagos-milled bags at N57,000","Sanwo-Olu says rice prices falling, offers Lagos-milled bags at N57,000 - Premium Times Nigeria","Sat, 29 Nov 2025 08:00:00 GMT",Premium Times Nigeria,www.premiumtimesng.com,2025-11-29 08:00:00+00:00,2026-08-23 16:01:11.633939+00:00,sanwoolu says rice prices falling offers lagosmilled bags at n57000,True,True,False,True
Nigeria rice prices,https://news.google.com/rss/search?q=Nigeria%20rice%20prices&hl=en-NG&gl=NG&ceid=NG%3Aen,https://news.google.com/rss/articles/CBMiigFBVV95cUxQT01KN3JBYVZZcGtPR0oxOGo5QzNNNGNDRUdPVW1PdzhEVHJsN3ZVWDVGWmRKOVhkU1NjU2dvaUV4U0NsdUpIOEtMUXE3cmdIbTNsYXpZQllrQjRJR2lQcmpqNnBiMDRVcGlQODFWRzhQTjhQV0E1NExNalhLWjluS2JqUmo4ai1iX3c?oc=5,"Farmers predict cheaper rice as Lagos slashes price to N57,000","Farmers predict cheaper rice as Lagos slashes price to N57,000 - Punch Newspapers","Sun, 30 Nov 2025 08:00:00 GMT",Punch Newspapers,punchng.com,2025-11-30 08:00:00+00:00,2026-08-23 16:01:11.633939+00:00,farmers predict cheaper rice as lagos slashes price to n57000,True,True,False,True
Nigeria rice prices,https://news.google.com/rss/search?q=Nigeria%20rice%20prices&hl=en-NG&gl=NG&ceid=NG%3Aen,https://news.google.com/rss/articles/CBMikgFBVV95cUxQWWY4OE1xMDhCNm5CdEZ0a1RFVjd2ZkhrT0xSMnIxOWJYOTFJY0h1NkNNME1fODVpOE1wcnRoVHY1Vm1DTDR1alBKQjhyZUtIRVNDbmhvMXE0Y1l3aTZ5bUw0a3VWOUJVQTRLWVFRUXR6VHBORk0tUE1NVUJPTl82OE52a2VJRGVZM2VIQWhldTkxUdIBlwFBVV95cUxPOWxicEFndHhrOFdRZURLSEtnaEg4ZlBoLXE0LTV4ZlJRNDM5ZFBFYmtCdHRWS2tTWENuS29fQmhxVl9oMGJJTEx6Y3ZCQnd4a2ZUdC1YR0RJWkRESVBMekhEeGV4WE5EX0JGSVlVeTRvS2E5eV9XV0JxWUVJeUEtSUpnZTNiNGtTTFlRbG5NWjViQ3RyUHRV?oc=5,"Excitement, worries, as rice price drops ahead of Christmas","Excitement, worries, as rice price drops ahead of Christmas - The Nation Newspaper","Sun, 30 Nov 2025 08:00:00 GMT",The Nation Newspaper,thenationonlineng.net,2025-11-30 08:00:00+00:00,2026-08-23 16:01:11.633939+00:00,excitement worries as rice price drops ahead of christmas,True,True,False,True
Nigeria rice prices,https://news.google.com/rss/search?q=Nigeria%20rice%20prices&hl=en-NG&gl=NG&ceid=NG%3Aen,https://news.google.com/rss/articles/CBMitgFBVV95cUxNbE5LUmpUWUliR1ZIRjFwUHRYWDdqdTh5ZjJhUGZaTjVTMG9KMU91d3pHVTBlWm81eURGRVplRW15VU1KR2JMa1I5VldfbVJmT083YU1iVVZrUXJUb2thQVgyZXVHMVpvX016ZkE1T19kblRUMmRvV3RnRjNsVWVkQjhIbVM2US1CRnlnQzlybjRxTDRrNWpGcmMyVmwwS2dpMG5DckFmaEpiUXR2a0xHU0J6RzhmZ9IBuwFBVV95cUxNbUw1aHhid3lBcEQ4UDRJTmY1c0pSRTZ5MGcza2VpZmI1VXAyOUpUOVZySGJhZ01RamRPUEp4c0JaYlFob1R2bE4ybEdaRlI5TTJWVEdnX0N4WWtvdGd6YTBnemdKZEsxZWFuRnlYc1dVdnhrVHp5RHc4TEZqcVdzVTB4T3I5MGw3eENRblRRd2dMQjMzRmpyVktraGc5emtCOFNYbTJraW42ZklOSGlCdy00QUVyZWdGZFdN?oc=5,Rice farmers predict further price drop as Lagos Govt pegs bag at ₦57k,Rice farmers predict further price drop as Lagos Govt pegs bag at ₦57k - Vanguard News,"Sun, 30 Nov 2025 08:00:00 GMT",Vanguard News,www.vanguardngr.com,2025-11-30 08:00:00+00:00,2026-08-23 16:01:11.633939+00:00,rice farmers predict further price drop as lagos govt pegs bag at 57k,True,True,False,True
Nigeria rice prices,https://news.google.com/rss/search?q=Nigeria%20rice%20prices&hl=en-NG&gl=NG&ceid=NG%3Aen,https://news.google.com/rss/articles/CBMilgFBVV95cUxNN2lmTGdqTi0zU3FKclVObnM0allWQ2tqeHUxRjhVVmNrZmkxRHMzOU53N2pSVWlWUE00VVBidFBHZnI3R180bVFadWxWZm1XMDNRMU1IbUs0QnZIeWRTRDVTeVI1Ny1sLUZOOU1MTGxpRE41cG9uS1A1a3Q2OVVzcmdhRXR3LWNmNVRETkRZUmFMa3lCS0E?oc=5,Rice farmers expect further drop in prices,Rice farmers expect further drop in prices - The Guardian Nigeria News,"Sun, 30 Nov 2025 08:00:00 GMT",The Guardian Nigeria News,guardian.ng,2025-11-30 08:00:00+00:00,2026-08-23 16:01:11.633939+00:00,rice farmers expect further drop in prices,True,True,False,True
Nigeria rice prices,https://news.google.com/rss/search?q=Nigeria%20rice%20prices&hl=en-NG&gl=NG&ceid=NG%3Aen,https://news.google.com/rss/articles/CBMirwFBVV95cUxQRGN3NmpZTldlVi1fbGJTWmM1dm9OMTU5OFVzLWZQc21SU0dnRlhGZHlJUzRTZzNHMW1EcFRObUpEWmgxV3dJdGQzSFNiOFRWbHc1cGRpaU8tRTdNcU1lcGpiQXFFWHdjSXNkcUczaGl3YTN1amMwaVUzQVlSR3N5LUVhLU9QVUdQcXc0Q0sySEk0ZW9FM3pTcFhyb24tNU1WQzVlemUzX1hWcTMtdV9r?oc=5,"Rice prices are falling in Nigeria, but this is not relief for everyone","Rice prices are falling in Nigeria, but this is not relief for everyone - primeprogressng.com","Tue, 02 Dec 2025 08:00:00 GMT",primeprogressng.com,primeprogressng.com,2025-12-02 08:00:00+00:00,2026-08-23 16:01:11.633939+00:00,rice prices are falling in nigeria but this is not relief for everyone,True,True,False,True
Nigeria purchasing power food,https://news.google.com/rss/search?q=Nigeria%20purchasing%20power%20food&hl=en-NG&gl=NG&ceid=NG%3Aen,https://news.google.com/rss/articles/CBMiuwFBVV95cUxQRU4zcEw0bENEQVI1d1hNa2sxNUo1UVdQcHM4WTRvdGFkY0VMZGd5QldpLXJlcGdPMXpGcjlfTFZBWHdKVlp0aHRIZ0ZaNlQ3SnRsaVI5V200eFpOU05KckJCYnpRZVZONXlOMmpjdUtiTF9mUlo0eDVfcER1X0l5dUZsSU9CbWtteE8tOTFqbHpzem9lc0tqMk9CSk1zcVN4VWVfbjY0WlVQcXpTVUdLRHRObXpieFlxRUJj?oc=5,"Bumper harvest turns sour as low purchasing power, poor storage hurt farmers","Bumper harvest turns sour as low purchasing power, poor storage hurt farmers - Business News Nigeria","Sun, 07 Dec 2025 08:00:00 GMT",Business News Nigeria,businessday.ng,2025-12-07 08:00:00+00:00,2026-08-23 16:01:11.633939+00:00,bumper harvest turns sour as low purchasing power poor storage hurt farmers,False,False,True,True
Nigeria rice prices,https://news.google.com/rss/search?q=Nigeria%20rice%20prices&hl=en-NG&gl=NG&ceid=NG%3Aen,https://news.google.com/rss/articles/CBMipwFBVV95cUxPSEdKcUlQaHExVEhrUDdTV3dfWE1namdVSVFaN1BZMHpBWlR6Q1pTajZacU82NXZabzVfUU9hazhvUE96LWlVWGRrTVFxa0xLNDhfdXN2MlpwMDZicUR5NC1HZkdiZGJremRIWTlUVVBwUUVUbDcwM09Ob0dFWmFKUTl3ZkFHOFUwY3F2OEJROGtwQ0dYZ21nU2U0dVpDbWdwNHJwOVVYNA?oc=5,"NBS: Rice, beans, garri, and tomato prices fall nationwide in October 2025","NBS: Rice, beans, garri, and tomato prices fall nationwide in October 2025 - 21st CENTURY CHRONICLE","Fri, 12 Dec 2025 08:00:00 GMT",21st CENTURY CHRONICLE,21stcenturychronicle.com,2025-12-12 08:00:00+00:00,2026-08-23 16:01:11.633939+00:00,nbs rice beans garri and tomato prices fall nationwide in october 2025,True,True,False,True
Nigeria food affordability,https://news.google.com/rss/search?q=Nigeria%20food%20affordability&hl=en-NG&gl=NG&ceid=NG%3Aen,https://news.google.com/rss/articles/CBMilgFBVV95cUxQSEgyMjdMSDhHblhzeHd1bW5uTFdudTJaODE5djNuaE12YU9vTHZSaTRfVmswaS12UklteU1yWVZFSlg4dVpsN05JZWZwTlNLdTNLdDd6ZmF2WTdGQWhRc0oycm95emdVa2dxM09ONFJYMFNlV05yYUF1OHI2RTV6WUUtb3RGZ1M5RmJWSlROUGhuNFJOLVE?oc=5,"Why Crashing Food Prices Will Hurt Nigeria’s Farmers, Our Food System","Why Crashing Food Prices Will Hurt Nigeria’s Farmers, Our Food System - Independent Newspaper Nigeria","Fri, 12 Dec 2025 08:00:00 GMT",Independent Newspaper Nigeria,independent.ng,2025-12-12 08:00:00+00:00,2026-08-23 16:01:11.633939+00:00,why crashing food prices will hurt nigerias farmers our food system,True,True,True,True
Nigeria rice prices,https://news.google.com/rss/search?q=Nigeria%20rice%20prices&hl=en-NG&gl=NG&ceid=NG%3Aen,https://news.google.com/rss/articles/CBMiwwFBVV95cUxPWmF1eDB1NjRWNzJYeU94cDR2RW5fTFpOVGNkcEN0aFVKX3Q2VkZ4NlZKLWVqUWpHQ2tsWmVod05PTjdpYWRtYXlOYmFHc20wMmVneWlsYWU4cXhvbVpnZXJ1dXdWNXUwX21hdVlKbm0tWlFtSkY2V3hGdWNnb015ODVKeGNheUdUQi1WSUdWRkpjVzBTSDVZY09ZdEc2SHNTN0NHcGFhamJ0elk0dlBlTFFSMnY5dURhb3Utd1I0SEpQbFk?oc=5,"Yuletide Season: Price cuts, slide in inflation rate boost purchasing power of ordinary Nigerians","Yuletide Season: Price cuts, slide in inflation rate boost purchasing power of ordinary Nigerians - The Guardian Nigeria News","Sat, 13 Dec 2025 08:00:00 GMT",The Guardian Nigeria News,guardian.ng,2025-12-13 08:00:00+00:00,2026-08-23 16:01:11.633939+00:00,yuletide season price cuts slide in inflation rate boost purchasing power of ordinary nigerians,True,True,True,True
Nigeria purchasing power food,https://news.google.com/rss/search?q=Nigeria%20purchasing%20power%20food&hl=en-NG&gl=NG&ceid=NG%3Aen,https://news.google.com/rss/articles/CBMiqgFBVV95cUxOdi15eXpaYmtsT1paMzNMdUdhSjAtQ0NtZDN3cnVrQ3ZsWHduWmxCeGpLcVdyMmhJUDY4bTNFbUFfdTBNcHJlZ1NSRUNFSHU1WUJTZXNkLWNJWDhXYk1xNWVuclBzalNTQUVYREs2Qll2ZXJ5ZUlBVzVjbVRhNWJLOEFZTms3Z2VUbXlsR1dwWUJRZHNaSlZxaC1ITTQzcnd1RVpvb1JoTHZwZw?oc=5,Food inflation falls for fifth straight month to 11.08% in November,Food inflation falls for fifth straight month to 11.08% in November - Business News Nigeria,"Mon, 15 Dec 2025 08:00:00 GMT",Business News Nigeria,businessday.ng,2025-12-15 08:00:00+00:00,2026-08-23 16:01:11.633939+00:00,food inflation falls for fifth straight month to 1108 in november,True,True,True,True
Nigeria rice prices,https://news.google.com/rss/search?q=Nigeria%20rice%20prices&hl=en-NG&gl=NG&ceid=NG%3Aen,https://news.google.com/rss/articles/CBMipAFBVV95cUxQOG5OckdZNjUtdURKUEVqMFpJTUdPUFJmVzFaRHYxVlROdDN0azRRTWlOc3ltZXdNc2hRbFJ5ZlhtOW43dzlQM3d0VHVvT3oyY1FWSVZGRHRPWjBjYnpDYjE5ekpwamxqeF9BU2FUNktQaUIweXRVdjZ5VVZNT3l2WHRTd3RNakI3dmdDMllYVk9oeVhTdE9QRzFCMHhCRzlIWWpTNw?oc=5,Nigeria’s Inflation Eases to 14.45% in November Despite Rising Food Prices,Nigeria’s Inflation Eases to 14.45% in November Despite Rising Food Prices - MSME Africa,"Tue, 16 Dec 2025 08:00:00 GMT",MSME Africa,msmeafricaonline.com,2025-12-16 08:00:00+00:00,2026-08-23 16:01:11.633939+00:00,nigerias inflation eases to 1445 in november despite rising food prices,True,True,True,True
Nigeria food affordability,https://news.google.com/rss/search?q=Nigeria%20food%20affordability&hl=en-NG&gl=NG&ceid=NG%3Aen,https://news.google.com/rss/articles/CBMiuAFBVV95cUxNTnFORWdKV21EN0ZhZ3F2Q1YtVmduXzNxbjE4S3FZN0lFNkFqUWg1bjdEdmNETW1XV3lhSnVNclpGU1EtT01ndHpJbmhLZ0tTU3FZeTBEN2R4RWZ4TFJjMXctWnRaQmdZZGJIRjR1SmRrWm00ZVAtS3BXSWlRekEwZnRIQUlkUXgwZ0JkZnpma05Gcmw3aVU3VVZSNVNjSmMwdVltYU5JOXczbXZUUWdBWTJpamdJeThC0gG-AUFVX3lxTE9ib3JsUXZacHJlMnJVTTlmN2YxYTVFVFlVSTVHT0U0cDlrWDk1UWZGWTYtejVqRXk0bFpZX2E5UHFVXzJNUVNIb1gxNlREejhzUVFuUmhvTkRwNk1IelFucEpSWDFNMVFpcWRJSjRCa2dKVGswWWk0WEYzd2hvV1JkT0FmbFJkU2hKeE1DVHU2V3U5VFhLVEYzeDNsanloVU9GZUw3Mld1MzQtS00wMS1CbFMtMWhUQ2JjRUM0YUE?oc=5,"Senate moves to protect Nigerian farmers amid falling food prices, high cost of agricultural inputs","Senate moves to protect Nigerian farmers amid falling food prices, high cost of agricultural inputs - The Sun Nigeria","Tue, 16 Dec 2025 08:00:00 GMT",The Sun Nigeria,thesun.ng,2025-12-16 08:00:00+00:00,2026-08-23 16:01:11.633939+00:00,senate moves to protect nigerian farmers amid falling food prices high cost of agricultural inputs,True,True,True,True
Nigeria food affordability,https://news.google.com/rss/search?q=Nigeria%20food%20affordability&hl=en-NG&gl=NG&ceid=NG%3Aen,https://news.google.com/rss/articles/CBMioAFBVV95cUxPLU9EX1Y1anJhQUlGdWhCTXFNTFFoU3c4Mm9jTmpOWkU2WHNJdk1FV0RjQTJidExWeUVfaGdNYWJCU3M2T1lob2JpUllFVHFIN2VPUjVzeG1reDlkbmkyTktySW92M3EydlhvSTVPbGYxMHp6ZnRxNmVoV2hxWktSS211dWROU3k5TTFYZXVGZVhXM1JGM25XeEpGWE9kc1NP?oc=5,‘Support for farmers will crash food prices further’,‘Support for farmers will crash food prices further’ - The Guardian Nigeria News,"Fri, 19 Dec 2025 08:00:00 GMT",The Guardian Nigeria News,guardian.ng,2025-12-19 08:00:00+00:00,2026-08-23 16:01:11.633939+00:00,support for farmers will crash food prices further,True,True,True,True
Nigeria rice prices,https://news.google.com/rss/search?q=Nigeria%20rice%20prices&hl=en-NG&gl=NG&ceid=NG%3Aen,https://news.google.com/rss/articles/CBMiiwFBVV95cUxPUU5VYnN3ZVhrOG5yLThPRDJoUFNyaVMtVHgzOHhMTDBCYkJPX0J0aWIxb2lwWEgycFBsTHJXdElyMGd0UzRDblgxdnNTNjFrbjEyTERVYlV5ZHc4UGZxRTBOQU9vNWhsSE55THFtbkRIYkgtQ2phQnRpbHIwWXRBRUM5LXN5ajdkTHRN0gGQAUFVX3lxTE9vUm42bTAxRnNKaFNuU3hXcFVTd2QzY21NdVh0QWZDTEVLR3JsdWV3TmdRRkZCZ1Zud29lcG1BUVMtcjFMNHFONGVfc0VmNFBzazZiSm9jV3RSZEE5aHNHSFdoazBxZW54YXp0UU10dGpFZDBkVTNyUmsxTWdBczN3ekFDNG9hcXlwejkwRW9MTw?oc=5,"Christmas: Surplus rice, price crash, hope dashed","Christmas: Surplus rice, price crash, hope dashed - Vanguard News","Sun, 21 Dec 2025 08:00:00 GMT",Vanguard News,www.vanguardngr.com,2025-12-21 08:00:00+00:00,2026-08-23 16:01:11.633939+00:00,christmas surplus rice price crash hope dashed,True,True,False,True
Nigeria staple food prices,https://news.google.com/rss/search?q=Nigeria%20staple%20food%20prices&hl=en-NG&gl=NG&ceid=NG%3Aen,https://news.google.com/rss/articles/CBMioAFBVV95cUxQSm1sYVd5MVVrZzBSQkRqYlh2UnRVRFhmTi1mZnU2Rm9SYVZTM0NQNmoyVUNGZFFKdnd3alI5cm9qVGRUdS1hTWdUb3BiNXdpZlBBSGFXRXRxNVFTYVRNVkM5YktkV3hNTkQwYzlTdFh6UWs4Q1UybjE5WnBnVXp5anIxYS1XdTY0R3NPTk5HV0w1YXJYbkNpNkZSdmNUcURN0gGmAUFVX3lxTE94SkZVc0JJOUZSclVJMzJDcUgxX1lOd2Rfa3NFYWowOTdjWWNSa0ZPeVV5QnYycXM1dXVuWWMzSzFJU0RPa3JLVFNlTjRSdUsyX1pfdzcyQUctVzNXallhOThfeFRJNXNvUFhCYTVhcEFOSktKOUQ0d0V1NV9PaENFa1oyQVg1UnFJZjJybmppU2h6aXpOV0RfaXFfTnBOYXFoOTJLa1E?oc=5,"Mixed outlook @ Christmas: Lower food costs, high livestock prices","Mixed outlook @ Christmas: Lower food costs, high livestock prices - Vanguard News","Mon, 22 Dec 2025 08:00:00 GMT",Vanguard News,www.vanguardngr.com,2025-12-22 08:00:00+00:00,2026-08-23 16:01:11.633939+00:00,mixed outlook christmas lower food costs high livestock prices,True,True,False,True
Nigeria staple food prices,https://news.google.com/rss/search?q=Nigeria%20staple%20food%20prices&hl=en-NG&gl=NG&ceid=NG%3Aen,https://news.google.com/rss/articles/CBMixwFBVV95cUxNVDdwZHg4TmtDRF9TQkFkU3NSelJlRERKSkIxNmx0Q0NPbTBEb0RmbmdIdmlmeTJhM0FvSVJQNkt2VjlaZDR5dG9BOFNWZEJTbHZXR3k4VnlsNDYxUFpTQ3VNYWc0MmlJaDNCamhhWUpFUFNsazQtbVNsVGhzcjBSZ000aXhFMkdLWlk3T3pOandONDEyX3FfNjlaMGo0SURiNFRhZ0JFX2VZamJOWUg4M2tIV2RodEhGVjkwWlVJMEVEUWZodkNV?oc=5,From childhood staple to luxury food: how Nigeria’s jollof became too expensive to eat,From childhood staple to luxury food: how Nigeria’s jollof became too expensive to eat - The Guardian,"Thu, 25 Dec 2025 08:00:00 GMT",The Guardian,www.theguardian.com,2025-12-25 08:00:00+00:00,2026-08-23 16:01:11.633939+00:00,from childhood staple to luxury food how nigerias jollof became too expensive to eat,True,True,False,True
Nigeria purchasing power food,https://news.google.com/rss/search?q=Nigeria%20purchasing%20power%20food&hl=en-NG&gl=NG&ceid=NG%3Aen,https://news.google.com/rss/articles/CBMioAFBVV95cUxQYnN3TWk4MGRROUVwSWlYRlpsamZFNlhReURzX0x5UFplQjJTSmkxc3FoMWtSX1FjZmJ0UEV6ektueGZ5Uk1Yd0FZbjh3VmVmcVRIRG5LMjdtRzhqQ3pJbDYxVkpfcUVjYWdZUU1KMHIwc2gyNkhpUjByZDBFSEYzcW1sNklUYmFidXVOQXg1YWRlaElKVTV5Yml6TDFXVmxZ?oc=5,Falling global food prices fail to ease Nigeria’s rising household costs,Falling global food prices fail to ease Nigeria’s rising household costs - Businessamlive,"Sat, 10 Jan 2026 08:00:00 GMT",Businessamlive,businessamlive.com,2026-01-10 08:00:00+00:00,2026-08-23 16:01:11.633939+00:00,falling global food prices fail to ease nigerias rising household costs,True,True,True,True
Nigeria purchasing power food,https://news.google.com/rss/search?q=Nigeria%20purchasing%20power%20food&hl=en-NG&gl=NG&ceid=NG%3Aen,https://news.google.com/rss/articles/CBMif0FVX3lxTE8ySUZXeTY1eUpBRG55NEh6azlveC1ZRmZldktSTm1rd2l6U3lCZUhuMnBpdzlwQ3RzNjc4S3V3WE1OMHFfUUt5dWZhYmZ1emVUZ181bXdxdUpUZk9JbE5Iem9iMENJMExZZEtFVGVLMS1QdFFXUVdmSkFIcUhfeEk?oc=5,Cost of Living in Nigeria 2026: A Comprehensive Guide to Living Expenses,Cost of Living in Nigeria 2026: A Comprehensive Guide to Living Expenses - nigeriahousingmarket.com,"Sun, 11 Jan 2026 08:00:00 GMT",nigeriahousingmarket.com,www.nigeriahousingmarket.com,2026-01-11 08:00:00+00:00,2026-08-23 16:01:11.633939+00:00,cost of living in nigeria 2026 a comprehensive guide to living expenses,False,True,True,True
Nigeria rice prices,https://news.google.com/rss/search?q=Nigeria%20rice%20prices&hl=en-NG&gl=NG&ceid=NG%3Aen,https://news.google.com/rss/articles/CBMinwFBVV95cUxORXFxRUhQN3VZYU1tbEhSTHpCei1xWDVmMFp1ZjdMNGgwWXVaaW9KR1RrVGMyTDRDbWVUZ2MyYUhPb3ZqYUdGeF9TX0U2Qm4ycEVDdGNRT1Q1MDhidnZTcUlOZTVNTVlXN3A5LUVQYXFUVUdrWEpYTE8zalpnczN1WXFsdTNzVzlXamE2MEtuaC02MXVmbDVnX1dLVFlieHM?oc=5,"Staple food prices drop, cooking oils rise in January","Staple food prices drop, cooking oils rise in January - Business News Nigeria","Tue, 13 Jan 2026 08:00:00 GMT",Business News Nigeria,businessday.ng,2026-01-13 08:00:00+00:00,2026-08-23 16:01:11.633939+00:00,staple food prices drop cooking oils rise in january,True,True,True,True
Nigeria food affordability,https://news.google.com/rss/search?q=Nigeria%20food%20affordability&hl=en-NG&gl=NG&ceid=NG%3Aen,https://news.google.com/rss/articles/CBMitwFBVV95cUxOdVZyZEYya2NqMS01cXNhRFZVN3h5dlVWSnFWb3A5OUZVLWczekR1OThqbWJwMHNiaXJsNW5qWk16bVY3LUloQ1FINnR0Qkc5c3FrbXdFc2pKY1l0czJrY3Y0cnEwc3o2bmVpQzk5bTVMTTgxZEpVMDBvV1g2Q2hkdGNQenNPY2JPT28yMWc3VEJQc1VORTdvVVFXU3U3emRIZlJTeDJYY21hSzZkNU9NSlBsWnlFa3c?oc=5,Falling food prices may trigger long-term food crisis in Nigeria — Agric expert warns,Falling food prices may trigger long-term food crisis in Nigeria — Agric expert warns - Daily Post Nigeria,"Wed, 14 Jan 2026 08:00:00 GMT",Daily Post Nigeria,dailypost.ng,2026-01-14 08:00:00+00:00,2026-08-23 16:01:11.633939+00:00,falling food prices may trigger longterm food crisis in nigeria agric expert warns,True,True,True,True
Nigeria rice prices,https://news.google.com/rss/search?q=Nigeria%20rice%20prices&hl=en-NG&gl=NG&ceid=NG%3Aen,https://news.google.com/rss/articles/CBMiogFBVV95cUxOSVljb3MzYmhRcXdUbjNDVUljd3duclFXYURLNXZVT2llSGswRHZmT2lVdTVxYlFFOWl2djk4eGFzVmVuVW9NX05sQmprbUhRRjdSUXE3dWFjX2JPWW1nNGItZXB5b0ZqcXBMMHIyaG1TdUJYbDYweVdwcUM1TU55cGFkal9jTDFPcW1ob2g5QlRGaUVxaE9ubHltSnl2OUxkR2c?oc=5,"Low Food Prices Can Drive Smallholder Farmers Out of Production, Expert Warns","Low Food Prices Can Drive Smallholder Farmers Out of Production, Expert Warns - TVC News","Wed, 14 Jan 2026 08:00:00 GMT",TVC News,www.tvcnews.tv,2026-01-14 08:00:00+00:00,2026-08-23 16:01:11.633939+00:00,low food prices can drive smallholder farmers out of production expert warns,True,True,True,True
Nigeria food affordability,https://news.google.com/rss/search?q=Nigeria%20food%20affordability&hl=en-NG&gl=NG&ceid=NG%3Aen,https://news.google.com/rss/articles/CBMikgFBVV95cUxQcGZiMlFRc3ZOSUFhV2E5eFlRUDlMVHJXWEdma2x5aF8tV2wwaFBVQ1FjSjBMRDFaclMzZC1qWW1JR0h5T2xHWDdRV0FmY3B6X1AzbGsyT1pnQy1weFgyaGZlZng5d0d4WTJnXzZNUWtuSWVwTUhaTEpaTzFhMHplcTU2V2RtS09uSGlHUUhOaVdkUQ?oc=5,"Nigeria’s Inflation Cools, Food Prices Finally Ease","Nigeria’s Inflation Cools, Food Prices Finally Ease - Channels Television","Thu, 15 Jan 2026 08:00:00 GMT",Channels Television,www.channelstv.com,2026-01-15 08:00:00+00:00,2026-08-23 16:01:11.633939+00:00,nigerias inflation cools food prices finally ease,True,True,True,True
Nigeria staple food prices,https://news.google.com/rss/search?q=Nigeria%20staple%20food%20prices&hl=en-NG&gl=NG&ceid=NG%3Aen,https://news.google.com/rss/articles/CBMirAFBVV95cUxPMk1Ba19PX1ZsYmZYRjBNbGpuM0NFLXZLRk93cjM0MlhUUldQVW83cnZhVTZTdkpsOXRmQWZ1V0F2RmE2a2xrc2xKbkctRldtR1Q1Si1yMVdWWTRfVjZHWlJJaTdRT0d6aGFiMDJwYng0dFQyMDRyZHhmNTNvNml0OWVUcVNiM0E3ZE9OQXRPMGo0YUYxS0lseEZVbGdYNkRYc0hmVUZNU1puQ1Fs0gGyAUFVX3lxTE9sby05VWVlenI1TjQxVThRUDlzeTktYlhwd1FMRlZDVkJXd0dQTGdrOUZfdTZ6RjdMYnNGeEctVkVkemt2RkNYVmhVZlZFa1NUeGZHaHV2VFZjZWZ4anliT2NaMEdFeUxYZXB5bmttRTkxU3dLRjVBZGIyVFBQdnZvSXZsblk3Qk5NZjhUMWlWYWdWWl9Ud1htYkxzUUhFdVNPNGRUZGRzaUZMRWVYUnIyV2c?oc=5,"NBS: Inflation steadied at 15.15% in December 2025 as food prices eased, energy costs surged","NBS: Inflation steadied at 15.15% in December 2025 as food prices eased, energy costs surged - The Sun Nigeria","Fri, 16 Jan 2026 08:00:00 GMT",The Sun Nigeria,thesun.ng,2026-01-16 08:00:00+00:00,2026-08-23 16:01:11.633939+00:00,nbs inflation steadied at 1515 in december 2025 as food prices eased energy costs surged,True,True,True,True
Nigeria purchasing power food,https://news.google.com/rss/search?q=Nigeria%20purchasing%20power%20food&hl=en-NG&gl=NG&ceid=NG%3Aen,https://news.google.com/rss/articles/CBMihAFBVV95cUxNTDAzakRXRmYtdUo4d05NOWFVbjlUMWFrMkV3SkNvTkdYSHVybWRIVWxvV2E4OW05NFN1c2F6V29lVVphdDhuVDFEcW9JLUtlSVk5VGJidmZtU2o3ZEVRTEs1TVlXaXJYY1VuSHpSeHVyUklhRFBCa19Za20xUzVUVkYtNHA?oc=5,Purchasing power still weak despite inflation easing – LCCI,Purchasing power still weak despite inflation easing – LCCI - Punch Newspapers,"Sun, 18 Jan 2026 08:00:00 GMT",Punch Newspapers,punchng.com,2026-01-18 08:00:00+00:00,2026-08-23 16:01:11.633939+00:00,purchasing power still weak despite inflation easing lcci,False,True,True,True
Nigeria rice prices,https://news.google.com/rss/search?q=Nigeria%20rice%20prices&hl=en-NG&gl=NG&ceid=NG%3Aen,https://news.google.com/rss/articles/CBMiuwFBVV95cUxQckkxZlRjeEZxS2twLUpJbFJTYUpVcVFDUlhnODFTbW9WeUNPbDVKeE4yR2t0NkJLVTZUWU5Yb29xeWpRY0lWNF84TDhqcWoteU50UW1TX3I3U0pCRXJCZEM3aGEtblVBX3Ytcy00VWtjQmgyOUJvVDlpWHNLMmhyMkQ3bzktZzJac1o3NnFpZUdaMVgwcVhrZUZpMTMwM1lwRnJnZjVzWnVBQndmZnNldVVQaThncGlobWZZ?oc=5,Food prices crash further as residents call for sustainability,Food prices crash further as residents call for sustainability - Premium Times Nigeria,"Sun, 18 Jan 2026 08:00:00 GMT",Premium Times Nigeria,www.premiumtimesng.com,2026-01-18 08:00:00+00:00,2026-08-23 16:01:11.633939+00:00,food prices crash further as residents call for sustainability,True,True,True,True
Nigeria rice prices,https://news.google.com/rss/search?q=Nigeria%20rice%20prices&hl=en-NG&gl=NG&ceid=NG%3Aen,https://news.google.com/rss/articles/CBMimwFBVV95cUxPU3N1YldrdDJubDBYZHhnVGhQS0Mxb2dYb3RoTV84djVsbTlBbVJ3aTA1ZVB5S3JjYzR5MUNSam5OaHNCOUQ0NXV5cV93N1Bwd0luN1BIMTZYRnlfQnB2NHR0Vlg1M1M1Tjh4MjFSZ1JkdmYxTk1UQWhlbTg0clhxT3BoNmI1TXF0M0RTOVIzdE5TakNiaXBsY3FZUQ?oc=5,From Price Spikes To Relief: How Nigeria’s Food Market Reset In 2025 – 2026,From Price Spikes To Relief: How Nigeria’s Food Market Reset In 2025 – 2026 - Independent Newspaper Nigeria,"Mon, 19 Jan 2026 08:00:00 GMT",Independent Newspaper Nigeria,independent.ng,2026-01-19 08:00:00+00:00,2026-08-23 16:01:11.633939+00:00,from price spikes to relief how nigerias food market reset in 2025 2026,True,True,False,True
Nigeria rice prices,https://news.google.com/rss/search?q=Nigeria%20rice%20prices&hl=en-NG&gl=NG&ceid=NG%3Aen,https://news.google.com/rss/articles/CBMikAFBVV95cUxNZFJZd0F2UWhGeVJHTDU3cGhLdjBiWTFtb016QjNybWRlYTBkelVRejBvNWxqWElrZHB4VVp5SWpOZUx0UkxranMzUnVHUjZibjBjVFRqUHpHS3dpcDlBdXNVNUI5MHdGR0x6YkxwZHpDYUFtSldnRkJfd3BZTFo4NUpiUUE0WkFtQ3Rwa1B5TDU?oc=5,"From N76,000 to N55,000: Abuja vendors celebrate drop in cost of rice","From N76,000 to N55,000: Abuja vendors celebrate drop in cost of rice - Punch Newspapers","Tue, 20 Jan 2026 08:00:00 GMT",Punch Newspapers,punchng.com,2026-01-20 08:00:00+00:00,2026-08-23 16:01:11.633939+00:00,from n76000 to n55000 abuja vendors celebrate drop in cost of rice,True,True,False,True
Nigeria food affordability,https://news.google.com/rss/search?q=Nigeria%20food%20affordability&hl=en-NG&gl=NG&ceid=NG%3Aen,https://news.google.com/rss/articles/CBMipAFBVV95cUxNN3JKR2hqTHgtR1U1bnFySGJYelpIaWtScmdwQVNYRVVGeS1ZWmlZVmxsbndYMm9yNTJpLVJKX2ktZ2ZZOEdSVVBzZG1yVEZZT29QVmQxY3RZVWhTS2FVc3M0U3M3XzVIMXhsNFpBUnFxWUhKbUE0T1ptbDRQSWlaa0xfY3haSXJVRVE3bVoyNk5xZlZ4N1BESlRKbnFvOEItU3lkOQ?oc=5,AFAN commends FG’s planned intervention as falling food prices hit farmers,AFAN commends FG’s planned intervention as falling food prices hit farmers - Tribune Online,"Sun, 25 Jan 2026 08:00:00 GMT",Tribune Online,tribuneonlineng.com,2026-01-25 08:00:00+00:00,2026-08-23 16:01:11.633939+00:00,afan commends fgs planned intervention as falling food prices hit farmers,True,True,True,True
Nigeria food affordability,https://news.google.com/rss/search?q=Nigeria%20food%20affordability&hl=en-NG&gl=NG&ceid=NG%3Aen,https://news.google.com/rss/articles/CBMif0FVX3lxTE1SYVJnLWJ1azRDUEVWTzlHQ1FLUUM4akRtTjAxYXZKZ2dSZzF0TlhHNHJUTUNDNnJPcXpkeElRNDFEblJkUFNhRnFRbERhYW1tUWZXTGUzYWtZLW5SVDFKMzF3U1VhdFREa2RiMnN0TUhRTVlPc3BfMmlIQjQ1aVk?oc=5,Why Lagosians Can’t Buy Food Despite Falling Prices,Why Lagosians Can’t Buy Food Despite Falling Prices - Independent Newspaper Nigeria,"Mon, 26 Jan 2026 08:00:00 GMT",Independent Newspaper Nigeria,independent.ng,2026-01-26 08:00:00+00:00,2026-08-23 16:01:11.633939+00:00,why lagosians cant buy food despite falling prices,True,True,False,True
Nigeria food affordability,https://news.google.com/rss/search?q=Nigeria%20food%20affordability&hl=en-NG&gl=NG&ceid=NG%3Aen,https://news.google.com/rss/articles/CBMisgFBVV95cUxNM3FQeVMwQ0NxRFNXR2h6X3JISjhCbW1kZC04emt5ZWloUVFEa3F4WnBUVlpEQWxfenVGZkJuNC1pc3ltd3JWd1lXcDh6ZF93a1oxdk9TcHh6a29lTkNMdmxlNUVJdk5DaGMwaDBISmFPeTlzWkt1cFhwV1B2OEgweTJKQzBCOUI4Mmd5NlRkYVBoNnBJdk9wUGNHVUtyb1Bsdkd6YVpQNV9qRU1mdklldjdn?oc=5,"SPECIAL REPORT: As food prices drop, in Anambra smallholder farmers bear the brunt","SPECIAL REPORT: As food prices drop, in Anambra smallholder farmers bear the brunt - Ripples Nigeria","Tue, 27 Jan 2026 08:00:00 GMT",Ripples Nigeria,www.ripplesnigeria.com,2026-01-27 08:00:00+00:00,2026-08-23 16:01:11.633939+00:00,special report as food prices drop in anambra smallholder farmers bear the brunt,True,True,True,True
Nigeria rice prices,https://news.google.com/rss/search?q=Nigeria%20rice%20prices&hl=en-NG&gl=NG&ceid=NG%3Aen,https://news.google.com/rss/articles/CBMilgFBVV95cUxOUmFPaXlrM2RBRG5yUkZycnY0aFlBcHNFUTVsRkMxTWtZLWhYSncydmN3N1BZcTE0WW81SGl4QklrMnR3LUtpMVo5Qno2X0VIT2xCY2dwbWxFSXFvWHVkY0RFMkRwcmd6ZjdTZTVOM0NMOUY5bFNjdjE5aXNKdjgyOENNYnFIM19ZMTZNLUFJNmtVM2xhMFE?oc=5,Food prices spike: Nigerians witness 400% rise in a decade,Food prices spike: Nigerians witness 400% rise in a decade - The ICIR,"Sat, 31 Jan 2026 08:00:00 GMT",The ICIR,www.icirnigeria.org,2026-01-31 08:00:00+00:00,2026-08-23 16:01:11.633939+00:00,food prices spike nigerians witness 400 rise in a decade,True,True,True,True
Nigeria food affordability,https://news.google.com/rss/search?q=Nigeria%20food%20affordability&hl=en-NG&gl=NG&ceid=NG%3Aen,https://news.google.com/rss/articles/CBMiwwFBVV95cUxPYS1hMDk5ODBPQWIyck5fT0FPM2EzRFlCRC1VXzJJdDJacVpuQVNkbzVvQVVDMkNZTXpFNkVvYmpKUTFleklVRzNGTlN6MlhHNkV6MWhKRXlGVHJaTDNIdFduOE9mYTRaWGxXSG94ZVFsNkcwZGVJdVFFMlZ1UlNMTG5BLWJXdEJMMjd5T2s5YnBKTVpTSER1TU0zZWVhUnBKbGRfczhpeE1VSjNuZzgxbEM1WVhWX080U3RLUzQ5YVR3cUk?oc=5,"Agric investors, farmers suffer heavy losses from commodity price crash — Yusuf","Agric investors, farmers suffer heavy losses from commodity price crash — Yusuf - The Guardian Nigeria News","Sun, 01 Feb 2026 08:00:00 GMT",The Guardian Nigeria News,guardian.ng,2026-02-01 08:00:00+00:00,2026-08-23 16:01:11.633939+00:00,agric investors farmers suffer heavy losses from commodity price crash yusuf,True,True,False,True
Nigeria food affordability,https://news.google.com/rss/search?q=Nigeria%20food%20affordability&hl=en-NG&gl=NG&ceid=NG%3Aen,https://news.google.com/rss/articles/CBMipgFBVV95cUxQck1FTFNlWFczRHBGRG0yT0hrazFfV2xnWFhIMFUzd2N0WF90aUFCeC05WmpaSDVPTmtCOTBqOWg5X21LRnpia09HTkNNeEtQTW1lMkFhZ1l0Ynp1dFR6WkxVYUR1YmtOX016QlFQNW4weWYySVgtWTVNcllQV0o2cEl1YU9lR04tU0wtVUJDb1Bmc1l2cXlwY1pvUWdIcmkyTmFrMDVB?oc=5,"CPPE Proposes Minimum Guaranteed Prices, Buffer Stocks To Stabilise Farm Markets","CPPE Proposes Minimum Guaranteed Prices, Buffer Stocks To Stabilise Farm Markets - The Whistler Newspaper","Sun, 01 Feb 2026 08:00:00 GMT",The Whistler Newspaper,thewhistler.ng,2026-02-01 08:00:00+00:00,2026-08-23 16:01:11.633939+00:00,cppe proposes minimum guaranteed prices buffer stocks to stabilise farm markets,True,True,False,True
Nigeria food affordability,https://news.google.com/rss/search?q=Nigeria%20food%20affordability&hl=en-NG&gl=NG&ceid=NG%3Aen,https://news.google.com/rss/articles/CBMixgFBVV95cUxPRHVHYW1Jc2dreXl6VmxsSm5KVVZwQmpHOGNlUWN3aG1Ed0NQOVNjVDZQXzl3WC1PamZEVEZRWmdLQ2FNQ0E2SWZ0MWtqOHUwbGlodFdiNkJtZW5mNXFfMVFiQkNVMWhYbXhOZjgtd2pVamM3X2dTZ0NFTFVEcUdRdmtWaVdwNnJsb1RBUUE3X3Nma0JycWdYZnJ0eDVlY2NXeWJsOFJjSXhPWUpQN0FHZ2RzUDZCNTJ1UVp1S20waXBxel9WN0E?oc=5,"CPPE urges farm price stabilisation, farmer income protection framework","CPPE urges farm price stabilisation, farmer income protection framework - Premium Times Nigeria","Mon, 02 Feb 2026 08:00:00 GMT",Premium Times Nigeria,www.premiumtimesng.com,2026-02-02 08:00:00+00:00,2026-08-23 16:01:11.633939+00:00,cppe urges farm price stabilisation farmer income protection framework,True,True,False,True
Nigeria food affordability,https://news.google.com/rss/search?q=Nigeria%20food%20affordability&hl=en-NG&gl=NG&ceid=NG%3Aen,https://news.google.com/rss/articles/CBMilAFBVV95cUxQTER6V3Bjc1hzUHo2NExVQ3VMREFfM2p2ZHlHZXF6THE2U1lxSE80ZUNCQkNhRVZqZmpob1Zxb0lNR0xjUlZ4UDd3ZUw4Sk1pcEJ6U09LOW9GZVN4ZUVma1F1cVh6b2RablEzYzdLZUJHZWFBckhpaVdUdWlVR3R6WVJyZFVZQXZoazdoSG1ZQzFJcFd20gGaAUFVX3lxTE5yMDM3MjNVaU45a3IxazVnM1VFa3JSeUFZZENPMThDZVdNci1HOU9LMmpJSm1vMVk5SXFQT3IwdTNKTmVNcmtLby1zN0VYM214QVQ1T0pHWFpqb2U4Um05WTcza1pnTENxd040T1VLUjlWZUtUc2JJRVNVUXBXVlE0akl3VTFOTllWU0JHU3RLWmV3STc3NkVyNnc?oc=5,CPPE warns of looming crisis as food price slump hurts Nigerian farmers,CPPE warns of looming crisis as food price slump hurts Nigerian farmers - The Sun Nigeria,"Mon, 02 Feb 2026 08:00:00 GMT",The Sun Nigeria,thesun.ng,2026-02-02 08:00:00+00:00,2026-08-23 16:01:11.633939+00:00,cppe warns of looming crisis as food price slump hurts nigerian farmers,True,True,False,True
Nigeria food affordability,https://news.google.com/rss/search?q=Nigeria%20food%20affordability&hl=en-NG&gl=NG&ceid=NG%3Aen,https://news.google.com/rss/articles/CBMilgFBVV95cUxQRnRxVHUxY1RpWnNhT1hRZHRsZG5NQW9xc2dLa0UwcDlrbFdVMllOQ2ItQVZUdFJKczFWN0JMZ01lZ3lwZ0xGNUZFeUhzdTlOMmUtSTYzZFN2MEd3Tk5ycU1hUWh0anc1QlpjRnJkMEpLMU5uUGFaWUVBWWU3dVRsUzBjOGd4S2poaUM1VUdnSTFoQVJlLWc?oc=5,"FAO Links Rising Food Insecurity To High Interest Rates, Input Costs","FAO Links Rising Food Insecurity To High Interest Rates, Input Costs - The Whistler Newspaper","Mon, 02 Feb 2026 08:00:00 GMT",The Whistler Newspaper,thewhistler.ng,2026-02-02 08:00:00+00:00,2026-08-23 16:01:11.633939+00:00,fao links rising food insecurity to high interest rates input costs,True,True,False,True
Nigeria food affordability,https://news.google.com/rss/search?q=Nigeria%20food%20affordability&hl=en-NG&gl=NG&ceid=NG%3Aen,https://news.google.com/rss/articles/CBMirAFBVV95cUxOV2k5TUN4cERCbzRKd2w0XzdDVjBjdE1RZVNlWmFycHR3ZUY5UVY2M2dMQlNKUzYtd1V1VGRzNm9lUkRJSEswanFWZUhwbm9FQXZuYWt6QU1SZGR1aHZ0Y3lIZE5VNmxzQzc4S2VDVkQ3dDVXcG1hcjYzRVdDazBWdWZsNFItZjhPbWFScVpuZ2tBVXVxSmVvdjFUM2dTWjB6N2ZRTERqem1SZUtD?oc=5,Set up National Framework to stabilise food prices — CPPE tells Nigerian Govt,Set up National Framework to stabilise food prices — CPPE tells Nigerian Govt - Daily Post Nigeria,"Mon, 02 Feb 2026 08:00:00 GMT",Daily Post Nigeria,dailypost.ng,2026-02-02 08:00:00+00:00,2026-08-23 16:01:11.633939+00:00,set up national framework to stabilise food prices cppe tells nigerian govt,True,True,True,True
Nigeria purchasing power food,https://news.google.com/rss/search?q=Nigeria%20purchasing%20power%20food&hl=en-NG&gl=NG&ceid=NG%3Aen,https://news.google.com/rss/articles/CBMitgFBVV95cUxQTmZIamw4c05fT1ZHb2ZxeHJCb3V1ek1VLUJSd2lRWEprVEpPNU90SnpaNEhodHJTNUNrcHB6RjJSTEFSTHNFT1NuTkJaWS00SVhubWNPbmF2ZWIydERVWU92blZlVGdpVDVGc3VyMGplbnd0QWZNdWpjd2Y0VFR1bWVkeWZ0cjJBS1pZNEFhS1lKemZZcVQ5NkFfQWNlaXl5U1VNSU00cU5qTjRFUU83ZkNSTWMwZw?oc=5,Nigerians’ purchasing power should be restructured to foster real economic development,Nigerians’ purchasing power should be restructured to foster real economic development - Business News Nigeria,"Wed, 04 Feb 2026 08:00:00 GMT",Business News Nigeria,businessday.ng,2026-02-04 08:00:00+00:00,2026-08-23 16:01:11.633939+00:00,nigerians purchasing power should be restructured to foster real economic development,False,False,True,True
Nigeria staple food prices,https://news.google.com/rss/search?q=Nigeria%20staple%20food%20prices&hl=en-NG&gl=NG&ceid=NG%3Aen,https://news.google.com/rss/articles/CBMiswFBVV95cUxOR0NsQXF6aGo1WXlfcEdDdzNTWDJURXpjMG1CZHhvajFESHBYNWlNeTRmSmdUYlF6c1l0UE90OHd6Ym1GNlUwN0dwbjVLc0JkRndaaGxVZUdDNDd5NFg3TlRPMzE3eVZsUUJIMmRCUjdoRFRkUTJGNzNWSEdSbFZQeTh4TW0yMnRxOTJOQW9PMDNJUkkyWkxPTjZhZjN0R1ZKUHdueXIwRWNyMlpIWFJSSEYzcw?oc=5,From Windfall To Wipeout: How Market Volatility Is Killing Nigeria’s Food Storage Practices,From Windfall To Wipeout: How Market Volatility Is Killing Nigeria’s Food Storage Practices - The Whistler Newspaper,"Sun, 15 Feb 2026 08:00:00 GMT",The Whistler Newspaper,thewhistler.ng,2026-02-15 08:00:00+00:00,2026-08-23 16:01:11.633939+00:00,from windfall to wipeout how market volatility is killing nigerias food storage practices,True,True,False,True
Nigeria purchasing power food,https://news.google.com/rss/search?q=Nigeria%20purchasing%20power%20food&hl=en-NG&gl=NG&ceid=NG%3Aen,https://news.google.com/rss/articles/CBMikwFBVV95cUxQSm5YQnV0akVySU5nbFQ2REt6aDRsRGpoTy05TC13aXdFOXp5aWxSQnVNQU9VQWlFWGhNRkhWZ2EwTnM3YlhrSmlyNTJ4SFJoc05YV2ZPR3QwNjdEYkZlTXM3QXB5U3hCZ09wb3hpRV9Hbm02Z29ReU1rZUF4VDVyN2FIUEV0TDd2amxwTC1iNlZ6SzA?oc=5,Food inflation seen back to single digit 10 yrs after,Food inflation seen back to single digit 10 yrs after - Business News Nigeria,"Mon, 16 Feb 2026 08:00:00 GMT",Business News Nigeria,businessday.ng,2026-02-16 08:00:00+00:00,2026-08-23 16:01:11.633939+00:00,food inflation seen back to single digit 10 yrs after,True,True,True,True
Nigeria food affordability,https://news.google.com/rss/search?q=Nigeria%20food%20affordability&hl=en-NG&gl=NG&ceid=NG%3Aen,https://news.google.com/rss/articles/CBMiowFBVV95cUxOaHl5ZlRkWDh1SHYtV3dHeTZWZVZkR0NHZnJqaVFIMUZ6YjJEUEdCZnFxbGhBOVp2V292SlJmbW9sSktpSHE0eWFWN0pFbW54MGVCQjB3TjcyWFU2TUFhR2RWaG83a0JDMXFmVVI4a3g4N2NZRE8yeUo4ZXE5eFN5dU9vRERVU2ZrQ1FQN0FtOWpfRXEycjM2bkIwNzNnWldjYUc0?oc=5,Nigeria’s food inflation drops to 14-year low,Nigeria’s food inflation drops to 14-year low - Premium Times Nigeria,"Tue, 17 Feb 2026 08:00:00 GMT",Premium Times Nigeria,www.premiumtimesng.com,2026-02-17 08:00:00+00:00,2026-08-23 16:01:11.633939+00:00,nigerias food inflation drops to 14year low,True,True,True,True
Nigeria staple food prices,https://news.google.com/rss/search?q=Nigeria%20staple%20food%20prices&hl=en-NG&gl=NG&ceid=NG%3Aen,https://news.google.com/rss/articles/CBMihwFBVV95cUxOcm1aUXR1S3JmYm01QndPRXlPYnFzZkJ5QkZ6MUhUNUV0ajFuVGY2VWppRzhGVjdhU2dna0djby1hY01EUDhxazFJV1RwSEVLNnRGWUl5elRzRkwxRUVlb2dSOHl6bG1OSTFxSjJhWll0c0hESDBDeGM2bE9oSkhTZ3pRVHZfV2PSAYwBQVVfeXFMTV94a01TNDlXdlEtRjhlSndYV3JWbVJGV0lJb1dweDl0WkZrSnJOdkZLNmdDYUQ5Z3dORVBkOEwtUWctMjZPcHRDVjhLRWt4VVpXY3BuczJzX19jcEZycm1KdkZLaUl5OXFVaXQ0QU9uUWtXZ2lMbkdkZ2wtRXIydWR0ZFBrWjA4NXFkeEQ?oc=5,Inflation eased to 15.1% in January as food prices dropped –NBS,Inflation eased to 15.1% in January as food prices dropped –NBS - The Sun Nigeria,"Tue, 17 Feb 2026 08:00:00 GMT",The Sun Nigeria,thesun.ng,2026-02-17 08:00:00+00:00,2026-08-23 16:01:11.633939+00:00,inflation eased to 151 in january as food prices dropped nbs,True,True,True,True
Nigeria food affordability,https://news.google.com/rss/search?q=Nigeria%20food%20affordability&hl=en-NG&gl=NG&ceid=NG%3Aen,https://news.google.com/rss/articles/CBMipgFBVV95cUxPbTRDYV9hZEZMSGtTQlZlSzJsVjM4dTBYdGtKUUs3ZUxHYlg1VHZIRnlLd2taWUh5Y3Q1bUhoYzk2X25pM3I1WmFlQ0FFX0tjUjI0UkMtd3lVeTctUnBjNjBBcDMwaUpyUDNlQ09ERmU5OXdFbGRxZXdOYVJQVUJtZ0FMa0RpRF9ZWlU3ZWtrVVlxYzFCbWZ1bmdxTDMwajI0XzJqVURn?oc=5,Nigeria joins African peers as food inflation slows to single digit,Nigeria joins African peers as food inflation slows to single digit - Business News Nigeria,"Tue, 17 Feb 2026 08:00:00 GMT",Business News Nigeria,businessday.ng,2026-02-17 08:00:00+00:00,2026-08-23 16:01:11.633939+00:00,nigeria joins african peers as food inflation slows to single digit,True,True,True,True
Nigeria staple food prices,https://news.google.com/rss/search?q=Nigeria%20staple%20food%20prices&hl=en-NG&gl=NG&ceid=NG%3Aen,https://news.google.com/rss/articles/CBMiowFBVV95cUxNcDQta3hBamdrdWZ2S09oRFVDOGl2NlJSYUxZQ2U3cVN2ZTJzWFNxbUF5WjQwVWtqVTdoT2tXSXBzMmdvc3dlREhycEV0MEJQaUJkZDllLWVyZERZQ1Jwd0V2RjY4ZWpXTTBWUkY1QmlObnJGVWljS3B6MzNvUFUtc1NObzg1a3hRcS1jX3d1UlFsQnJYU2F6bFJzZHlOOGhZbkJr?oc=5,Relief for Nigerians as food inflation eases to single digit after 10 years,Relief for Nigerians as food inflation eases to single digit after 10 years - The Guardian Nigeria News,"Tue, 17 Feb 2026 08:00:00 GMT",The Guardian Nigeria News,guardian.ng,2026-02-17 08:00:00+00:00,2026-08-23 16:01:11.633939+00:00,relief for nigerians as food inflation eases to single digit after 10 years,True,True,True,True
Nigeria rice prices,https://news.google.com/rss/search?q=Nigeria%20rice%20prices&hl=en-NG&gl=NG&ceid=NG%3Aen,https://news.google.com/rss/articles/CBMicEFVX3lxTE5aYTBzQTBxV1NGZlVTTkFReVF4ZzdIOXQwQWlCUnZsVkUtSUt1R1BlYl9vWXhab18xVjhTSG01XzhCQ1JkYjMwX1VobDJTa3RxZGVZaWppM1NRa0NIYTVQWmxoZjVDOWx3T2J4YU1rRFA?oc=5,"Ramadan: Prices of rice, maize, beans rise","Ramadan: Prices of rice, maize, beans rise - Daily Trust","Wed, 18 Feb 2026 08:00:00 GMT",Daily Trust,dailytrust.com,2026-02-18 08:00:00+00:00,2026-08-23 16:01:11.633939+00:00,ramadan prices of rice maize beans rise,True,True,False,True
Nigeria food affordability,https://news.google.com/rss/search?q=Nigeria%20food%20affordability&hl=en-NG&gl=NG&ceid=NG%3Aen,https://news.google.com/rss/articles/CBMifkFVX3lxTE9zR05meU1zYXp4YjE0eU1MSktkbm12TU1qVlBoWkhYd1FOTXQ3aVpyeGc5NnNLZGVIR0Y0RjRpZ1psQ1JoQ0RnTGRNMFQ3VDlSRUJubFY0c3pMQ1F0UjduSTRiUXRhNVFJNUhFZC1wYU83TWZBcVktb0o3clZvZw?oc=5,When food prices fall: A mixed feeling,When food prices fall: A mixed feeling - Business News Nigeria,"Thu, 19 Feb 2026 08:00:00 GMT",Business News Nigeria,businessday.ng,2026-02-19 08:00:00+00:00,2026-08-23 16:01:11.633939+00:00,when food prices fall a mixed feeling,True,True,True,True
Nigeria food affordability,https://news.google.com/rss/search?q=Nigeria%20food%20affordability&hl=en-NG&gl=NG&ceid=NG%3Aen,https://news.google.com/rss/articles/CBMiywFBVV95cUxQaE1USmJ4SFZxc0JnbjZlTDZ5b1IzWjl1b1V0TFhtUTd6WXRId1RMXzA0MV81WDUzSU5IRllqVkRiaTZsM2pGYlNnLWpacGFoMkQ3TWtRMEpzS0pWZlV6bnJjMXZiakl6azZFeDZySmFTdzFFWEZ2ekM4Q3VCaXpERm9ybmV4NVVSazlOTWY3TzRtSmNRS2x1LVVWOTJqSExyQzZZal9jSkt6ald1TV9ORjdfc3B4eUdiTUxPdjVvV0RIWUpPcDluMVU5Zw?oc=5,"Nigeria’s Food Inflation Drops to 8.89% in January, First Single-Digit Reading in 10 Years","Nigeria’s Food Inflation Drops to 8.89% in January, First Single-Digit Reading in 10 Years - theeconomictimes.com.ng","Fri, 20 Feb 2026 08:00:00 GMT",theeconomictimes.com.ng,theeconomictimes.com.ng,2026-02-20 08:00:00+00:00,2026-08-23 16:01:11.633939+00:00,nigerias food inflation drops to 889 in january first singledigit reading in 10 years,True,True,True,True
Nigeria food affordability,https://news.google.com/rss/search?q=Nigeria%20food%20affordability&hl=en-NG&gl=NG&ceid=NG%3Aen,https://news.google.com/rss/articles/CBMiigFBVV95cUxQUHdub3AyTHdlbEVranQ0aUFBVTYtNlBpVlZEVFVsYUQ1N1B5WmFfaHZJRWFVTkF2ZXM5eTlJMmpVUmFoeFROOXBQOWt1RG9wcjdINHhuQU1IclVHQmxVejZhWU1HeF9CbnIwUVVteUpZcXRqZElmb0txdVNCWEt1RjV1MEJTVmpvenc?oc=5,Peter Obi cries out over falling food prices,Peter Obi cries out over falling food prices - PM News Nigeria,"Sun, 01 Mar 2026 08:00:00 GMT",PM News Nigeria,pmnewsnigeria.com,2026-03-01 08:00:00+00:00,2026-08-23 16:01:11.633939+00:00,peter obi cries out over falling food prices,True,True,True,True
Nigeria cost of living,https://news.google.com/rss/search?q=Nigeria%20cost%20of%20living&hl=en-NG&gl=NG&ceid=NG%3Aen,https://news.google.com/rss/articles/CBMisAFBVV95cUxNbDVyN0ZaTUozSmQxcEtlaFF4bjhOZFVJeHRfLXZnYVEwRVlTb19kclVzRTRJYnpJRTB1T25nVGJmTkRXMzR1b3ZzZjB5M2plRk1tVzBnOFN2RDBRVzhfRGw2N3liZl8ybDZiMkJzei0yN3g0d3o3SDJsZG4yYVlZcE1RQk5NS2o4YVVKeFNRYW1aN01KTmRwRGlraUwxVFJGdTBrSU8za284Zi15cFdSVg?oc=5,Rising Cost of Living in Nigeria: A Struggle for Survival,Rising Cost of Living in Nigeria: A Struggle for Survival - dataphyte.com,"Tue, 03 Mar 2026 08:00:00 GMT",dataphyte.com,www.dataphyte.com,2026-03-03 08:00:00+00:00,2026-08-23 16:01:11.633939+00:00,rising cost of living in nigeria a struggle for survival,False,True,True,True
Nigeria rice prices,https://news.google.com/rss/search?q=Nigeria%20rice%20prices&hl=en-NG&gl=NG&ceid=NG%3Aen,https://news.google.com/rss/articles/CBMimwFBVV95cUxOdnBnUWozaGZOaEtKbU81ZEhKZm8xLWNEWWp2NW5MNmZmM3N3WlNYaHpaWEdTMGVVVTZBcEpuN1ZXTDVCQlNZRTFKNUJBaV8yZzdSM01maEhRcnZVYVI2M1VsZlB6LWVMbmFxSkFRQ1dGYTUwdUNHV3VoRlY2NVlhNnJBVThpazh2a2FYSUdfRHh5MHFGcWhxTEt6RdIBoAFBVV95cUxOVGJDZ0EwSEtpOEJEYU9PSG5Ubkh3TjdlWFlGWEs2aXlIdm1uS1h5M2FHX3VpdzVoWUZ6UFN4RHZjMjZvYU1pUlZLMHVaY2Y4T0hKMk56UDVySDFVRDVBRnN3VDZvRkQ1Z0M4VVZvQTdLamVCMkwyMHphVkVGaFA2MHBRWjROeG5FaUdtZ3pwU1hUcVRXbjlGOU1QVzVxSTVt?oc=5,Mixed reactions as NBS report shows decline in food prices,Mixed reactions as NBS report shows decline in food prices - Vanguard News,"Tue, 03 Mar 2026 08:00:00 GMT",Vanguard News,www.vanguardngr.com,2026-03-03 08:00:00+00:00,2026-08-23 16:01:11.633939+00:00,mixed reactions as nbs report shows decline in food prices,True,True,True,True
Nigeria food affordability,https://news.google.com/rss/search?q=Nigeria%20food%20affordability&hl=en-NG&gl=NG&ceid=NG%3Aen,https://news.google.com/rss/articles/CBMiiwFBVV95cUxNem92UDBQbXFqcC1ic3dOY3FnN3lxSlV5YkN1TksxRU52N3ZhN3hJT3VYTU1Fb0VjUk45NE4zMDdKSkc2V2xFLUloNXRGb2lYZklzN3plNDdRMWVSekIxZjB2dTM0MGlpemVXRTBsQXFaZWVGd3dsMWVvOG15ZkVQLVhxNjR5VXBQRFdJ?oc=5,Food Inflation Fears Resonate Over Middle East Crisis,Food Inflation Fears Resonate Over Middle East Crisis - The Guardian Nigeria News,"Sat, 07 Mar 2026 08:00:00 GMT",The Guardian Nigeria News,guardian.ng,2026-03-07 08:00:00+00:00,2026-08-23 16:01:11.633939+00:00,food inflation fears resonate over middle east crisis,True,True,True,True
Nigeria staple food prices,https://news.google.com/rss/search?q=Nigeria%20staple%20food%20prices&hl=en-NG&gl=NG&ceid=NG%3Aen,https://news.google.com/rss/articles/CBMimwFBVV95cUxQWXl6LXl1QWdoN2NMbmRGZ25LMFU3eFVLeWIwN3FkcndaYWkxOWgydXNqVFdfREpBbHR3TkR2cEs2QzF2M3RaR3pZTzdUNHIwODBOUjZwLXp3dmR2WWIwWUVaalJ1YWFVRnJQckUyQ0VCdFRydmlIWUpyVXdzSG9qZE5hYVc5MVdTOXR5Mm9EU184aGVPOXBhLUZzcw?oc=5,"As food prices fall, ginger remains a stubborn spice","As food prices fall, ginger remains a stubborn spice - Business News Nigeria","Sat, 07 Mar 2026 08:00:00 GMT",Business News Nigeria,businessday.ng,2026-03-07 08:00:00+00:00,2026-08-23 16:01:11.633939+00:00,as food prices fall ginger remains a stubborn spice,True,True,True,True
Nigeria food affordability,https://news.google.com/rss/search?q=Nigeria%20food%20affordability&hl=en-NG&gl=NG&ceid=NG%3Aen,https://news.google.com/rss/articles/CBMicEFVX3lxTE10NVRiLUt5NTVIcFBtMkM4Z3pSdU9XNkZJTU5QWGg5dURYcVlpOXpBTlJzOEJMLWVsX2RNR1RDdlNMa0R2dVh0XzdtM3dLQ0txS3Izc3Rna3ZmN1RzbFBObE5MUjlQd0xfN19raFFZbUXSAXZBVV95cUxQQUVaV2hsYjNMbVlrU3JOR3g2VTNVWUlHZ1gtdVZsVDM3SzA1djc1Q2NhNWNENTRULVRleXFaeHk5VmJpREowcUZObi1lOHpzQVJxbEluak9KUVdEVVJtMkFLNHBQb2dGREtkNGZJNlp0SUxrS1JR?oc=5,Farmers groan over skyrocketing input prices,Farmers groan over skyrocketing input prices - The Sun Nigeria,"Tue, 10 Mar 2026 07:00:00 GMT",The Sun Nigeria,thesun.ng,2026-03-10 07:00:00+00:00,2026-08-23 16:01:11.633939+00:00,farmers groan over skyrocketing input prices,True,True,False,True
Nigeria cost of living,https://news.google.com/rss/search?q=Nigeria%20cost%20of%20living&hl=en-NG&gl=NG&ceid=NG%3Aen,https://news.google.com/rss/articles/CBMiyAFBVV95cUxQb1RTd2lfdnJsMEgtZkljOW5FQkNuNnBHX2tsUTVuRzU0MlVlYWtwQVdjMENuWExpZU1nVDJKV2h6MFhhLVQxV0xiUU5veTRkUzZhNERxZ3JPN05kaVVLd1JFV2o0ZlVNLUpBdXB3akg0UGRGMzduZC1WRE5TWVUxek9YOVZfN2dMWnhKSmN0RjEtMGlzMXF5VnpkTHhxMlBYMjBHc0loWnpFLUFaLXRlck94d2VZUGFkS1pXZG5jRW95dXRlRk9oWNIBzgFBVV95cUxQYm05ejdTcVYtSzBWcDZ0TFh2eTB2cXVLYWFKbXV3R3RmMnJ6bHoyVWhrTnlEaFdMNFVBdTVCMS1vN3BvZTI4dnJBeWdLZmxYMWljVHB0RzFsRjN1MHBLWTAyd3hsMmJ3bnl4cjlYZnVydml3SWhzUkZhVkJpMXdYYnlOUG00azRQTzlQZ3JISzdUR0x5ZncxRDBzQ0xrS2V5dGJDS3NQdlV2SHpVa2RMZDF3YjhwSW9Cc3lkcHFLSGpwblZRUEFhcllwX1pDdw?oc=5,Middle East war: Nigeria earns more dollars as Nigerians reel under staggering cost of living,Middle East war: Nigeria earns more dollars as Nigerians reel under staggering cost of living - Vanguard News,"Sun, 15 Mar 2026 07:00:00 GMT",Vanguard News,www.vanguardngr.com,2026-03-15 07:00:00+00:00,2026-08-23 16:01:11.633939+00:00,middle east war nigeria earns more dollars as nigerians reel under staggering cost of living,False,True,True,True
Nigeria food inflation,https://news.google.com/rss/search?q=Nigeria%20food%20inflation&hl=en-NG&gl=NG&ceid=NG%3Aen,https://news.google.com/rss/articles/CBMi0wFBVV95cUxQUTlVMFlKOGZPcVdnWVhqdGRuUUZmZWtEU2VVcE9jLUIwOEhRV0xETHk4MmRSdW8yVUphZk9TVlFaQ3VnQjJEb1dhdW9oUV9LaS1HeG1OTnhLeGE3QW1iRTNNX2hrMUxYVmxmVlRCd3JaVkVjaW91YTM1blJ5aDBKV2txandCcDNsdFFabjFiRVN1Q0N1dTY0aUZZa0tBMGRVS3FnanBwZ3ZKbFZDbHN2SjEzeF9ZMmtRVEVueDNMektwMFZvN2dfWkZwOHlvLWt2V0xj?oc=5,"Nigeria’s food inflation returns to double digits, hits 12.12% in February","Nigeria’s food inflation returns to double digits, hits 12.12% in February - Premium Times Nigeria","Mon, 16 Mar 2026 07:00:00 GMT",Premium Times Nigeria,www.premiumtimesng.com,2026-03-16 07:00:00+00:00,2026-08-23 16:01:11.633939+00:00,nigerias food inflation returns to double digits hits 1212 in february,True,True,True,True
Nigeria food inflation,https://news.google.com/rss/search?q=Nigeria%20food%20inflation&hl=en-NG&gl=NG&ceid=NG%3Aen,https://news.google.com/rss/articles/CBMijgFBVV95cUxQOE5CVUJ3QXNhOFpfa2J2Q1N0ZU9XeG52RzV3cE1QemJrenMxdE9vQURGLURBeWlvOE11aU1XSFJ2TnZUTG5mR2RGbDFfRVh1OWJZSWlZSTVxZjJzX1NCdEdGTjNlRnpEWHVjWW5RVGR1VkRhYkFnWE0yZ1BGdHZ1ajZfNWZpVEd5NDk4Q1N3?oc=5,"Food Inflation Resumes Upward Trend, Hits 12.12%","Food Inflation Resumes Upward Trend, Hits 12.12% - Channels Television","Tue, 17 Mar 2026 07:00:00 GMT",Channels Television,www.channelstv.com,2026-03-17 07:00:00+00:00,2026-08-23 16:01:11.633939+00:00,food inflation resumes upward trend hits 1212,True,True,True,True
Nigeria food affordability,https://news.google.com/rss/search?q=Nigeria%20food%20affordability&hl=en-NG&gl=NG&ceid=NG%3Aen,https://news.google.com/rss/articles/CBMilAFBVV95cUxNblc2MXdieDZIWDdVVUlfU3MzbjBMNFljQUE5Mi1zNTlwYkhHenY2Q3ZDcDY0RnlTSW9jbFhtT3FPWHo2U1h3Z2RiX0hDY1JjNVAtV0dhRWNCVXkxTzZ1Z1kyX2NEcGhJM0NsQWpWWDVQM2JXc2d4bXVJQ0hPVVFCVjNIM3RfTFhfbEJOQ1hQU2RSbkFQ?oc=5,"Food inflation, fuel price hike worsen hardship in Nigeria","Food inflation, fuel price hike worsen hardship in Nigeria - Daily Post Nigeria","Tue, 17 Mar 2026 07:00:00 GMT",Daily Post Nigeria,dailypost.ng,2026-03-17 07:00:00+00:00,2026-08-23 16:01:11.633939+00:00,food inflation fuel price hike worsen hardship in nigeria,True,True,True,True
Nigeria food affordability,https://news.google.com/rss/search?q=Nigeria%20food%20affordability&hl=en-NG&gl=NG&ceid=NG%3Aen,https://news.google.com/rss/articles/CBMinwFBVV95cUxOWjFLWlJLdWh6bzdfQVlwQ2dhUmJYb0NTTzZXZnAySXcxY25TT3BIWnN5UXo0QUVHRTQ1YTY1NVdZU0c1ZmI1dk5WX3ZWa2QyMWVWNnMtRFlXWHJ4VkZrTTdYQUdfNlg0WWotaUZzUXNMWHZlVTVLSGRVc19scS1rck5MTnpfQ2VyV3hyZGk2NFhPalFFSW5iTkJmWGpJUkE?oc=5,Inflation eases to 15.06% despite slight rise in food prices,Inflation eases to 15.06% despite slight rise in food prices - The Guardian Nigeria News,"Tue, 17 Mar 2026 07:00:00 GMT",The Guardian Nigeria News,guardian.ng,2026-03-17 07:00:00+00:00,2026-08-23 16:01:11.633939+00:00,inflation eases to 1506 despite slight rise in food prices,True,True,True,True
Nigeria food inflation,https://news.google.com/rss/search?q=Nigeria%20food%20inflation&hl=en-NG&gl=NG&ceid=NG%3Aen,https://news.google.com/rss/articles/CBMiuAFBVV95cUxPcjgzNjVfWFVLTHJVUldRemhzTC1hS2NqSDI0eE9fRzNoMnBqdlFGT2F3elFFN0VfNlpON0R5eWxIYXZtOC1CZlN2WmM4TkpvZFl4LWhDRDNLcHhMckZaMXJHcV9USXJ4OWZnSF9MMldTcExLelJycHR3d05xaV94UVpYV0xPT0hZc0hLM0JIVlEzdnpRb05rU0x6QmtkeS1TUklkVXhicTI2SkkyVmo0cXRDc1NJRFJj0gG-AUFVX3lxTE8xWHJIMDR1cjhBWTRITEE4WHQwdXdBY2N6LUVOcmNRZ3RZMzNjeHpZa3RJUzZGWk9ETTM5Uk1SZGpkZDdVN0tNMEd3alU2VjFPajlfQUhGNnBPanI4ejBXYTRsaDJUOEpMdzB1WHhzZmFUelBVMV82Y3p5UUFlaF9oaXdlcVJhc0d2Z2FPcnlScHFrelVYQi1CM1JuUEhFUzlqcGEwaHlJSWtXRUFYVkt5dEMzM1hYWDVEbUpTelE?oc=5,"After 6-month break, food inflation resumes upward climb, rises 12.12%","After 6-month break, food inflation resumes upward climb, rises 12.12% - Vanguard News","Tue, 17 Mar 2026 07:00:00 GMT",Vanguard News,www.vanguardngr.com,2026-03-17 07:00:00+00:00,2026-08-23 16:01:11.633939+00:00,after 6month break food inflation resumes upward climb rises 1212,True,True,True,True
Nigeria cost of living,https://news.google.com/rss/search?q=Nigeria%20cost%20of%20living&hl=en-NG&gl=NG&ceid=NG%3Aen,https://news.google.com/rss/articles/CBMiqAFBVV95cUxNdG4xVUxhRThQcnFvWlV6ZGlmSkZ5WUNFYXg2dzgzXzlNd252QnJJRDVhTlVxa28tbmpENVp2UUVGUFFkZjM4cWwzS2tFVXU0OVluUkFVZ1FuRmYyX01ZVnFVemxPVmMxREZzRlJnd3AxYS1lUGx5clpmSndzR3ppa3FnMTF6OUF3SE04Sk5wT29wY2Y1VnJzTEJUVm5ZeldTa204NTUxUnU?oc=5,Nigeria’s oil windfall comes at a cost of living crisis for households,Nigeria’s oil windfall comes at a cost of living crisis for households - Business News Nigeria,"Wed, 18 Mar 2026 07:00:00 GMT",Business News Nigeria,businessday.ng,2026-03-18 07:00:00+00:00,2026-08-23 16:01:11.633939+00:00,nigerias oil windfall comes at a cost of living crisis for households,False,True,True,True
Nigeria cost of living,https://news.google.com/rss/search?q=Nigeria%20cost%20of%20living&hl=en-NG&gl=NG&ceid=NG%3Aen,https://news.google.com/rss/articles/CBMiiwFBVV95cUxOZ2tMZ1QtLWpLUGpCTVFNWGptUTJSOUtzMk9CcmRkZU5aWUhabTNGX2RBWV9YZ29yYXRPS3d0akt5Tnh5aU5uUDR1c1NnOXVBbFg2ZDRiUHpBRmN3WTUzWVlLOWpZSFA3TTl0LWdBcFFNdWVVeTBTODN0dTFPd0NFbG9fbW5YM3MzYS1r?oc=5,Group decries rising cost of living in Nigeria,Group decries rising cost of living in Nigeria - Business News Nigeria,"Wed, 18 Mar 2026 07:00:00 GMT",Business News Nigeria,businessday.ng,2026-03-18 07:00:00+00:00,2026-08-23 16:01:11.633939+00:00,group decries rising cost of living in nigeria,False,True,True,True
Nigeria food inflation,https://news.google.com/rss/search?q=Nigeria%20food%20inflation&hl=en-NG&gl=NG&ceid=NG%3Aen,https://news.google.com/rss/articles/CBMipwFBVV95cUxNbFZpOGZJMzUyUF8xYVp4VUZnTDFEU1A0aW1fVXY0dnlsRUN0X2F6S1dBLXVETTFGRHNYcmI3N01MYjVzY2diNlFQekhOYUZsZ3pYLXp6RHdrcF81MThROUtHb0liOHRTM0prX2RJRmNBT0JBX0xpdl95cUZDTTNzczM4OFZhcjRvcTdlNXpJaTBjZDZhS0dWcFJMSzU4MGQzQWVCcmxCYw?oc=5,Food inflation reverses disinflation trend over Ramadan stockpiling,Food inflation reverses disinflation trend over Ramadan stockpiling - Business News Nigeria,"Wed, 18 Mar 2026 07:00:00 GMT",Business News Nigeria,businessday.ng,2026-03-18 07:00:00+00:00,2026-08-23 16:01:11.633939+00:00,food inflation reverses disinflation trend over ramadan stockpiling,True,True,True,True
Nigeria purchasing power food,https://news.google.com/rss/search?q=Nigeria%20purchasing%20power%20food&hl=en-NG&gl=NG&ceid=NG%3Aen,https://news.google.com/rss/articles/CBMiygFBVV95cUxQUEc4TUFzVTBHUUcwX2Z4b014MFhidHZkNk1zTlJtaG11Z013aVQ3b0JSNXFXVGFNcXQ5RnJFMGpDYzczUXI2Y2EzTDEteDk1R2kzaThQU3BWYUFCeUxQWWN2d2c3STVzUndpb00xSllLVHY0UWdTWUUxYUw2cXNXeC1fUnFYVDRXSjBBV2ZLa2htMUVoOWdmdDRPZUhreTVZWnlUSWNsWUEzR2tyelZ6MUVsT3lUanQ2Q3NURkM1YVU1WjFMaXpoYVZn?oc=5,"Sallah: Soaring prices of rice, tomatoes, meat hit households across Nigeria","Sallah: Soaring prices of rice, tomatoes, meat hit households across Nigeria - Legit News","Fri, 20 Mar 2026 07:00:00 GMT",Legit News,www.legit.ng,2026-03-20 07:00:00+00:00,2026-08-23 16:01:11.633939+00:00,sallah soaring prices of rice tomatoes meat hit households across nigeria,True,True,False,True
Nigeria purchasing power food,https://news.google.com/rss/search?q=Nigeria%20purchasing%20power%20food&hl=en-NG&gl=NG&ceid=NG%3Aen,https://news.google.com/rss/articles/CBMiigFBVV95cUxOdE9MbFVkQ3V0Wk1ja2YtdHdLc19GRXExaFBTVnpPTEpZV180Zy11VU9Oel92eVNnTXhhUW5Db3E1dlRnM3pzMGhiS0g3R0lHQWJMM1NXTkV6bW9nV3NqUU5pZmtFZHVlbzBySm9sejBTMk5nb1VhYlRiZWpMNHBQQk92Yk03Z3BLV2c?oc=5,Sallah: Consumers lament soaring food prices across Nigeria,Sallah: Consumers lament soaring food prices across Nigeria - Daily Trust,"Fri, 20 Mar 2026 07:00:00 GMT",Daily Trust,dailytrust.com,2026-03-20 07:00:00+00:00,2026-08-23 16:01:11.633939+00:00,sallah consumers lament soaring food prices across nigeria,True,True,True,True
Nigeria cost of living,https://news.google.com/rss/search?q=Nigeria%20cost%20of%20living&hl=en-NG&gl=NG&ceid=NG%3Aen,https://news.google.com/rss/articles/CBMipwFBVV95cUxOWUE0b0l2MWtsTHNLZER5Y280d2k0WTREQ0t4OENlUnM0aW5mZDF3aVFVcnVoQ0oyMXE4X2o1Y3hpMXNfSUlLd0g5Z0JvRHJZV0FjdzBRdXpxLUFJaVNiZ1FLcEtodmk4RERRV1gxakhDdW5xSUd4cWNkTTZ2ajBVM3NXV1Y4WUpQMGtQaVBVclNzSlJ6U3ZBT0FuOG1SU1VBWkxKMlRzVQ?oc=5,"REPORT: Nigeria Ranks Last Among 89 Countries in Quality of Life, Purchasing Power","REPORT: Nigeria Ranks Last Among 89 Countries in Quality of Life, Purchasing Power - FIJ NG","Mon, 23 Mar 2026 07:00:00 GMT",FIJ NG,fij.ng,2026-03-23 07:00:00+00:00,2026-08-23 16:01:11.633939+00:00,report nigeria ranks last among 89 countries in quality of life purchasing power,False,False,True,True
Nigeria food affordability,https://news.google.com/rss/search?q=Nigeria%20food%20affordability&hl=en-NG&gl=NG&ceid=NG%3Aen,https://news.google.com/rss/articles/CBMikAFBVV95cUxPaWE5ZDlHVlJmODBYemVrX21hMWpIVE56TzFDOXpKallKYVF3NkZWY0R0UW5QeGZxLUJNcTdhSl9pUEt3azAyVGlVa0x6YThGR1pIWFl5Y2tBSkdPQ053ai04QkYyNG0tN0RVa2djbVFPWElSQ3dDWFJzUkRwVmxkTzlYN1VQNG1qOUJtTk9taHI?oc=5,Cost-of-Living Pressure Deepens as Fuel Prices Drive Market Increases,Cost-of-Living Pressure Deepens as Fuel Prices Drive Market Increases - nigeriahousingmarket.com,"Mon, 23 Mar 2026 07:00:00 GMT",nigeriahousingmarket.com,www.nigeriahousingmarket.com,2026-03-23 07:00:00+00:00,2026-08-23 16:01:11.633939+00:00,costofliving pressure deepens as fuel prices drive market increases,True,True,False,True
Nigeria food affordability,https://news.google.com/rss/search?q=Nigeria%20food%20affordability&hl=en-NG&gl=NG&ceid=NG%3Aen,https://news.google.com/rss/articles/CBMiogFBVV95cUxPSWQxNGRuNWRsb25YaE1xVUVwWkRQR2VEams3VkZBU1c3WHhUUUJQOF9fWjdkUGtva1N1b2g2NXA3c2hHMmFyOEk5bUNPUHNTcnBfT3lwbU9jczhpU0FMeDI4WHdXSHZldWdWLTFYVi0zT2Qtd1lRXzhZX2NreWY3UjJTaTdJZHdBa2JvNjBZMWExRlh4eDBuRXFQaUtzLWhXb0E?oc=5,Preventing future supply squeeze from current low food prices,Preventing future supply squeeze from current low food prices - The Guardian Nigeria News,"Wed, 25 Mar 2026 07:00:00 GMT",The Guardian Nigeria News,guardian.ng,2026-03-25 07:00:00+00:00,2026-08-23 16:01:11.633939+00:00,preventing future supply squeeze from current low food prices,True,True,True,True
Nigeria staple food prices,https://news.google.com/rss/search?q=Nigeria%20staple%20food%20prices&hl=en-NG&gl=NG&ceid=NG%3Aen,https://news.google.com/rss/articles/CBMihwFBVV95cUxNbzFTc0lkbUhURmpkRTFQQVg0Yno1VlVGUTk5MlFlcXlIdkJ3cDRWejhjN0tRZHRmZVlSUmt5RDZES3plbkRQOWhWUTR3dE45bkg0YXRESXk0NHJENEpqTm5La1hVWjRlY3ItWHJ4dGlYcml5aTNzN01CUmxrNEw4b0U1SjVhSEE?oc=5,Rising Food Prices Expose Nigeria’s Supply Chain Failures,Rising Food Prices Expose Nigeria’s Supply Chain Failures - Independent Newspaper Nigeria,"Fri, 27 Mar 2026 07:00:00 GMT",Independent Newspaper Nigeria,independent.ng,2026-03-27 07:00:00+00:00,2026-08-23 16:01:11.633939+00:00,rising food prices expose nigerias supply chain failures,True,True,True,True
Nigeria purchasing power food,https://news.google.com/rss/search?q=Nigeria%20purchasing%20power%20food&hl=en-NG&gl=NG&ceid=NG%3Aen,https://news.google.com/rss/articles/CBMijgFBVV95cUxNZzFRQS1vMEdfX3l3a2o0YncxWnZiU3BWZVZCNEhrbS1UNlZZLW9Obm1waHVLSkFoWUZDQ2NPNWFTZDdZVnhtTkgzQkd6VHk0TlBvaWlYYUtsNUVGdWhZOFM1UktlcmFrTjBpR0JJXzYtRDNMdEFNVzliSTBUTmItUDhKMlQxLXd2MG8xU0F3?oc=5,Soaring food costs ignite malnutrition worry for young children,Soaring food costs ignite malnutrition worry for young children - Business News Nigeria,"Fri, 27 Mar 2026 07:00:00 GMT",Business News Nigeria,businessday.ng,2026-03-27 07:00:00+00:00,2026-08-23 16:01:11.633939+00:00,soaring food costs ignite malnutrition worry for young children,True,True,False,True
Nigeria rice prices,https://news.google.com/rss/search?q=Nigeria%20rice%20prices&hl=en-NG&gl=NG&ceid=NG%3Aen,https://news.google.com/rss/articles/CBMitgFBVV95cUxPVmw3RzNSc0VyNlpyU1RhVG1Vczd0NVRGMjZoc25rTTI4b21YdGVaREI1MV9SN015amFuN3RxQWFjaXcwdlJiMGgtUGVCMEN5SFZKblJwRGxFZGw2dGs3dGRtMmZTSnZkQ0hnVk42MmRKaGxBSHBhZHE5WnhILXZCb2hxZ2Q5RC1Ya0paeDl6ZzRoOVMzRnUwMHJnXzFJeGM3RmdGRmJNZ3pYNmVXbDg5X1FGa3hjUQ?oc=5,"Smiles in the Market, Tears on the Farm: The Real Cost of Reduced Food Prices – FRCN HQ","Smiles in the Market, Tears on the Farm: The Real Cost of Reduced Food Prices – FRCN HQ - FRCN HQ","Sat, 28 Mar 2026 07:00:00 GMT",FRCN HQ,radionigeria.gov.ng,2026-03-28 07:00:00+00:00,2026-08-23 16:01:11.633939+00:00,smiles in the market tears on the farm the real cost of reduced food prices frcn hq,True,True,True,True
Nigeria rice prices,https://news.google.com/rss/search?q=Nigeria%20rice%20prices&hl=en-NG&gl=NG&ceid=NG%3Aen,https://news.google.com/rss/articles/CBMie0FVX3lxTE9SSEpRQlcxREtZWlJGY1kxYVJSVmxwYU9LdlUybkJVLXVoWHIyV2VmTWM5a1hlbUxwTEI1QmEyeGN3U1hYM3hXMjFCdVUzUXhtTGZzeWE4NllBRUc4czQ1NlhvdGs4Qmg0NENONWRqUEtlN1RISVVtSVVlRdIBgAFBVV95cUxPdDdhVzA0Z01GTVJxeUk0WG14ZjA1ekU3endEVXpEOVpmVVVwUUhjaEVUX2hGY05SOEo5NGwwUG1tRjdzaWV4RzBzQ3BYVFZBdEdxREJham9nb1diblNxRlItYzhIUFNYSEY4RDlYR0NIRnRpNGw0Z3FBZXRhYWlTdw?oc=5,Worst food crisis looms in Nigeria,Worst food crisis looms in Nigeria - Vanguard News,"Mon, 30 Mar 2026 07:00:00 GMT",Vanguard News,www.vanguardngr.com,2026-03-30 07:00:00+00:00,2026-08-23 16:01:11.633939+00:00,worst food crisis looms in nigeria,True,False,True,True
Nigeria food affordability,https://news.google.com/rss/search?q=Nigeria%20food%20affordability&hl=en-NG&gl=NG&ceid=NG%3Aen,https://news.google.com/rss/articles/CBMinwFBVV95cUxQQ0RDX1ZGZzRlTFJtZ1ZGUWlZYlBJTldSSXRydk5ybXVCSmJCTnRtNm8wZlllbVF5Rm0zbkxYMHRoaDVLa3hHWVZSRDdlbHZ1SGFCVXBEa3BCSWpLQXdiUkZIVXZta0xXYVdMcjRhYk1uRko1dUhtSmkyTjk3RF9acG5ybEVVdDFSLW5adEtlMC1jR0RUYnBFT09HRmw3SDQ?oc=5,U.S. Vs Iran: Market survey shows sharp increase in food prices,U.S. Vs Iran: Market survey shows sharp increase in food prices - PM News Nigeria,"Mon, 30 Mar 2026 07:00:00 GMT",PM News Nigeria,pmnewsnigeria.com,2026-03-30 07:00:00+00:00,2026-08-23 16:01:11.633939+00:00,us vs iran market survey shows sharp increase in food prices,True,True,True,True
Nigeria food affordability,https://news.google.com/rss/search?q=Nigeria%20food%20affordability&hl=en-NG&gl=NG&ceid=NG%3Aen,https://news.google.com/rss/articles/CBMiiAFBVV95cUxPOEhUMTFfcTVGRW4tQ1UtWTdzcENFdy14bVZ5UExveGlVSXdaaVFWdVRtbE5HU0dUVGtmX0ttajhWaXlGWkRhYW04RS1kMkZ0YVlwNmxhc0Z0LUFNU1FlUmRuSEhsdk5pTmJTaW1SOTFSbFB1bklmeHFfS0xiQW81dHJNc0dXdDhw?oc=5,"When prices rise in Nigeria, they rarely fall","When prices rise in Nigeria, they rarely fall - The Guardian Nigeria News","Tue, 31 Mar 2026 07:00:00 GMT",The Guardian Nigeria News,guardian.ng,2026-03-31 07:00:00+00:00,2026-08-23 16:01:11.633939+00:00,when prices rise in nigeria they rarely fall,True,True,False,True
Nigeria staple food prices,https://news.google.com/rss/search?q=Nigeria%20staple%20food%20prices&hl=en-NG&gl=NG&ceid=NG%3Aen,https://news.google.com/rss/articles/CBMikgFBVV95cUxQNzg5MlBqbW92dV9wOEZGMkp4cndVZ1cyYnNTSlNUTWk5RkNFRGpaakNPZ3FjS0hkU0dqb2J3dnNZWmRuR1h1SUtCYVFIU1lzbWlOVEJuX0NWWnVJZ3hXZ0ZISUJNY3hTS3QtTlFHTkwxU1VOQlJRNmhiRUVGaW9NOGdTcFhUaVR0bENYd1VyTU1UQQ?oc=5,"Global Price Watch February 2026 Prices (March 31, 2026)","Global Price Watch February 2026 Prices (March 31, 2026) - ReliefWeb","Wed, 01 Apr 2026 07:00:00 GMT",ReliefWeb,reliefweb.int,2026-04-01 07:00:00+00:00,2026-08-23 16:01:11.633939+00:00,global price watch february 2026 prices march 31 2026,True,True,False,True
Nigeria staple food prices,https://news.google.com/rss/search?q=Nigeria%20staple%20food%20prices&hl=en-NG&gl=NG&ceid=NG%3Aen,https://news.google.com/rss/articles/CBMihAFBVV95cUxQcHNyVjBSc0dtWDlXOVFNVEpkdFlUZ1llYnVTZUZvU21tb05vYzNSdUpOck40Uk1pYWc5TTM4NXd0ZmtzMXlPSjBQdHp0SjR5anFPQzE4cnhYT3o5TGpES0p0SGlwY0E1RDhfZEJYM3V2UHRSdnB0UWQtWFFVaklLbHduTE3SAYoBQVVfeXFMTXl4NkppMy1rc3VGdEZoV3BsQk5zV0NaY050eHVfT1ZvNzd4aDJkZV80dUU0QUYtR1RObUZjSm9weXdNVFdQU0xDaG01RS1HZkk0MTY1elhsZzZoTnJHZElpTU9qalBCYjVXRjJsVFZORm9YQjJDVV9iRnowbkIyckloYUdaMFhhS3V3?oc=5,Residents decry rising food prices in FCT,Residents decry rising food prices in FCT - Vanguard News,"Fri, 03 Apr 2026 07:00:00 GMT",Vanguard News,www.vanguardngr.com,2026-04-03 07:00:00+00:00,2026-08-23 16:01:11.633939+00:00,residents decry rising food prices in fct,True,True,True,True
Nigeria staple food prices,https://news.google.com/rss/search?q=Nigeria%20staple%20food%20prices&hl=en-NG&gl=NG&ceid=NG%3Aen,https://news.google.com/rss/articles/CBMikAFBVV95cUxPcC1DU2JyQW5RcFE1cFpMeXpNaUFtXzlNamtuZ3hRVTB3dE5nZGFUVUhHVndTdTRyZE5iUHRJTVhwZnRhNFpCR3hkZUREaWZ3ODJkLTd5ODEyZllOcHpmTmZsOVRrWENmWHAyMXQzMkRlSW5qVk1lS3pBem9FT1gtWU1jN3RIcm9HOEs3VWh5X03SAZYBQVVfeXFMUDZtZXlXd1ZSUVktRndCT0t2bmVOdDNPRVRiYThidXlrVXVDY3JNUWhZdEZrUXBVRzYzX19yNWlzaUFqTm15MzVKX3JhS3BNU0hRalluSnNHSGJ0YjBDRzljVlI1RVRyLUpNNURsb0lWUWZGSWxXREpBRndoU0VhTl9fQ2JBbG5IZFlndVlZVGluWHlBbVF3?oc=5,"Lamentations as rising fuel prices push up food cost, transport fares","Lamentations as rising fuel prices push up food cost, transport fares - The Sun Nigeria","Sat, 04 Apr 2026 07:00:00 GMT",The Sun Nigeria,thesun.ng,2026-04-04 07:00:00+00:00,2026-08-23 16:01:11.633939+00:00,lamentations as rising fuel prices push up food cost transport fares,True,True,False,True
Nigeria food prices,https://news.google.com/rss/search?q=Nigeria%20food%20prices&hl=en-NG&gl=NG&ceid=NG%3Aen,https://news.google.com/rss/articles/CBMipAFBVV95cUxOaUFGcXF0aW9wYjVpd0JlWkM0cVVDYkIwU3BVbi1iYmVZeWFGSGVqaFJXeTVZRnBLcWtRcS1ySW9VYUNaWmVURF9RcjA3Y3dGQTJWMF9XcWJyOTlRdnFMQ1VBN0hoRS0xRTBMaXlYeGxWTUJyRU9mRERuanN2V1ZtUlU4Qy0tekEtcVY4MXhiRHBuTHpiMkppZHlJaXdrNzZiekR4YQ?oc=5,"Nigeria’s Food Prices Surge Again In April 2026, Worsening Cost-Of-Living Crisis","Nigeria’s Food Prices Surge Again In April 2026, Worsening Cost-Of-Living Crisis - Independent Newspaper Nigeria","Mon, 13 Apr 2026 07:00:00 GMT",Independent Newspaper Nigeria,independent.ng,2026-04-13 07:00:00+00:00,2026-08-23 16:01:11.633939+00:00,nigerias food prices surge again in april 2026 worsening costofliving crisis,True,True,True,True
Nigeria cost of living,https://news.google.com/rss/search?q=Nigeria%20cost%20of%20living&hl=en-NG&gl=NG&ceid=NG%3Aen,https://news.google.com/rss/articles/CBMibkFVX3lxTE5XSTRjSWwwZHBIMlI1WHpaQVVpSFZWbkgtdnZNRW1uOXFVdk1DWUdTRkxSN0IzaEVQMlhBajhoV2lGbGo4WHh5U0J6eTFISG91ZVBwcVhWeHFFelpZN2g4dlVWbkJyUnd6Q0FsTkZn?oc=5,Fuel Prices And Cost Of Living Crisis,Fuel Prices And Cost Of Living Crisis - Independent Newspaper Nigeria,"Mon, 13 Apr 2026 07:00:00 GMT",Independent Newspaper Nigeria,independent.ng,2026-04-13 07:00:00+00:00,2026-08-23 16:01:11.633939+00:00,fuel prices and cost of living crisis,True,True,True,True
Nigeria rice prices,https://news.google.com/rss/search?q=Nigeria%20rice%20prices&hl=en-NG&gl=NG&ceid=NG%3Aen,https://news.google.com/rss/articles/CBMirwFBVV95cUxOMERTSlFJSnBRYWNqeEZBclZIWktxQThlczM5dGFGRkg4LUVEUVlHSWRrcWlUR2lYdDJzZk1jbEZkbUJyZ3dGZ25QYU9EaHhaWk8yMTdEazk4alFmeG03SHMxQnBwRzFXVHpzYTRJbksxSjVXbm1sdEp5Znh2TjlDQ19PWGtiaDZjeDVMTWdCRmljVnZnb0RmYmJEQjh2SEpFbGdiUTB0cjRtWmhHRmgw?oc=5,Paddy price slump curbs Nigerian farmers’ production plans for 2026,Paddy price slump curbs Nigerian farmers’ production plans for 2026 - Business News Nigeria,"Wed, 15 Apr 2026 07:00:00 GMT",Business News Nigeria,businessday.ng,2026-04-15 07:00:00+00:00,2026-08-23 16:01:11.633939+00:00,paddy price slump curbs nigerian farmers production plans for 2026,True,True,False,True
Nigeria food prices,https://news.google.com/rss/search?q=Nigeria%20food%20prices&hl=en-NG&gl=NG&ceid=NG%3Aen,https://news.google.com/rss/articles/CBMipwFBVV95cUxNTkJCUkZTLUU1Z2tQcWtUTW4zcGFHOWhmbC0zV2s5cEJiYllEZzlpblVFVWtHcjJBODJmeWJpNnZ6Wi0tU0Z0dEZTOWRSTVptQ1FCdV9TZG5Gak8tSk95bklsMlp1Yi1PVDZOc19fdnJwaDk3bEJhT2FUTHhETzFfRzdQNGZjNjdIOGc5d3J4emhyVDkyczdETDE4VHlya2s1dUVrM0UyUQ?oc=5,Nigeria’s food inflation drops to 14.31%,Nigeria’s food inflation drops to 14.31% - Premium Times Nigeria,"Wed, 15 Apr 2026 07:00:00 GMT",Premium Times Nigeria,www.premiumtimesng.com,2026-04-15 07:00:00+00:00,2026-08-23 16:01:11.633939+00:00,nigerias food inflation drops to 1431,True,True,True,True
Nigeria food inflation,https://news.google.com/rss/search?q=Nigeria%20food%20inflation&hl=en-NG&gl=NG&ceid=NG%3Aen,https://news.google.com/rss/articles/CBMirAFBVV95cUxOZTZwSHRPMlprejZSVDFUcm1ud3htTU1nVTZreVNXdHozcHB0RVBmQmZ6Sk96QzVBMVFRbmhmajUzcl91OWJHTnpyME1pa09FRnYzRGNNN3J2NzJuNnh1OFBRM192R3lOMUkwY3gyV241RUNmRm9HeG1xSnZnT2lqYy1EUDJrUkhIMGhUZzdlMVNDbnV4OS10Zzc2ZnVnX1ExSDNmZUhNTWFYTk1Q?oc=5,Nigeria's food inflation slows despite impact of Gulf tensions,Nigeria's food inflation slows despite impact of Gulf tensions - CNBC Africa,"Thu, 16 Apr 2026 07:00:00 GMT",CNBC Africa,www.cnbcafrica.com,2026-04-16 07:00:00+00:00,2026-08-23 16:01:11.633939+00:00,nigerias food inflation slows despite impact of gulf tensions,True,True,True,True
Nigeria food affordability,https://news.google.com/rss/search?q=Nigeria%20food%20affordability&hl=en-NG&gl=NG&ceid=NG%3Aen,https://news.google.com/rss/articles/CBMiqgFBVV95cUxNSWxzd2JlMjVJWUtmSDV1OXk5U0FZQlRSbTNCdENCYVNEaDZjdEl2YlFGUFB2QUwtam9oc1lOaVYyNUdMWDEyYWlldlRvZTQ5eU5YUjE1ekV0WnA3SUtHWHhuWlZMVzc0OHFwbFh2am1WZ01XU3N3dG0wVF9qeEJZT05ueDFxSVIwemhxb28tWEVYVllsOERvbVhPM2x2NG9XQ0NxSlR2RDhwQQ?oc=5,Experts explore affordable nutrition strategies amid rising food cost,Experts explore affordable nutrition strategies amid rising food cost - The Guardian Nigeria News,"Thu, 16 Apr 2026 07:00:00 GMT",The Guardian Nigeria News,guardian.ng,2026-04-16 07:00:00+00:00,2026-08-23 16:01:11.633939+00:00,experts explore affordable nutrition strategies amid rising food cost,True,True,False,True
Nigeria cost of living,https://news.google.com/rss/search?q=Nigeria%20cost%20of%20living&hl=en-NG&gl=NG&ceid=NG%3Aen,https://news.google.com/rss/articles/CBMiqgFBVV95cUxOV3B6R1pPUUI0SnlINFhGOGR5OGxMbzltOG95eVd5aVNkRGVDckFuaS1mTzVQVk5YaFhFY2JFZDZmVzFwTTRKbUdPSURramJMTi1ERzlaeGdtaXZVYnA2bDRxcEJXUEFPTmFDajdXWTNtSnNrVFc1MXEweFFreWF0RHJOc3NKRF93ZDZXSXV4VGVJYVpldV9KODl6X004Rk54N1h2NVN0TGxydw?oc=5,"Nigeria’s Cost of Living Crisis: A Nation on the Brink, Demanding Urgent Rescue","Nigeria’s Cost of Living Crisis: A Nation on the Brink, Demanding Urgent Rescue - Realnews Magazine","Mon, 20 Apr 2026 07:00:00 GMT",Realnews Magazine,realnewsmagazine.net,2026-04-20 07:00:00+00:00,2026-08-23 16:01:11.633939+00:00,nigerias cost of living crisis a nation on the brink demanding urgent rescue,False,True,True,True
Nigeria cost of living,https://news.google.com/rss/search?q=Nigeria%20cost%20of%20living&hl=en-NG&gl=NG&ceid=NG%3Aen,https://news.google.com/rss/articles/CBMioAFBVV95cUxPNXhJb19QMTJvZmJvdnozN1hISTVCUWh0Mnl5YWxEWVBfbHppX0NodUJ2VzFRZGNpTVNhUEhpcmExT1gweFNyMGxWeENGb1VLM3dORl9WTzg0QzkwNmEySTdGYUpUSzM1bVBpNUV2OVN4bUFyVzBsdEFQdGRiVGN2bEJKT18tLVZYT2lCZDRmME9sWnBwUmpnQ21XRmRSS2NL0gGmAUFVX3lxTE5DMjVDZy1vNkdCbVFEM19JcmtNSFYxQmZ3QlBsVUU0TVpsdDRsMm1GSl9oc2dud29xRE5QTWo5dW5FdDVIR2FDenppQWJHTFIyd3JQLTk0c1RDRTdrUXV3T3FlLXR6V2htZFZGamlvYWhhNlRSRHFtdGNmU3lXS1RYdjFxNGFkYmhVV1lxb1o0X2I2V1JTTzQ4YUhwbF9vdXJkQXRnaVE?oc=5,Nigeria slashes import duties to fight rising cost of living,Nigeria slashes import duties to fight rising cost of living - africanews.com,"Tue, 21 Apr 2026 07:00:00 GMT",africanews.com,www.africanews.com,2026-04-21 07:00:00+00:00,2026-08-23 16:01:11.633939+00:00,nigeria slashes import duties to fight rising cost of living,False,True,True,True
Nigeria food affordability,https://news.google.com/rss/search?q=Nigeria%20food%20affordability&hl=en-NG&gl=NG&ceid=NG%3Aen,https://news.google.com/rss/articles/CBMiuwFBVV95cUxOT0FYYkIxclc4Y19tSmlMbDRLTG9mRUtLYTNBZ2N3cG9ZaHhQMVMtTzlQcXFFQUV5T3R6VHhjLUFEaWpyWGRiQUF2VXhHOUtCOUM4UWx3MUQ3cllFTXVvbjk2NndoN1NmVW1vNy10cW9vSVUtbTVVcGJubWV1bnloX2NRRjdMUmktaGo3YmJwbHNERjFHUDMzRGh6WmIzU2NMRHFjN0prUGo4ZVU1Y3U4d0hPTlRUcy1Bdk1B?oc=5,"Reps Investigate food price drop, move to protect farmers from market fluctuations","Reps Investigate food price drop, move to protect farmers from market fluctuations - PM News Nigeria","Wed, 22 Apr 2026 07:00:00 GMT",PM News Nigeria,pmnewsnigeria.com,2026-04-22 07:00:00+00:00,2026-08-23 16:01:11.633939+00:00,reps investigate food price drop move to protect farmers from market fluctuations,True,True,False,True
Nigeria food prices,https://news.google.com/rss/search?q=Nigeria%20food%20prices&hl=en-NG&gl=NG&ceid=NG%3Aen,https://news.google.com/rss/articles/CBMicEFVX3lxTE92cXpXazdiZFV5NWdlYlFUVDNfQnJ6MFRtenpLakNWSnVVemhQa1dIUTdQcnVCNmRBRlNPazl3NXVDV3RSaWZQN1c4cUo1Z2txRVNvYV9xWHpuVU56M3pwU1VJclc0UlZzSHIyTTFGVnQ?oc=5,FG Takes Steps To Stabilise Food Prices,FG Takes Steps To Stabilise Food Prices - Independent Newspaper Nigeria,"Thu, 23 Apr 2026 07:00:00 GMT",Independent Newspaper Nigeria,independent.ng,2026-04-23 07:00:00+00:00,2026-08-23 16:01:11.633939+00:00,fg takes steps to stabilise food prices,True,True,True,True
Nigeria food prices,https://news.google.com/rss/search?q=Nigeria%20food%20prices&hl=en-NG&gl=NG&ceid=NG%3Aen,https://news.google.com/rss/articles/CBMinwFBVV95cUxPNm5mQnIxa2JlbXkzcllaSjFLSjZHRWw2WkthQVBrNmFYaTlwZDltaG0ybGhZY3ppV1NVcE90RkM0S281Nl9nc3RsT3FOUjh2TVBKNkVjeEV5ei1OZkJTZjQ5X2lXcDgySnlqZzBnY0NYbVdjcnc1TGN2UzVtRmU2OWFsRWZKbFpZd0xPQ1pqWXlGU1V0MktHMmFfM3NiLWfSAaQBQVVfeXFMTVRjVVRTOFU4S29xNGhqSzdwVUw1OFZ6VUpJb2tLeDBZVG9mTGxiZFlncUxPM0lXTUZ0VXlGQ1B3VFRNWVkyYnpDb3h6QWFWc2tGUUxZZnlTMEYxckFrWF9VSFVYR215WDI3M1lpczJmSzJNRzZJY3FFVkJ5UmZYLUNua0ZIUGNyMTRFa1pMVTVteXFMVEp0R1hmSHNlV1NFRzZQNHk?oc=5,"FG rolls out new strategy to stabilise food prices, boost production","FG rolls out new strategy to stabilise food prices, boost production - The Nation Newspaper","Thu, 23 Apr 2026 07:00:00 GMT",The Nation Newspaper,thenationonlineng.net,2026-04-23 07:00:00+00:00,2026-08-23 16:01:11.633939+00:00,fg rolls out new strategy to stabilise food prices boost production,True,True,True,True
Nigeria food prices,https://news.google.com/rss/search?q=Nigeria%20food%20prices&hl=en-NG&gl=NG&ceid=NG%3Aen,https://news.google.com/rss/articles/CBMijAFBVV95cUxNbWhzSXBPWWUwUWNqTUpWSHd6SGpPbjExeHhQV2MtWERNV2oyTFd0VjgxUXhJMExOb2tZNnJ0ZklLSjQ2Sk1pTjBxRVhDUmpmcWF0Nkk0R3RsSXFxSXUwT1NyNkVwWjlIYlhzQUxRTjVxNlJEaFN1SVk3d2JfZW40aGlSWmJjMmRXaVVVa9IBkgFBVV95cUxNUlhla2V6Zm94WTJfMkR5bkphQmZsV2dUakU5ODVrQ1FhaXlxbEZLZzQ4ZXdXREh1clhuOTlZNnItYml2d054STJ3TUhockYwQ2N2eWdZTDNETkVxbXA5X01obktURm1nSlhDTFExc3FCZUFwVV85Rm5tLWU4b0pTTXpDS1lOOWl0ajdtdFVJQURJZw?oc=5,Food prices drop 53 per cent as agric sector rebounds,Food prices drop 53 per cent as agric sector rebounds - The Nation Newspaper,"Thu, 23 Apr 2026 07:00:00 GMT",The Nation Newspaper,thenationonlineng.net,2026-04-23 07:00:00+00:00,2026-08-23 16:01:11.633939+00:00,food prices drop 53 per cent as agric sector rebounds,True,True,True,True
Nigeria food inflation,https://news.google.com/rss/search?q=Nigeria%20food%20inflation&hl=en-NG&gl=NG&ceid=NG%3Aen,https://news.google.com/rss/articles/CBMiuAFBVV95cUxOUng4SVI5cVFxZ3YxWGJGdHBsWDhtU3ZoTktzQkc1cVhWb05qV240ZkNyc0lva0RJYzZnaFEtNVp6VW5Md3pGS1FYS0Fzc2hYMVUtdVBQR3N1U2c2TlVsRlVGenl1NDZzT0VVbVc4YWdaMjBNbl9jWGt0WjdYYUcwMGtxUmVxNDlSeEJhQzBBOTFXekNwZnQzY25MTWJwUkR5NFFUQjVsOHFtc08yZ1lTWkZTaFIyeE5J?oc=5,When Inflation Returns: External Shocks and Nigeria’s Fragile Price Stability,When Inflation Returns: External Shocks and Nigeria’s Fragile Price Stability - Business News Nigeria,"Thu, 23 Apr 2026 07:00:00 GMT",Business News Nigeria,businessday.ng,2026-04-23 07:00:00+00:00,2026-08-23 16:01:11.633939+00:00,when inflation returns external shocks and nigerias fragile price stability,True,True,False,True
Nigeria food prices,https://news.google.com/rss/search?q=Nigeria%20food%20prices&hl=en-NG&gl=NG&ceid=NG%3Aen,https://news.google.com/rss/articles/CBMimgFBVV95cUxQTjRBQl82dmlObl8zLTlCMkdyVXBBTHhlWDItSU4wVFRudy0yNVNpMDNYakU1QVA5RkxWU01neUNEMWl6TndVS2wtWkJVTTFLTkk4TlREVGRMWldTV2JtQWppQnJxcDF1SFA1b043Z0pNVkdSMXkwR3FtM1hJaUJ2UzRlb2J3R2RDeGgyS0hJTE5zN3JMSzRMM0RB?oc=5,Insecurity squeezes Northern Nigeria as food prices surge,Insecurity squeezes Northern Nigeria as food prices surge - Business News Nigeria,"Thu, 23 Apr 2026 07:00:00 GMT",Business News Nigeria,businessday.ng,2026-04-23 07:00:00+00:00,2026-08-23 16:01:11.633939+00:00,insecurity squeezes northern nigeria as food prices surge,True,True,True,True
Nigeria food prices,https://news.google.com/rss/search?q=Nigeria%20food%20prices&hl=en-NG&gl=NG&ceid=NG%3Aen,https://news.google.com/rss/articles/CBMijAFBVV95cUxOaVMzMElwc2lsYWFub19fZ3l6NWdyNDMzblpZVGNRalllN0VMbUE3VXM3UmFQZ1o4b3RPVUNpNnVKUXlZRzEtZEdVUk9WMjFNNEdhaGJXaXZUempsaEpoVjBLaHpObjc0b2VISlNRcUtDS2JOMktVbUY1bV8xVG5RNFpkUnpfMlNMLVZkZw?oc=5,Nigeria’s food policy under fire as prices soar,Nigeria’s food policy under fire as prices soar - PM News Nigeria,"Thu, 23 Apr 2026 07:00:00 GMT",PM News Nigeria,pmnewsnigeria.com,2026-04-23 07:00:00+00:00,2026-08-23 16:01:11.633939+00:00,nigerias food policy under fire as prices soar,True,True,False,True
Nigeria food prices,https://news.google.com/rss/search?q=Nigeria%20food%20prices&hl=en-NG&gl=NG&ceid=NG%3Aen,https://news.google.com/rss/articles/CBMidkFVX3lxTE1LUG5GZkVyMzVVbGgyYXBsNDN0VjBhN05BQ013TlU0TmJETFdSZ1RHa3FmMTVBZzFCTzYzZVVESmRDWmgwVm5nVy1JQWgzNFNnTUFQbmxjLVAwNy1GN2JfM25NQ2VrZlBNQVUzMlNpQWdnQnllNlE?oc=5,Beyond the Drop: Can Nigeria Sustain Lower Food Prices? by Obamodi Oluwadamilola Faith,Beyond the Drop: Can Nigeria Sustain Lower Food Prices? by Obamodi Oluwadamilola Faith - economicconfidential.com,"Thu, 23 Apr 2026 07:00:00 GMT",economicconfidential.com,economicconfidential.com,2026-04-23 07:00:00+00:00,2026-08-23 16:01:11.633939+00:00,beyond the drop can nigeria sustain lower food prices by obamodi oluwadamilola faith,True,True,True,True
Nigeria cost of living,https://news.google.com/rss/search?q=Nigeria%20cost%20of%20living&hl=en-NG&gl=NG&ceid=NG%3Aen,https://news.google.com/rss/articles/CBMirwFBVV95cUxPRlJFVEwyZEcybjNnSDJ1TUQwUnU4NDN4SkJnQk56SFdVNTVQelI0dmpyWG9sQmNFZEE2OW5VLXpMaXhla3JHS3ZVRXlRTGhBOEtlYkRGUDlFMEc2SlpPajF1bEptQ1ZYMnlGcVd1aXhNRm43ZmxMV1l0Yk1uU3pISFFZWUN0TldqdVFqYXg3SDh0c1owSEVFektBc25qWTdiNjRkbjlZaU4waXJ6aFNB?oc=5,Visiting Africans say cost of living in Nigeria lower than in their countries,Visiting Africans say cost of living in Nigeria lower than in their countries - Daily Post Nigeria,"Fri, 24 Apr 2026 07:00:00 GMT",Daily Post Nigeria,dailypost.ng,2026-04-24 07:00:00+00:00,2026-08-23 16:01:11.633939+00:00,visiting africans say cost of living in nigeria lower than in their countries,False,True,True,True
Nigeria food affordability,https://news.google.com/rss/search?q=Nigeria%20food%20affordability&hl=en-NG&gl=NG&ceid=NG%3Aen,https://news.google.com/rss/articles/CBMipwFBVV95cUxPd1c1QlRsZmlYU3gxSHE5bkJfWEpuUG5HNVhOQWxFY09NT3JHclMtX3pPVHE3YjdwOWVaTmxUTjVfSXVDWE9ZQ0o4bDNYQUdHdEtqekNVaTNxaF9PQ3gwQ0tBVkFkVzd5dmxmSXNyNmw1LTg2dUxuTFhNYUxKYnp6eXNQSk5QZUliREtuMnhFTWlZaE43QlRXaXo5QkpRV1UybjZHbnpsUdIBrAFBVV95cUxNeWRMeWpUWHFQTnJON00tRUU3ZldGSDE2SWRUaC1mLXpXU3dBY2ZPQTlfendwX1JOY3NRVGtBSlhvZ0JvQ1R6c3EwWWRRMXh6U1k2NFJHYkJQNFJyYjZSSk1XYUtPMmdHZ01IcVBPd0wzVkp0eHFUX0FGWEZwRlV4TzFYWGdWWXdPanpfcXhzeXhRVzM2dWFId1VuSHBGeklFVmJZaHFDdTc1X0F0?oc=5,"Fed Govt rolls out new strategy to stabilise food prices, boost production","Fed Govt rolls out new strategy to stabilise food prices, boost production - The Nation Newspaper","Fri, 24 Apr 2026 07:00:00 GMT",The Nation Newspaper,thenationonlineng.net,2026-04-24 07:00:00+00:00,2026-08-23 16:01:11.633939+00:00,fed govt rolls out new strategy to stabilise food prices boost production,True,True,True,True
Nigeria staple food prices,https://news.google.com/rss/search?q=Nigeria%20staple%20food%20prices&hl=en-NG&gl=NG&ceid=NG%3Aen,https://news.google.com/rss/articles/CBMimgFBVV95cUxPeWNKckE2MUNwWWZTdmNMRUxLVU9xYS1YRkhSOFlsbXU3QWRTR3JzVVhGVHBNcnZKbTlWWlJIaXlJWGNFMms0VVEwLXR5UkNLdGR6TWFRYnpubTZtRDlpZ19Oc0xXNDliLUYtYWJDa1dDVUhFLVl6bk5NZExfSi1PeEMwQjlLY1Uyc0kzODB3dUNMd3QzelA4ZXp3?oc=5,Bread Prices Set to Rise in Nigeria as US Wheat Hits 2-Year High,Bread Prices Set to Rise in Nigeria as US Wheat Hits 2-Year High - Tell News Magazine,"Fri, 24 Apr 2026 07:00:00 GMT",Tell News Magazine,www.tell.ng,2026-04-24 07:00:00+00:00,2026-08-23 16:01:11.633939+00:00,bread prices set to rise in nigeria as us wheat hits 2year high,True,True,False,True
Nigeria food prices,https://news.google.com/rss/search?q=Nigeria%20food%20prices&hl=en-NG&gl=NG&ceid=NG%3Aen,https://news.google.com/rss/articles/CBMimAFBVV95cUxQdXpKWUpLUXVLNi1uNDM1Sm1kS1huR2k2MnVvbHR3NGQ4b2pzTXpVWlBDQktQMlQxVDJldEt2eDJKYzEzaG1VenMtNmtmbm9URHh2NDJ0Tnh1dG1zdU1XRHAzbXduamc2Vlo1cUZQeEVHTVlLTnFPMWVJQnFMenpIYnJzci04QlRpTm0tYWdTdmtFWjdXWnZjQg?oc=5,Senate Advances Bills to Target Food Security and Stabilize Food Prices,Senate Advances Bills to Target Food Security and Stabilize Food Prices - NALTF,"Tue, 28 Apr 2026 07:00:00 GMT",NALTF,naltf.gov.ng,2026-04-28 07:00:00+00:00,2026-08-23 16:01:11.633939+00:00,senate advances bills to target food security and stabilize food prices,True,True,True,True
Nigeria rice prices,https://news.google.com/rss/search?q=Nigeria%20rice%20prices&hl=en-NG&gl=NG&ceid=NG%3Aen,https://news.google.com/rss/articles/CBMiwwFBVV95cUxPYVNQNGNFRHYtZVAwZS1yOUl5UXNwZHNySlV0N0hSdzVDYUo5dk9xOXRINUlxeld5cnI5bUd3dEJLTElUTXp5clJ0VmZnVTBaX1NiQkx5UUVYWWpTTWhQUEVuTF9YaHNka25LNkt5V2NvRkY2NEc1NUk2MDNSYWZXSmRyN29jckp6NmgybWI3MVcySHlOQk1jQzFNeHp4Z3ZIZk00U29XTlpsOGZXMzc3NG1YWGEtbl9MLWVsSWF2dWxuOXc?oc=5,"Jollof rice cost hits N30,435 as Iran war drives food prices","Jollof rice cost hits N30,435 as Iran war drives food prices - Business News Nigeria","Wed, 29 Apr 2026 07:00:00 GMT",Business News Nigeria,businessday.ng,2026-04-29 07:00:00+00:00,2026-08-23 16:01:11.633939+00:00,jollof rice cost hits n30435 as iran war drives food prices,True,True,True,True
Nigeria rice prices,https://news.google.com/rss/search?q=Nigeria%20rice%20prices&hl=en-NG&gl=NG&ceid=NG%3Aen,https://news.google.com/rss/articles/CBMifkFVX3lxTE5zZHNNOENURmNTelNyNFNQTUE5ZXM4NDEyWEU4eEpzYjdocjZHLWNUVTFyYXljUzlJMkZvaFR4QS1VaDE1MnRSNEUwVzRIbmpVaXNYREdLVFBSalR6S1pKS05hazlZdjJIUHBBd0o4M0NGd2ZNQ09PNkhMZ010dw?oc=5,"Fuel shocks, logistics drive sharp rise in food costs","Fuel shocks, logistics drive sharp rise in food costs - Punch Newspapers","Thu, 30 Apr 2026 07:00:00 GMT",Punch Newspapers,punchng.com,2026-04-30 07:00:00+00:00,2026-08-23 16:01:11.633939+00:00,fuel shocks logistics drive sharp rise in food costs,True,True,False,True
Nigeria rice prices,https://news.google.com/rss/search?q=Nigeria%20rice%20prices&hl=en-NG&gl=NG&ceid=NG%3Aen,https://news.google.com/rss/articles/CBMijwFBVV95cUxNaDRtTGE5eGJqc2VTTUl4U0NWZ0dfYW1xaENSWW83QzlCYk9SQXZqSENUTWlLUzJNeUVOZ3ZCYmhEclFKcVhRXzQxSk82Qm9hVDBudHBqR1lFRmlBUVktSndRT2J6OUdwNlVmTHZXUDFiWmlKc1o2NWNhR0xDTnRLOHZESlpMcktQUDJIUWRrTQ?oc=5,Senate Approves National Food Reserve Plan to Stabilise Prices,Senate Approves National Food Reserve Plan to Stabilise Prices - Daily Trust,"Thu, 30 Apr 2026 07:00:00 GMT",Daily Trust,dailytrust.com,2026-04-30 07:00:00+00:00,2026-08-23 16:01:11.633939+00:00,senate approves national food reserve plan to stabilise prices,True,True,False,True
Nigeria cost of living,https://news.google.com/rss/search?q=Nigeria%20cost%20of%20living&hl=en-NG&gl=NG&ceid=NG%3Aen,https://news.google.com/rss/articles/CBMitgFBVV95cUxPUVdTT3YteEdHakZBTjFDS1VaeDFXaTVFczhQOWp6elljZVBHellHREVISEdtR1cxNXFfSzZkVVJLYU9Jc0tHOFh6NUFUMHU4UVQ4ZWg4NGtYNHhzczVfSThfUnI1dzZBQVM3RWlVQ2pCNFpyZWtJY0lDZ1NDbnBCTmtpUEZGRWFLOUkyTFpSbzliZUhTaDMwUmR1WC0zZWQxaDNGUXNtQnZ2Ukw0S3NSbEQ2RFd4dw?oc=5,Nigeria must tackle cost of living to make wage reforms effective – NECA DG,Nigeria must tackle cost of living to make wage reforms effective – NECA DG - Business News Nigeria,"Thu, 30 Apr 2026 07:00:00 GMT",Business News Nigeria,businessday.ng,2026-04-30 07:00:00+00:00,2026-08-23 16:01:11.633939+00:00,nigeria must tackle cost of living to make wage reforms effective neca dg,False,True,True,True
Nigeria cost of living,https://news.google.com/rss/search?q=Nigeria%20cost%20of%20living&hl=en-NG&gl=NG&ceid=NG%3Aen,https://news.google.com/rss/articles/CBMigwFBVV95cUxNX2s2ZFUxdE52SWJIdnRtV1hvUG45dWpNdE5kLVRyYzY2UW1YTnNKbDMyaHA0bzBYMVVRTk9MYTRnNEp4LUNqckpYMk1oSVpMN0hEeHZxd0k2cjlfZnBRcS1ieU40eUpvS0M5SWE3aHowanIwSlU4TkRQTjN0X29OdnlLSQ?oc=5,Workers’ Day: FCT residents decry rising cost of living,Workers’ Day: FCT residents decry rising cost of living - Daily Trust,"Fri, 01 May 2026 07:00:00 GMT",Daily Trust,dailytrust.com,2026-05-01 07:00:00+00:00,2026-08-23 16:01:11.633939+00:00,workers day fct residents decry rising cost of living,False,True,True,True
Nigeria cost of living,https://news.google.com/rss/search?q=Nigeria%20cost%20of%20living&hl=en-NG&gl=NG&ceid=NG%3Aen,https://news.google.com/rss/articles/CBMiUkFVX3lxTE1uUjZyN19FMUVNQ0ozdzJrMFlGSnNYX3FQTnFrS3NzZGo4TUVPeEt4Smd1NmEyX1ZOWkxaZjNoWEVGaXpiM05ucjI3M0ZYbnVZMkE?oc=5,"Petrol Price Hike: Nigerians Decry Continuous Increase, Soaring Cost Of Living #trusttvnews #PetrolPriceHike","Petrol Price Hike: Nigerians Decry Continuous Increase, Soaring Cost Of Living #trusttvnews #PetrolPriceHike - instagram.com","Fri, 01 May 2026 07:00:00 GMT",instagram.com,www.instagram.com,2026-05-01 07:00:00+00:00,2026-08-23 16:01:11.633939+00:00,petrol price hike nigerians decry continuous increase soaring cost of living trusttvnews petrolpricehike,True,True,True,True
Nigeria cost of living,https://news.google.com/rss/search?q=Nigeria%20cost%20of%20living&hl=en-NG&gl=NG&ceid=NG%3Aen,https://news.google.com/rss/articles/CBMiVkFVX3lxTE9XVS1vLVJiSnBYUGVQR0NKOGRCeUNPZXZtd3k5czBxWktNR2V1RW12SzM2V0JoM3dGNmNPZkJrdlZtemFWSWRnbW05bWhta09tV2RoOVBB?oc=5,2026 Workers’ Day: FCT Residents Decry Rising Cost of Living #trusttvnews #2026WorkersDay,2026 Workers’ Day: FCT Residents Decry Rising Cost of Living #trusttvnews #2026WorkersDay - instagram.com,"Fri, 01 May 2026 07:00:00 GMT",instagram.com,www.instagram.com,2026-05-01 07:00:00+00:00,2026-08-23 16:01:11.633939+00:00,2026 workers day fct residents decry rising cost of living trusttvnews 2026workersday,False,True,True,True
Nigeria rice prices,https://news.google.com/rss/search?q=Nigeria%20rice%20prices&hl=en-NG&gl=NG&ceid=NG%3Aen,https://news.google.com/rss/articles/CBMirwFBVV95cUxNWmwzNVE0VmhaUm85bDIzYTZXbTFRQi1MbHduOVdFdDc4ODMxc2EwOWlhYkQtRjhLM0M5bm8wdGNGQVBNbTRFeGZSc056MXhpUUV3WC0zQ1BtR2ExRU10NjVIRVNoT1ZJQ296V01oLXJBVktmMHVuX1pxWXhLcTJPY3Y2eWRLOGZ4d05iNWt0LTFReUFraVNWNDMwWERUbTZGX2Q4VnBuNndIaEhTSnJN0gG0AUFVX3lxTE5YZEpVbFlzd1FmSHlZLW5JY0dXekMtSHFCTUZIb2U2WGkyUmxsXzAyUmd2alVJbGtqNU50Q2t0bFJsWS1FRUxMN01VTnQzaDQzNzJLXzRLWVd6M09sbko2VWJfWjlRTU1DLUV0TTBlNmlTVmJNejRza0NBdVBEb1dOOGtkUVc3OFB0VTAxSlptbWFlTE5qOXFYN2dRNmRjeFFYUUxOX0JGVU9RczF2T0xBdUF0dw?oc=5,"Prices of beans, eggs, garri, others rise monthly despite annual decline — NBS","Prices of beans, eggs, garri, others rise monthly despite annual decline — NBS - Vanguard News","Wed, 06 May 2026 07:00:00 GMT",Vanguard News,www.vanguardngr.com,2026-05-06 07:00:00+00:00,2026-08-23 16:01:11.633939+00:00,prices of beans eggs garri others rise monthly despite annual decline nbs,True,True,False,True
Nigeria food prices,https://news.google.com/rss/search?q=Nigeria%20food%20prices&hl=en-NG&gl=NG&ceid=NG%3Aen,https://news.google.com/rss/articles/CBMi_wFBVV95cUxNSEhTX3Z0Y0l3RG9NQmZCdUR6VHlzMjZOT3dYVldIS2VsTWRHcEY5U2Fsd3pyWHVRMGUwZ0szUWtsNDVLSDF5SXNjcnlvdkdiVzQxajdTNHVwYkxncVNkd0Y1WjlvbFljQk1XSUJSZkhFbDhmVTNxNy10b0gxWkZpRzVLYnRZc3lEZjNXVGJlQ0ZVY0s0ejRLOUo3NVZHQWg2SHV0TjZGa3NPWE03dEdUWjF6WlFBNkdrdmozTmliMEpBMlRKNU5WTkZYRWh1Q1pZWEo4QXZEV0I3VXBwQXd4UnE4bXVVZndEQk9kNGNDd2F5ZDlScURyYW51UGZFN2s?oc=5,"Nigeria Food Security Outlook Update, April - September 2026: Conflict and rising input costs driving Crisis (IPC Phase 3) in northern Nigeria","Nigeria Food Security Outlook Update, April - September 2026: Conflict and rising input costs driving Crisis (IPC Phase 3) in northern Nigeria - ReliefWeb","Wed, 06 May 2026 07:00:00 GMT",ReliefWeb,reliefweb.int,2026-05-06 07:00:00+00:00,2026-08-23 16:01:11.633939+00:00,nigeria food security outlook update april september 2026 conflict and rising input costs driving crisis ipc phase 3 in northern nigeria,True,True,False,True
Nigeria rice prices,https://news.google.com/rss/search?q=Nigeria%20rice%20prices&hl=en-NG&gl=NG&ceid=NG%3Aen,https://news.google.com/rss/articles/CBMinAFBVV95cUxQTFd6eTJvTzZqNkhKVXh3OXRHdUx6VHZPZDhkaHRZMFVTemhYbHk2NnU0ZVprZFhiYlFOd2hIU19rcGxJaDhubVNvaDJnVzNiQkpWUUl1dTZaTWY0eVVwRWtfQ3VOb3lRMGVDREw1d3VzUlJ2NlBRbFFadVJua1l1amEwT21HZXJ6M1NqTXZLTjM4d2U1aEVsd0IxREg?oc=5,NBS Reports 20% Rise in Local Rice Price as Food Inflation Persists,NBS Reports 20% Rise in Local Rice Price as Food Inflation Persists - MSME Africa,"Thu, 07 May 2026 07:00:00 GMT",MSME Africa,msmeafricaonline.com,2026-05-07 07:00:00+00:00,2026-08-23 16:01:11.633939+00:00,nbs reports 20 rise in local rice price as food inflation persists,True,True,True,True
Nigeria rice prices,https://news.google.com/rss/search?q=Nigeria%20rice%20prices&hl=en-NG&gl=NG&ceid=NG%3Aen,https://news.google.com/rss/articles/CBMipgFBVV95cUxOWTNwR1ZTWGl5S2hfbThyTUJ2SXBXdGV4Y0RyeWJvVzRlSnNXRFdlNUVFNkh5MkJiMlRzTndITWd0UlRDYTdwY1c3SldQXzdYTEozellCQkZUVXk5NktfaHEtaGt2X05jSG5YMTBQOVZzVUpFZVo5NE5EZUpWRktPb1pUdWlpMHVqemZQWkxOLXh3SUZGcWRZc2Zub2pTMWg5aUtEdmpn?oc=5,"Rice Prices Surge 20.5% as 50kg Bag Hits ₦112,000 — NBS","Rice Prices Surge 20.5% as 50kg Bag Hits ₦112,000 — NBS - theeconomictimes.com.ng","Thu, 07 May 2026 07:00:00 GMT",theeconomictimes.com.ng,theeconomictimes.com.ng,2026-05-07 07:00:00+00:00,2026-08-23 16:01:11.633939+00:00,rice prices surge 205 as 50kg bag hits 112000 nbs,True,True,False,True
Nigeria cost of living,https://news.google.com/rss/search?q=Nigeria%20cost%20of%20living&hl=en-NG&gl=NG&ceid=NG%3Aen,https://news.google.com/rss/articles/CBMixAFBVV95cUxNckR6WjFOVmpuclpOS0czd2hLNlA2djUtQzBWMDBQb2FJb3Y2VS1HUFh5cDFtMnhuWkVWYjRYSDJzQjFrUkNYWjNrSzVHQnE4cHJMY0QzQVVaVUJtSm1LNDhCNUl4SEZhbThtdU1IZzNyY3dtMlRkTVNmT0ZlZG8zcDkya3Y0VmpySUxDTFZfeWtwbndsNHZZX2NjUjFkbDR4TElpNno3aEh0RWRQTGxXemJzYmE2NThoNDdPaG8yZEQ0aDZy0gHKAUFVX3lxTFBwVFNmOVVvQUczVDYxRjVuZ3NhdkdKazZhU3hKVmZBNzI1VkhjZ21hTVY2aVFpbU1wdlFlRW5WVU1ZdXREbVFWdFpkUVNud09iaTZLbkE5dFhjcHBVdGdIcUVSUy1VRzhScnlWNUJGRVdkYlRINDJlSW12cE5KSUVwbE9VODB2dVZJbHZnRnVNSzlzNDVCMGNxLWNDUTRSc3h0Z0kyMDBiTXZ0UHBnZzU5ZEdVOEhiNEswb1d1RkpKTWZxNXhzZ19Gdmc?oc=5,VIDEO: Shaving costs £40 in London; cost of living in Nigeria better than many countries — Reno Omokri,VIDEO: Shaving costs £40 in London; cost of living in Nigeria better than many countries — Reno Omokri - Tribune Online,"Thu, 07 May 2026 07:00:00 GMT",Tribune Online,tribuneonlineng.com,2026-05-07 07:00:00+00:00,2026-08-23 16:01:11.633939+00:00,video shaving costs 40 in london cost of living in nigeria better than many countries reno omokri,False,True,True,True
Nigeria rice prices,https://news.google.com/rss/search?q=Nigeria%20rice%20prices&hl=en-NG&gl=NG&ceid=NG%3Aen,https://news.google.com/rss/articles/CBMikAFBVV95cUxOV1RMVE1icXUydTVWVHM0UG1BVC1JYjN3UjAwdUpMaF9wTDUxaVRxSU14QWJjMnMxZVhWdDBUNWlDNHVXWlVKOEVXbDhFQU9zR1hURndIUUoyZzc0YURENU1LLWlCYjBpY2lJTkFqMmdmOFVPcmp3ZlF3cTB2Z19hMUsyakNUWVN6bjY5d0ZHTk3SAZYBQVVfeXFMT3J0WFdaVGVYNjVXc25aNnI2bkMtTGQ1Wko3aEdrOHhBRDd6eTlPZzhhcU5rYmtrdUVhcTJocDh6Mm81dFY4MXhjbTUtNlA5SThyRXphNV9NRUVPM2VDaTZ1cXN5cEdjTFpIXzJlQmpxcDM4cHlqelNZYkVoenJaZkVEdENRcDVINEwtQ2FnRmRJZkx6SUdB?oc=5,"Price of 50kg local rice rises 20.5% to N112,000 —NBS","Price of 50kg local rice rises 20.5% to N112,000 —NBS - Vanguard News","Thu, 07 May 2026 07:00:00 GMT",Vanguard News,www.vanguardngr.com,2026-05-07 07:00:00+00:00,2026-08-23 16:01:11.633939+00:00,price of 50kg local rice rises 205 to n112000 nbs,True,True,False,True
Nigeria rice prices,https://news.google.com/rss/search?q=Nigeria%20rice%20prices&hl=en-NG&gl=NG&ceid=NG%3Aen,https://news.google.com/rss/articles/CBMikwFBVV95cUxPVTNDSl92dk4wNXM3UGtnR2gxSFVobUg2dVJ4V2R1Y1NVT2tRWkhRN0Z3QWN0c0tESzh5WlJYU09OOXlDbUxwNG5JWXB5b2tEUE5lQjduMFlpRGtkYndhaHdmRE1rQWtBV1d4UXpmUkRsUkJQUkt6aDh1aE9ON0I0YWd5TTc5RkFTSktIaXN6NVIzdjQ?oc=5,David Olujinmi: Pot Of Jollof Rice Index Shows Food-Driven Inflation,David Olujinmi: Pot Of Jollof Rice Index Shows Food-Driven Inflation - Arise News,"Thu, 07 May 2026 07:00:00 GMT",Arise News,www.arise.tv,2026-05-07 07:00:00+00:00,2026-08-23 16:01:11.633939+00:00,david olujinmi pot of jollof rice index shows fooddriven inflation,True,True,False,True
Nigeria rice prices,https://news.google.com/rss/search?q=Nigeria%20rice%20prices&hl=en-NG&gl=NG&ceid=NG%3Aen,https://news.google.com/rss/articles/CBMifkFVX3lxTFB5SVU4cHhtcTBHWE5tWm1hSzBuZXpXYy1RWThXSVJPV3RjY3dqaUREa01GMExmRTNuZkxKMXk3WVBUS3JWd0puTzdUWDNXckJyU2Ytb2JhQVFlTjBmV1lSeTRlMUhnaWFBMmhYN0x5NzkzbUFrc3ZxNDg3UVNWd9IBgwFBVV95cUxPSlQxRzlQcDQyanJ6OU9LMkJrWEozVWw3Mms3SXB5eExXWm1MYl8zZnpTSTFHQURjTUF6dEdtZDZ1Q1Z1OENNSlBtRlhkdVgyeXhkQjNBQUFSTVdqVHAydjVXZFFvY2o0WFNXdkx6TklLUmREdlVXbmYzTE5kYVdIQXJ3WQ?oc=5,"Rice prices jump 20.5% as 50kg hits ₦112,000 — NBS","Rice prices jump 20.5% as 50kg hits ₦112,000 — NBS - The Sun Nigeria","Thu, 07 May 2026 07:00:00 GMT",The Sun Nigeria,thesun.ng,2026-05-07 07:00:00+00:00,2026-08-23 16:01:11.633939+00:00,rice prices jump 205 as 50kg hits 112000 nbs,True,True,False,True
Nigeria rice prices,https://news.google.com/rss/search?q=Nigeria%20rice%20prices&hl=en-NG&gl=NG&ceid=NG%3Aen,https://news.google.com/rss/articles/CBMiswFBVV95cUxQRUZuREVCdHdjY1V5Vmx3akY1bWtwclBqWGpXT0pianJmRHVrZlBBMFhBQkduV0ttSXRVdEtKdXVscTVFajBkZVpfREtJMmVOT3dyWFRjN1I0VGtzMnVEOVlWM0pRRDR0Y1BQc09tMFpsS2cyRXU4QWlEVURhRkhMQTZvNXBMUE11dERYWVdSQ2VZVG1HZVlNYldvQlRMbGZicEdEUkpCOEh4eTgtOWl2b20tTQ?oc=5,"Consumers Pay More As Prices Of Eggs, Beans, Local Rice, Others Rise In March","Consumers Pay More As Prices Of Eggs, Beans, Local Rice, Others Rise In March - Channels Television","Thu, 07 May 2026 07:00:00 GMT",Channels Television,www.channelstv.com,2026-05-07 07:00:00+00:00,2026-08-23 16:01:11.633939+00:00,consumers pay more as prices of eggs beans local rice others rise in march,True,True,False,True
Nigeria rice prices,https://news.google.com/rss/search?q=Nigeria%20rice%20prices&hl=en-NG&gl=NG&ceid=NG%3Aen,https://news.google.com/rss/articles/CBMijwFBVV95cUxQanl2bjBoZVhYR0lrbUo0Z1JrQVFFckhvb2R1OVBtamkyS2lxRG9Dc2V4REp1cUxxWThoQ0ZPTWNOTDNzSjNFLXhvVG56Rmw1aHN2OGtndnBxWnYzNEc0U3Q0anhEYVFUdHg3X3Ayd29mdFo3dl9HMnVuQ1pPdVFwdnhwMlhPdWZ2VlBHa3czZw?oc=5,"Rice, beans, eggs record fresh price hike in March","Rice, beans, eggs record fresh price hike in March - PM News Nigeria","Thu, 07 May 2026 07:00:00 GMT",PM News Nigeria,pmnewsnigeria.com,2026-05-07 07:00:00+00:00,2026-08-23 16:01:11.633939+00:00,rice beans eggs record fresh price hike in march,True,True,False,True
Nigeria rice prices,https://news.google.com/rss/search?q=Nigeria%20rice%20prices&hl=en-NG&gl=NG&ceid=NG%3Aen,https://news.google.com/rss/articles/CBMinAFBVV95cUxQczhxNFhkT2UwaEZSRWE0TjA1UHJuNWt5Rkp6UEtkWVcyZm1ZRHFmUlNlRC14dzRvR0t3VEZMRGs5b0tNVGVZVEUxRUNWTmQzWUxtaGpQQ0pUVXU3SmN1VGFqZXMzeHdxRkFjZEd1U1lVd0dMd250MmllUHhMNVE5bWVPQURPOW5Hd3Y1M0kyaGlDTFhhTTEwZEVGSzI?oc=5,"Cost of cooking jollof rice in Nigeria hit ₦30,435 in Q1 2026 -Report","Cost of cooking jollof rice in Nigeria hit ₦30,435 in Q1 2026 -Report - Punch Newspapers","Thu, 07 May 2026 07:00:00 GMT",Punch Newspapers,punchng.com,2026-05-07 07:00:00+00:00,2026-08-23 16:01:11.633939+00:00,cost of cooking jollof rice in nigeria hit 30435 in q1 2026 report,True,True,False,True
Nigeria food prices,https://news.google.com/rss/search?q=Nigeria%20food%20prices&hl=en-NG&gl=NG&ceid=NG%3Aen,https://news.google.com/rss/articles/CBMinwFBVV95cUxOY1lHa1VzdWJ4RGROTDJzNUQxYWkxN3N1TnhkQWE3WkRFM2xHbmlDMmlSWEg3eVZpYXZRcnVBMm5yb2JzRDJ3eFFxcmwtMHJ3NElVY0wtc1BfU0J3Vk5UaS1UblVOYnA2NG9BQWx2Z3JoZTRtU3NzTnFfZkl1SzVxRjZmYlE5RjRDMWdCLUpVZWM5ZU1lLS1JQ3dVYmVlbTQ?oc=5,"Nigeria records sharp drop in food prices in March, says NBS","Nigeria records sharp drop in food prices in March, says NBS - The Guardian Nigeria News","Fri, 08 May 2026 07:00:00 GMT",The Guardian Nigeria News,guardian.ng,2026-05-08 07:00:00+00:00,2026-08-23 16:01:11.633939+00:00,nigeria records sharp drop in food prices in march says nbs,True,True,True,True
Nigeria food prices,https://news.google.com/rss/search?q=Nigeria%20food%20prices&hl=en-NG&gl=NG&ceid=NG%3Aen,https://news.google.com/rss/articles/CBMiqwFBVV95cUxQLTFQNDRBMXRfeE9pSW9td1MyYWJKUHRNTndIM1d4U0JtU2xiLXhrQVh0ZWlFXzB0bVdXQ1hoTkEzX0VHbWVqeDVIMHFQYk5Dak9Qcnh5Nk9hT2JjVkFTUVBRU3JEYkhlTjh4ZmRIbmJUeEdDY2otLVVqUnJYR2hpeElyMHcyVFJDcWU0VlBjWVFrXzVrMTNySXVsQ0pDWklfZVRsNmYzZkxiRjg?oc=5,"‘Global oil spike drives Nigeria’s food inflation as pot of jollof rice hits N30,435’","‘Global oil spike drives Nigeria’s food inflation as pot of jollof rice hits N30,435’ - The Guardian Nigeria News","Fri, 08 May 2026 07:00:00 GMT",The Guardian Nigeria News,guardian.ng,2026-05-08 07:00:00+00:00,2026-08-23 16:01:11.633939+00:00,global oil spike drives nigerias food inflation as pot of jollof rice hits n30435,True,True,True,True
Nigeria cost of living,https://news.google.com/rss/search?q=Nigeria%20cost%20of%20living&hl=en-NG&gl=NG&ceid=NG%3Aen,https://news.google.com/rss/articles/CBMicEFVX3lxTE9qeWxLRUtpS1JpbHVTUnZNcDZjekhHUHgyQ2RnU3dEWVdkXzhfRTRmWm1RU2hxY0lENXVvUGJ4U2JNT1lzS1E2WWxnTzNwdndfZjAydXZqS0RFRk9jczE0VkRBZ1I5ZnR0MF8wT2pkR3k?oc=5,Need to address rising cost of living,Need to address rising cost of living - Daily Trust,"Sat, 09 May 2026 07:00:00 GMT",Daily Trust,dailytrust.com,2026-05-09 07:00:00+00:00,2026-08-23 16:01:11.633939+00:00,need to address rising cost of living,False,True,True,True
Nigeria food prices,https://news.google.com/rss/search?q=Nigeria%20food%20prices&hl=en-NG&gl=NG&ceid=NG%3Aen,https://news.google.com/rss/articles/CBMikgFBVV95cUxQbWFWSzVLeU5MaVNuWjFBbXVHbmZUdlFoVlNrRjdOeHFiZVE0MDgyczZWZUUzTTFrVC1jeUhCczlTSDFlaXdCZkI3VjY4Y1NvYkItMUhpaktlZWtCemdqdFBlazYwSS1wdzBCR3VaUHBHbGM5NmlaV0d4SFd6dzdVeF9ILTFaTzRLb05IcmpPV0VxQQ?oc=5,Food prices rise up despite yearly decline — NBS,Food prices rise up despite yearly decline — NBS - The Nigerian Observer,"Sun, 10 May 2026 07:00:00 GMT",The Nigerian Observer,nigerianobservernews.com,2026-05-10 07:00:00+00:00,2026-08-23 16:01:11.633939+00:00,food prices rise up despite yearly decline nbs,True,True,True,True
Nigeria purchasing power food,https://news.google.com/rss/search?q=Nigeria%20purchasing%20power%20food&hl=en-NG&gl=NG&ceid=NG%3Aen,https://news.google.com/rss/articles/CBMilwFBVV95cUxNaWtRYVpZRzBTT2RsT19maU1HOFZfUFEzUnJ4YWlQbmdBN1AtZ1Qzc1hqMVJtbXBPVTRuejBwVzJnX1ZxYUZDVUhqTjYyS29kMjhDVXNRUGdmVjYyMTdlWS01eTlIUU9obWF2enl0bEhrX1p3NzBlMVN1QWFhdG5XVVhKZTBWTzYwa2JWZl9RaDN2TXBUZ05n?oc=5,Lagos residents lament low purchasing power despite drop in food prices,Lagos residents lament low purchasing power despite drop in food prices - Punch Newspapers,"Sun, 10 May 2026 07:00:00 GMT",Punch Newspapers,punchng.com,2026-05-10 07:00:00+00:00,2026-08-23 16:01:11.633939+00:00,lagos residents lament low purchasing power despite drop in food prices,True,True,True,True
Nigeria staple food prices,https://news.google.com/rss/search?q=Nigeria%20staple%20food%20prices&hl=en-NG&gl=NG&ceid=NG%3Aen,https://news.google.com/rss/articles/CBMiqgFBVV95cUxQWHV3bTZTRzZIRGJhenVKZUJKaWlHZjlGX0NrOGdLVk96dWowblNYQ0JuamhOeFJzSnFhSnA4dzlvQWxzWXMyTzFiSUM5UWVqclpPM3lPX3FVSlFic3RGSUszUlIzR2o2T1NXVjV5eHRrNjR6R0NaLVl0T0dmcU5QZU44U1Y5VkNxM0pHdDVZY0F4bkhqVmdFWjVTTGVqZHRmb1U0VGtVMlR6Zw?oc=5,Residents Lament Low Purchasing Power Despite Drop In Food Prices In Lagos,Residents Lament Low Purchasing Power Despite Drop In Food Prices In Lagos - Real Broadcasting Network,"Sun, 10 May 2026 07:00:00 GMT",Real Broadcasting Network,therealmediang.com,2026-05-10 07:00:00+00:00,2026-08-23 16:01:11.633939+00:00,residents lament low purchasing power despite drop in food prices in lagos,True,True,True,True
Nigeria purchasing power food,https://news.google.com/rss/search?q=Nigeria%20purchasing%20power%20food&hl=en-NG&gl=NG&ceid=NG%3Aen,https://news.google.com/rss/articles/CBMiqwFBVV95cUxPdlBZODQxdThlUnBRVHVqUnVsdm9MNlh2UXNwYXBlbEkzREZJOGp0OC1zaGNmdTRuZi13YVlSbER2WkRUaERubkZVMFYzZ0NKb3JJS2VTQTZDOFNfV2pmS0Z3dllQbkZoUF9GZ3hqVGM4S0Q5TzBPd2lBVGNUYm9QaVJJb1ZBdnp6cjhPMTY0eFpDNWtDSzNJTjZzLUluQXdKc0p5MDNGMVNPdVU?oc=5,"Abuja, Lagos residents decry rising fuel prices, low food purchasing power","Abuja, Lagos residents decry rising fuel prices, low food purchasing power - EnviroNews Nigeria","Sun, 10 May 2026 07:00:00 GMT",EnviroNews Nigeria,www.environewsnigeria.com,2026-05-10 07:00:00+00:00,2026-08-23 16:01:11.633939+00:00,abuja lagos residents decry rising fuel prices low food purchasing power,True,True,True,True
Nigeria purchasing power food,https://news.google.com/rss/search?q=Nigeria%20purchasing%20power%20food&hl=en-NG&gl=NG&ceid=NG%3Aen,https://news.google.com/rss/articles/CBMihAFBVV95cUxNWkhSNjhmSndVMFlvZnNLcFBRRldTUEtDTFZIVFF4N1k2YjdHOHhXLVh0SEZ0S1ZscGxBbGpBUU5PVlBNOHdPVzg2bm5yTjFaUUJPaXNPTnBKYVpsVVZveW5ENUFaQXJxdDNYNVowMVVYd2xEbFdMZU1RTUhzTnNrWTJPd3M?oc=5,Lagos residents lament declining food purchasing power,Lagos residents lament declining food purchasing power - Peoples Gazette Nigeria,"Sun, 10 May 2026 07:00:00 GMT",Peoples Gazette Nigeria,gazettengr.com,2026-05-10 07:00:00+00:00,2026-08-23 16:01:11.633939+00:00,lagos residents lament declining food purchasing power,True,False,True,True
Nigeria food prices,https://news.google.com/rss/search?q=Nigeria%20food%20prices&hl=en-NG&gl=NG&ceid=NG%3Aen,https://news.google.com/rss/articles/CBMioAFBVV95cUxNUDgtZzFSdmN0Wks1R0x2djVPLWRtLWJpdlNrOFFwei1LWnlXMk9ZZWlHY2wwSXRWUGlrd0wyZEZWcXNVZkNSRlJVeDczUVFHU3d4MWsxR1VQY0lpc2dCYnljUWFvTXlpSlJiQWJDNTNsbXRaN0FPMnI5UGhMaVViUXZ3azRzZlEwYjZ3RGR3NkJwNHNSdzd4NXUwUk9rMmRv?oc=5,What Nigeria’s March 2026 Food Price Trends Reveal About Household Realities,What Nigeria’s March 2026 Food Price Trends Reveal About Household Realities - Independent Newspaper Nigeria,"Mon, 11 May 2026 07:00:00 GMT",Independent Newspaper Nigeria,independent.ng,2026-05-11 07:00:00+00:00,2026-08-23 16:01:11.633939+00:00,what nigerias march 2026 food price trends reveal about household realities,True,True,False,True
Nigeria cost of living,https://news.google.com/rss/search?q=Nigeria%20cost%20of%20living&hl=en-NG&gl=NG&ceid=NG%3Aen,https://news.google.com/rss/articles/CBMigwFBVV95cUxNWG1uVXRHQnpOZ0tKNFJMM0dDZkxGb2hhZklfLXNCdXlfUzVZY3ZINzliZkQ5ZjQ1RzhKMTlKMVN2YTJIU3d6LUJyQ1BfRjJkZnl0RWpRaFY4MzhnMzY1Z25VWTI0UWxhbmVBejFlX1d6S3VpSzdxZnJraEZiRl9rZXJBUQ?oc=5,When the cost of living becomes life-threatening,When the cost of living becomes life-threatening - Tribune Online,"Tue, 12 May 2026 07:00:00 GMT",Tribune Online,tribuneonlineng.com,2026-05-12 07:00:00+00:00,2026-08-23 16:01:11.633939+00:00,when the cost of living becomes lifethreatening,False,True,True,True
Nigeria cost of living,https://news.google.com/rss/search?q=Nigeria%20cost%20of%20living&hl=en-NG&gl=NG&ceid=NG%3Aen,https://news.google.com/rss/articles/CBMilAFBVV95cUxQdGhPWVhWbmZHd2JuZkE4UkdyS3lmQjRsWmhHOFJ1S0t6MmVRU3BNMm1sQl94SHVEdS01QmtkcnVEN3BRSl9IYkROTmprVkt0ZmFZUzNXakxXV0N0Z3hoTnRoQ2VQX2t0bXpPdko1bkpCSFAyTHF3Y1dMMjN2Nm1XQUlfeG9BbnZCN18tYTRVR282Q1Y10gGaAUFVX3lxTE9YZ2lLMUVlWmVLa2kxVDMxeER2c2kySnk5dUFJc0lISFZON29QU2RPR29aaUtrYWZKNncwejdOakVuRDFzTlBtNl94by1haWd2T2pyR1pjUlpJUjBxWTVNNmh6TkM0YWRHdmFRMC04Wl82c3UyREpCNE1IR01FNXlPTjdYY3FkVnk2cmVMVEdvcmJRQk9sT3N6Qnc?oc=5,Moving to Ireland: The 2026 cost of living guide for Nigerians,Moving to Ireland: The 2026 cost of living guide for Nigerians - Tribune Online,"Tue, 12 May 2026 07:00:00 GMT",Tribune Online,tribuneonlineng.com,2026-05-12 07:00:00+00:00,2026-08-23 16:01:11.633939+00:00,moving to ireland the 2026 cost of living guide for nigerians,False,True,True,True
Nigeria food prices,https://news.google.com/rss/search?q=Nigeria%20food%20prices&hl=en-NG&gl=NG&ceid=NG%3Aen,https://news.google.com/rss/articles/CBMimAFBVV95cUxOME9aRndnWGFudUVzUWxjYkpkLU8zNGJNWTUwNVBxVFhvdVp6bDYzNTYtbjBHSHoybGJTZlA1bFRQcWZIX0NyNnBWSmt6dXdGM09OV1JDaXNjeEdkTDhtRHpQRXdHLUNyMWdNTnlqY2M2Mlhzd09TMG5ieTdpN0l5T3dobmxWb2JhQm5lUWU4ZXNyNjFxYjEzStIBngFBVV95cUxNX0t4UVFkUUpmM0pwX3JiMERfZHUzWlRaT2N2VWZlY2VlTE1vUG00enhQNzJXZEtzcHZPSVE3emI3ZVNvU1Y0dHQ2T1UtWm1MWk1zYm00QU9BS3hMZTRRYkJWSkZWRnpDNGRVN0ZQYW9YSGszcFdwWG5nd1BPTFc2eVpmeVg0RWpRLW1kSTNCazNUbHZGTGRQWlNDMmhiUQ?oc=5,Food prices may drop by next harvest – Farmers association,Food prices may drop by next harvest – Farmers association - Vanguard News,"Tue, 12 May 2026 07:00:00 GMT",Vanguard News,www.vanguardngr.com,2026-05-12 07:00:00+00:00,2026-08-23 16:01:11.633939+00:00,food prices may drop by next harvest farmers association,True,True,True,True
Nigeria cost of living,https://news.google.com/rss/search?q=Nigeria%20cost%20of%20living&hl=en-NG&gl=NG&ceid=NG%3Aen,https://news.google.com/rss/articles/CBMigwFBVV95cUxQYVNYRXlyX1o4eVlUanlvcUpEUnZ2SmdSdjRRc2U1bVVldFRGUW1SYktBekI0dUlXSHhYQnRDNFpFSzhwTzhjaFhURGVxNVpuejlpcVB2a2dTTjZaUU1vQ3dLZjZCdEZSdnJQMHM3MjBXMG5Yc1dUaDFoWFpjZENoanhBUQ?oc=5,NIGERIA AND THE RISING COST OF LIVING,NIGERIA AND THE RISING COST OF LIVING - THISDAYLIVE,"Tue, 12 May 2026 07:00:00 GMT",THISDAYLIVE,www.thisdaylive.com,2026-05-12 07:00:00+00:00,2026-08-23 16:01:11.633939+00:00,nigeria and the rising cost of living,False,True,True,True
Nigeria staple food prices,https://news.google.com/rss/search?q=Nigeria%20staple%20food%20prices&hl=en-NG&gl=NG&ceid=NG%3Aen,https://news.google.com/rss/articles/CBMif0FVX3lxTFBkMGg2ZUg0ZDJjRE9NdkdIYUUyaE9VRl9fVW45SmhOT3B5c1p6cFgzdEplOFBlcUV1NGdBenp5Slp3WW52YzJaOFpfdmRpYkdCZEVmMzRCYzc4c2NzUnIyRU9NTVY2QVJsakxzYmFzQmx2SFBpRWJaZTR2WE1BWlk?oc=5,Food Prices May Drop By Next Harvest – Farmers Group,Food Prices May Drop By Next Harvest – Farmers Group - The Whistler Newspaper,"Tue, 12 May 2026 07:00:00 GMT",The Whistler Newspaper,thewhistler.ng,2026-05-12 07:00:00+00:00,2026-08-23 16:01:11.633939+00:00,food prices may drop by next harvest farmers group,True,True,True,True
Nigeria food prices,https://news.google.com/rss/search?q=Nigeria%20food%20prices&hl=en-NG&gl=NG&ceid=NG%3Aen,https://news.google.com/rss/articles/CBMiggFBVV95cUxQTjZkWkw0eTM4NW56UElRLV9FZlJwWDAxanhnOTVIcElTSTB2MzZPTWZWaUJ2WDUzWUhNelk4dkFrb1ZRYmxWV1gtX3E2NHpEemFsS19aV1lTX2RrME1jNEZIVHpwMS1DRll2VzdfbkZ5ODdNcFlvRV9UVl9EcmZORE5R?oc=5,Food prices in Nigeria may drop by next harvest: AFAN,Food prices in Nigeria may drop by next harvest: AFAN - Peoples Gazette Nigeria,"Tue, 12 May 2026 07:00:00 GMT",Peoples Gazette Nigeria,gazettengr.com,2026-05-12 07:00:00+00:00,2026-08-23 16:01:11.633939+00:00,food prices in nigeria may drop by next harvest afan,True,True,True,True
Nigeria food inflation,https://news.google.com/rss/search?q=Nigeria%20food%20inflation&hl=en-NG&gl=NG&ceid=NG%3Aen,https://news.google.com/rss/articles/CBMiowFBVV95cUxNUjZlNmlLM2NzdFZMdm04UWN3dlhJU3Q1ZzAtekIxN2kxcUxSbklWTEd3c3NSSlRkaGc1d1lReFMybFcxa2NsLTA2N0NzaFVFVUNwMVJSWExON3kyUGw2Y0MtUlVTdVI5dTcwaUs0WUUzcnJLWDV2VXdUeEZZRi0yRUxBS0FTS09WT0lNbmhuV3dDbDEzUHlvZks1dEt3NjFQTVZR?oc=5,Food inflation rate continues on a steady rise to 16.06% in April,Food inflation rate continues on a steady rise to 16.06% in April - Business News Nigeria,"Fri, 15 May 2026 07:00:00 GMT",Business News Nigeria,businessday.ng,2026-05-15 07:00:00+00:00,2026-08-23 16:01:11.633939+00:00,food inflation rate continues on a steady rise to 1606 in april,True,True,True,True
Nigeria food prices,https://news.google.com/rss/search?q=Nigeria%20food%20prices&hl=en-NG&gl=NG&ceid=NG%3Aen,https://news.google.com/rss/articles/CBMi2wFBVV95cUxOZFdkd1BwM1ZTd2dWVVNWamo4ckZZMUNhc1I1bll2MWhhZEZ1RGV5MzlpcWVMRjczV0lfLTVoLW1YaXE3c0g5Q2FVWGZJdEJ1TFB0QjhZNTgwRnc0RDNjTnJhcmxhUVFIeUgyMjR1MGlOUGJtMDMxMTdvMEpYamZWNGVSOUZIYlVxSEpZUnV3c2ZBckZoaU1lakNXV0U1SVFwSTd3emlubVd2aFE1ZXV2M3hGbGRyZ3BtWENGaWVhdW9LbW4zWl9peVlSRUsyb21ZRVhGMDc3b2lnOW8?oc=5,Nigeria’s inflation rises to 15.69% in April as food prices remain elevated — NBS,Nigeria’s inflation rises to 15.69% in April as food prices remain elevated — NBS - Premium Times Nigeria,"Fri, 15 May 2026 07:00:00 GMT",Premium Times Nigeria,www.premiumtimesng.com,2026-05-15 07:00:00+00:00,2026-08-23 16:01:11.633939+00:00,nigerias inflation rises to 1569 in april as food prices remain elevated nbs,True,True,True,True
Nigeria food prices,https://news.google.com/rss/search?q=Nigeria%20food%20prices&hl=en-NG&gl=NG&ceid=NG%3Aen,https://news.google.com/rss/articles/CBMingFBVV95cUxQTjdHT0V2R3ZLRHBUX2xWeEE1Yk11SXFBNU42VnA3NjItemZ6UDhuQnFhSVVmV3FXYXZsVm1OTU5OdzNrU3NnOGVjX0V0VjBwc1FVTFBaUThnMXcwUkRvWXU3TW5tTUxxei1aOHZjRUhfOWhKVWRheHl3OEh3dWV3TWl6emdFTDRtaDMwakU3M05LUTZ6YmpWT2c5VHFmQQ?oc=5,Nigeria’s food inflation slows to 16.06% in April- NBS,Nigeria’s food inflation slows to 16.06% in April- NBS - CNBC Africa,"Fri, 15 May 2026 07:00:00 GMT",CNBC Africa,www.cnbcafrica.com,2026-05-15 07:00:00+00:00,2026-08-23 16:01:11.633939+00:00,nigerias food inflation slows to 1606 in april nbs,True,True,True,True
Nigeria food prices,https://news.google.com/rss/search?q=Nigeria%20food%20prices&hl=en-NG&gl=NG&ceid=NG%3Aen,https://news.google.com/rss/articles/CBMiiAJBVV95cUxNNzl0UzIyWkNWeXAtc2otLWtTSF8xYzBGRFJXS0hhU2IzTVRPSFUxU0lLeDhaRFdoT002Rk8zU2VLanpLZUxlX2ZlSUxQeDB2UGpkX1NXYmlsRTF6ZUtmNEdWdXBPQWo2cGt0UEVRdUl6ZVZ6NDUxQkdfcERhMFlGUlVHU3VTVEdWZ2pvOU0xdWdVVkt5dUJfVWpCT0hseDZQRU1JMjhIblZrUGktODF0YXFtRFZFRFQ5bE9jUWNfb3NRRzBFbjJOMzJyQ2FmQ2tjRUl5bVd5X3VlNHZRSVd2QUVfVUJRX0VMWVluS1JmZDA2RDN6ZWdDQUR1U1lmUEtXdnhPS2F0Z3k?oc=5,Nigeria’s Headline Inflation Rises to 15.69% in April Amid Persistent Food Price Pressures,Nigeria’s Headline Inflation Rises to 15.69% in April Amid Persistent Food Price Pressures - Proshare,"Fri, 15 May 2026 16:51:04 GMT",Proshare,proshare.co,2026-05-15 16:51:04+00:00,2026-08-23 16:01:11.633939+00:00,nigerias headline inflation rises to 1569 in april amid persistent food price pressures,True,True,False,True
Nigeria purchasing power food,https://news.google.com/rss/search?q=Nigeria%20purchasing%20power%20food&hl=en-NG&gl=NG&ceid=NG%3Aen,https://news.google.com/rss/articles/CBMigAFBVV95cUxPaGxiRW0tLWR2MTFGc2hmakYxVlEzS09fUXVvSXVNV192Z3NuUzhwc2dZcXFJblVkN0hoQWZKS19kWW95U1E1N2dMdDdtOUtTWjk3Si1Lb05fVHJ1MDBLVzREVUhpRjVUOHBaRnN4QmU3ZnZyVEJzSlZzaG1ESGI4WQ?oc=5,Meat disappears from Nigerian homes as cow prices soar,Meat disappears from Nigerian homes as cow prices soar - Punch Newspapers,"Sun, 17 May 2026 07:00:00 GMT",Punch Newspapers,punchng.com,2026-05-17 07:00:00+00:00,2026-08-23 16:01:11.633939+00:00,meat disappears from nigerian homes as cow prices soar,True,True,False,True
Nigeria food affordability,https://news.google.com/rss/search?q=Nigeria%20food%20affordability&hl=en-NG&gl=NG&ceid=NG%3Aen,https://news.google.com/rss/articles/CBMihAFBVV95cUxOaWtpdTZsTjhEQ0ZQTHFYYkNVS1Z1X3Z5eG5pTGNwZWZNbHR5MjRSWHlCV1lFS3BLd1BUR2xtcU9XTzdxLTZwWFM1V0NIdnNRV21pV00xZGZ0WWVxUmxfc3hVeGNBb3llNXNIUGt4VVRwRnY4ZWhkQlE5OHFRMkRkWUVRWEU?oc=5,10 Cheapest Places to Live in Nigeria: The Ultimate 2026 Cost of Living Guide,10 Cheapest Places to Live in Nigeria: The Ultimate 2026 Cost of Living Guide - nigeriahousingmarket.com,"Mon, 18 May 2026 07:00:00 GMT",nigeriahousingmarket.com,www.nigeriahousingmarket.com,2026-05-18 07:00:00+00:00,2026-08-23 16:01:11.633939+00:00,10 cheapest places to live in nigeria the ultimate 2026 cost of living guide,False,True,True,True
Nigeria cost of living,https://news.google.com/rss/search?q=Nigeria%20cost%20of%20living&hl=en-NG&gl=NG&ceid=NG%3Aen,https://news.google.com/rss/articles/CBMidkFVX3lxTE5HV204QnJZeXN5dkVvbDNrTVJKTDRwTDJPOWpzdjhIRTZRSHBzMXIwWGl6VTNEY2tFS1M5MzFCNGN2dHp1aHFQMW12aGNLYkpLZXdmY0xTb3NJZkM0dlNTWjh0ZVI0ZTdsNkZEbURhOFR0STR2OXc?oc=5,Cost of Living in Lagos (2026 Practical Budget Guide),Cost of Living in Lagos (2026 Practical Budget Guide) - nigeriahousingmarket.com,"Mon, 18 May 2026 07:00:00 GMT",nigeriahousingmarket.com,www.nigeriahousingmarket.com,2026-05-18 07:00:00+00:00,2026-08-23 16:01:11.633939+00:00,cost of living in lagos 2026 practical budget guide,False,True,True,True
Nigeria food prices,https://news.google.com/rss/search?q=Nigeria%20food%20prices&hl=en-NG&gl=NG&ceid=NG%3Aen,https://news.google.com/rss/articles/CBMijwFBVV95cUxNZTJaNVBNVlJDbDVFQnhIRFZwSV9zbC15Xy15QlFDcnA4dlFpSGdoZTlXQl91YjFkYlpkUThjR0hTN2JFZWVVWmUwdnRFMlNha2V6UlFDbmFXX00tREcybnFzczJBaVo3RlU1QlVxbHF2ZzA3OWgxQ19qQ1pISVpGblJPWk1NX1hEWXhCbEhjaw?oc=5,"Rising Food Prices Spark Calls For AgTech, Logistics Investment","Rising Food Prices Spark Calls For AgTech, Logistics Investment - Independent Newspaper Nigeria","Wed, 20 May 2026 07:00:00 GMT",Independent Newspaper Nigeria,independent.ng,2026-05-20 07:00:00+00:00,2026-08-23 16:01:11.633939+00:00,rising food prices spark calls for agtech logistics investment,True,True,True,True
Nigeria food inflation,https://news.google.com/rss/search?q=Nigeria%20food%20inflation&hl=en-NG&gl=NG&ceid=NG%3Aen,https://news.google.com/rss/articles/CBMilgJBVV95cUxPWFNXeWt1MXBrS2gyVHFFRWpaQXk2ejdmQlVrSHg2bm1QZWYxNWIzVE9TUVNiQ2R0OUNVbkpNdXl2XzZzUy11TkNsRHM2cGNaNTBtWC1IMWR2N0oxWW0xZVF6aFhXYnlxWDRnenBRdF9tTGFrWWN3V0F0MXN3RUJNTEdCNkJmRFF2cnpTUWpfazd4aHBUaFZyUmx0cVFJWE9yTmF2MUZ4YjJDVG41b2pfVUJQOE5nVUQ5WXh5a083Y1Rsei1ReEpSa0ZWRmJpWWNxREFKckdTNmd1MXVrVE00VGg3VEJqSkQtekJZakszZGpUVFBKWHFsdlVOUS1FaXhpa1VobjE3cVJZU3lyRUdLYlJHRklYdw?oc=5,"Nigeria's Inflation Edges Higher to 15.93% in May 2026 as Food Pressures Persist, Core Prices Rebound","Nigeria's Inflation Edges Higher to 15.93% in May 2026 as Food Pressures Persist, Core Prices Rebound - Proshare","Thu, 21 May 2026 07:00:00 GMT",Proshare,proshare.co,2026-05-21 07:00:00+00:00,2026-08-23 16:01:11.633939+00:00,nigerias inflation edges higher to 1593 in may 2026 as food pressures persist core prices rebound,True,True,False,True
Nigeria food affordability,https://news.google.com/rss/search?q=Nigeria%20food%20affordability&hl=en-NG&gl=NG&ceid=NG%3Aen,https://news.google.com/rss/articles/CBMiswFBVV95cUxOX1pUeVhxeTI2TVZGNzV3VjNTZ256bEc2M1RKN3dWOVB0V0NjaGFQbEpsa09nRmZBRXRvczZSVzQzUkdfRzZndjh5NWtXdVM0TEVsZ1hTMTVBX3B3NmlDVUlIQnNlNW83LVJFTF93akhKY1lnUjVjYXVVWTU1ZXFVeVF2RFVqMW9FbE1fTVAxaDRMOTFVRjJjS0dNX19aU3NBdzIybHJPNTVtc05lQ3ZjYmptWQ?oc=5,"Cost of Healthy Diet in Nigeria Rises to N1,513 Per Day as Food Crisis Deepens — NBS","Cost of Healthy Diet in Nigeria Rises to N1,513 Per Day as Food Crisis Deepens — NBS - Real Broadcasting Network","Fri, 22 May 2026 07:00:00 GMT",Real Broadcasting Network,therealmediang.com,2026-05-22 07:00:00+00:00,2026-08-23 16:01:11.633939+00:00,cost of healthy diet in nigeria rises to n1513 per day as food crisis deepens nbs,True,True,True,True
Nigeria staple food prices,https://news.google.com/rss/search?q=Nigeria%20staple%20food%20prices&hl=en-NG&gl=NG&ceid=NG%3Aen,https://news.google.com/rss/articles/CBMitgFBVV95cUxNTnloSVVNOXRuVk1UQzlzb3RDdERHenpST0hmTl9NTUIyVnJUdDJlbW1CbTdCdmZ5dnRQczZqcF9HNExHeXRzaERlUEl1VUZpaDhEaWY3NEFzM1R5cEEybEdMWTY0U0lFTE41NmZFY1A3X0hmWmdQMmQ2QnpfREI5TTh1czMzanJJU1J6U0F3NmNQNzJnYXJmMmJRakdFb1VhZ0d0MTE2MFBWemdfUTZfcHVoVEU2Z9IBuwFBVV95cUxOQnA3NDZJaEc1c3NTQjh3d2lsYlJ3LVIySWdzeDV1LVdRbDlxaHNQQ1NfcHNhMVRuVU56aFRzWTlxUGtjNEFMQWxHcUJnbzdWWTZveGhvODJmWVdETmdWZi0zbmFRNm04endpV2dfM2hkMGJEWFgzQlpVWk9FZmNONS15WnJ4dzBWOXI3a3FuRzVGRlZTSHdodjVDLU5hR08tcXRRYkE4YTRGaERFNnVCOVhRWjdXMFBFZFB3?oc=5,"SALLAH: Ram price close to N1m, pepper jumps 200% as buyers look for alternatives","SALLAH: Ram price close to N1m, pepper jumps 200% as buyers look for alternatives - Vanguard News","Sun, 24 May 2026 07:00:00 GMT",Vanguard News,www.vanguardngr.com,2026-05-24 07:00:00+00:00,2026-08-23 16:10:01.931891+00:00,sallah ram price close to n1m pepper jumps 200 as buyers look for alternatives,True,True,False,True
Nigeria cost of living,https://news.google.com/rss/search?q=Nigeria%20cost%20of%20living&hl=en-NG&gl=NG&ceid=NG%3Aen,https://news.google.com/rss/articles/CBMi1gFBVV95cUxPN2NPUlZQM1JLNGlraFpLclNvcWV6RzdUUThYa3ZKN3MwTUhOeDhrNF9uZlFLUkYtN19PQ0NBRHFwX05lVWFLSlllaGxfOEQ0bmZncE5ob2ZvMWNGVkMtU1FFNjQ0ZzdnOUVJakd4ODVTN2t4MU1vOE01UGQxQkVDQzY3XzQtWEgydmc4TnVpNVJRSFlldUctRlJqbTBqT1VVYWdZUmF5UzU0bEkyci1ocG00Vmh2YnkwV2JCd2docFltWmFteVI1cjFVRmZST0tGUFRNTGtn?oc=5,Nigeria’s Cost of Living Crisis Reshapes Eid Spending as Families Cut Back on Travel and Sacrifices,Nigeria’s Cost of Living Crisis Reshapes Eid Spending as Families Cut Back on Travel and Sacrifices - Africa Sustainability Matters,"Tue, 26 May 2026 07:00:00 GMT",Africa Sustainability Matters,africasustainabilitymatters.com,2026-05-26 07:00:00+00:00,2026-08-23 16:01:11.633939+00:00,nigerias cost of living crisis reshapes eid spending as families cut back on travel and sacrifices,False,True,True,True
Nigeria cost of living,https://news.google.com/rss/search?q=Nigeria%20cost%20of%20living&hl=en-NG&gl=NG&ceid=NG%3Aen,https://news.google.com/rss/articles/CBMilgFBVV95cUxNVEtLR2VwclNmbnRBT3hHcGQzdnJ1a3VQNnptLThaMmZkdy1xUmN3MVFqNjRyU0J2Vmx0emZoMkJSejUwVjhKS2pXUUFQc1YydEVtOWVGeGRDNmtuaVhQc3UyUndpZnFhZUhNQlgzQTZzSDBtYUhkYjFNZGMxUE03OHc3N3JEcFd0dGxvbzVjTF9fajdFRlE?oc=5,Economists reject NBS GDP report as cost of living worsens,Economists reject NBS GDP report as cost of living worsens - Daily Post Nigeria,"Tue, 26 May 2026 07:00:00 GMT",Daily Post Nigeria,dailypost.ng,2026-05-26 07:00:00+00:00,2026-08-23 16:01:11.633939+00:00,economists reject nbs gdp report as cost of living worsens,False,True,True,True
Nigeria cost of living,https://news.google.com/rss/search?q=Nigeria%20cost%20of%20living&hl=en-NG&gl=NG&ceid=NG%3Aen,https://news.google.com/rss/articles/CBMimwFBVV95cUxPaVpwb3hHaFFkS1FSZ3RCY092d0ZndktWS2RRQmlzYm9yakZrRW55TjdYX1FSX3dUTHpqZ2NYZWlPVjYxbjA0cE9XZHp6ZVBWTlVsTDlTc010cTM3Zm1DMG5pVTJFWXpVWGwwVnY5dy1PdnNxM2NoOWxVaXZKY2hZbE9IbUZ6bVlDV0RncVE0N2ZVT0ZMSGNQV0E3TdIBoAFBVV95cUxQZFA4WmlyQXo5bTdSVEhQMFNNTWd5TEpzSm9BTjhfVnBpbFNLSW9EY2xDWGpySUY5RjBCemFzTF9ud0x3Z3FqYm9lZ0plRjI0ZC1lT2NtQk5RUGc2NklFSnlXdDZKb0djWWRSam5maS1BbGlybDJrd3RGVV92Z3FkQWRxc1ZTR3RObThFZlgzb3RsQ2ZJU0hvYzBzUjZkMUw1?oc=5,Cost of living crisis reshapes Eid spending in Nigeria,Cost of living crisis reshapes Eid spending in Nigeria - Al Jazeera,"Tue, 26 May 2026 07:00:00 GMT",Al Jazeera,www.aljazeera.com,2026-05-26 07:00:00+00:00,2026-08-23 16:01:11.633939+00:00,cost of living crisis reshapes eid spending in nigeria,False,True,True,True
Nigeria cost of living,https://news.google.com/rss/search?q=Nigeria%20cost%20of%20living&hl=en-NG&gl=NG&ceid=NG%3Aen,https://news.google.com/rss/articles/CBMiqAFBVV95cUxQQVEzdGNHaEN0UlBxVGtELXVBR0ZYX2YzNi1BN1c1emt2NWEyM2tRTEJ3WlBGVGIyUHVKbHNzek1RS2o5S3JDaDhNR0FrbzRyWWN6V3l6RnR6NFBPaVRwTXVzMGh1Z0dwcVZ6WjRlU0x4N04tSUNaX2JxdHN2SXY3SVNNSGxYMjNvUEE4R25ia2N2aGFRR1NYVDBFeTYxMW84aUNrZWFpaG7SAa4BQVVfeXFMUF9IREdyOFVXNmRlYkVFZ3VxcUZjWnh0THNvVG9IdDk2eGR2aHFlUmwweEUtb1BveF9TVVdNb0pscGlaSUJ1ZWwtVm5aSDIxb0M2dURjZTFfdGlXU09SeWNkN1dTZkM4YXZtZVFWMzRObWRRam9aVkpGeUJKZDVoX2Ffa1dJX1R5RkIyMUpySFRxcE5VeExvWFI0ZFh5NThOSmRPMUVjUzMzS1BLdEJ3?oc=5,Nigerian Muslims celebrate Eid al-Kabir amid cost of living crisis,Nigerian Muslims celebrate Eid al-Kabir amid cost of living crisis - africanews.com,"Thu, 28 May 2026 07:00:00 GMT",africanews.com,www.africanews.com,2026-05-28 07:00:00+00:00,2026-08-23 16:01:11.633939+00:00,nigerian muslims celebrate eid alkabir amid cost of living crisis,False,True,True,True
Nigeria cost of living,https://news.google.com/rss/search?q=Nigeria%20cost%20of%20living&hl=en-NG&gl=NG&ceid=NG%3Aen,https://news.google.com/rss/articles/CBMimgFBVV95cUxOUENaRXNTMndtWTBfdk9wQ281Q0NxT2dVMWFuaHlMdkd4NU9xRmRXRVZZd2RjZGJKb01HdUNJYi1KUkhRXzZxcC1ZRUNtLWxyaUJVSUhpc0xkR1JIZkRJZFctRVVfak9qY0ZBT2xEUnRZMTNhOWZtZTlFSm1TVWE1WENEZWFCVFpQaFhIVWZuYWotekZ2QnJhaWtn?oc=5,"Tinubu @3: Cost Of Living Surge Pushes Residents To Slums, Satellite Towns","Tinubu @3: Cost Of Living Surge Pushes Residents To Slums, Satellite Towns - LEADERSHIP Newspapers","Mon, 01 Jun 2026 05:24:45 GMT",LEADERSHIP Newspapers,leadership.ng,2026-06-01 05:24:45+00:00,2026-08-23 16:01:11.633939+00:00,tinubu 3 cost of living surge pushes residents to slums satellite towns,False,True,True,True
Nigeria cost of living,https://news.google.com/rss/search?q=Nigeria%20cost%20of%20living&hl=en-NG&gl=NG&ceid=NG%3Aen,https://news.google.com/rss/articles/CBMikwFBVV95cUxQQVRLQ1pEUUJmTElyRHBaQkNQTTRBNjdwejl6TzA1cUZFem5Pbl9YdkJsVGRoTWlFQUVFbEpKazZJdnlSRXlTNEhHb2drV1JNVmxxeXRVd0FzM0lTRHBOakVCTmVuSXl0Y1d5ZWZQeVotMWVFRUh0TGlEV0djZE9zZkxqMUNWSDg4VnBLbC01UWx1NEU?oc=5,"Parents, schools feel pinch as fuel prices surge","Parents, schools feel pinch as fuel prices surge - Business News Nigeria","Tue, 02 Jun 2026 07:00:00 GMT",Business News Nigeria,businessday.ng,2026-06-02 07:00:00+00:00,2026-08-23 16:01:11.633939+00:00,parents schools feel pinch as fuel prices surge,True,True,False,True
Nigeria staple food prices,https://news.google.com/rss/search?q=Nigeria%20staple%20food%20prices&hl=en-NG&gl=NG&ceid=NG%3Aen,https://news.google.com/rss/articles/CBMiogFBVV95cUxNSXZyWTJRUkF5cWNNMF9ORnVrX180WHFSTVNxNzZSLVdCMkpOM2k5aGpXenBrRl9LX2ROWEpkY3lGNHpuaHRqWU01SXB2OGNrajNUYjVYaEhIY1ZvSV91S3JLRW8yUlUyV2VFdFhvUF9zUnpfSjl1UzBkVVZOQ09LUFd5V3NISnFPNmpON3Vmc0FoYWpVRHNFaXFqbldISmtrNWc?oc=5,"Garri sells below N1,000 as food prices moderate nationwide – NBS","Garri sells below N1,000 as food prices moderate nationwide – NBS - PM News Nigeria","Tue, 02 Jun 2026 07:00:00 GMT",PM News Nigeria,pmnewsnigeria.com,2026-06-02 07:00:00+00:00,2026-08-23 16:01:11.633939+00:00,garri sells below n1000 as food prices moderate nationwide nbs,True,True,True,True
Nigeria staple food prices,https://news.google.com/rss/search?q=Nigeria%20staple%20food%20prices&hl=en-NG&gl=NG&ceid=NG%3Aen,https://news.google.com/rss/articles/CBMimAFBVV95cUxQekh5VmVlVWZTbXJmLVFiSTFXWXZHaHh3YWJSbGs3NC1NTEpDZkhqS2hXMWhoMGs2Q3JHVFNPVWVlWUdHSzQxdHNVY29IRzNJVWNPMlRBS3BkcC01UVV0bkRiVmVKbHR1YW5vaGFBck5qQURMTHJlSGlpeGNZOXh2cmxXSHV5U0NMQWZkMDZxUnBFQ2x5ampzeA?oc=5,Prices of basic food items record modest rise in April,Prices of basic food items record modest rise in April - The Guardian Nigeria News,"Wed, 03 Jun 2026 07:00:00 GMT",The Guardian Nigeria News,guardian.ng,2026-06-03 07:00:00+00:00,2026-08-23 16:01:11.633939+00:00,prices of basic food items record modest rise in april,True,True,False,True
Nigeria cost of living,https://news.google.com/rss/search?q=Nigeria%20cost%20of%20living&hl=en-NG&gl=NG&ceid=NG%3Aen,https://news.google.com/rss/articles/CBMiuwFBVV95cUxPRHRkTkQyckVEbHl3X2t4cXlyTnVXVVhJcjdQZUV6WHNYdXl4Y3plTzlEOW4weFJsU2FUOUVwT0tiMndkSHNnSDhWMTVIZkx3R3lLY3lRZXlyWXRfQzBlRkJEZWYzS1ZES09tSUUzcWpOcXk0MW40ZHhvMVZIZlpBY2h3M2oxaHdTQ1hPWjc1dHVxRG9rMFpiWFNucmYxcXZRVF9LOV92X1Voc3lxWkVycVhYTktPRlktUllr?oc=5,How Nigeria’s Cost of Living Crisis Is Measured in Billions While Citizens Borrow to Eat,How Nigeria’s Cost of Living Crisis Is Measured in Billions While Citizens Borrow to Eat - Development Diaries,"Wed, 03 Jun 2026 07:00:00 GMT",Development Diaries,developmentdiaries.com,2026-06-03 07:00:00+00:00,2026-08-23 16:01:11.633939+00:00,how nigerias cost of living crisis is measured in billions while citizens borrow to eat,False,True,True,True
Nigeria food affordability,https://news.google.com/rss/search?q=Nigeria%20food%20affordability&hl=en-NG&gl=NG&ceid=NG%3Aen,https://news.google.com/rss/articles/CBMidkFVX3lxTE5YR054X2hIUGpEYWdwNmNEZXFGTVJfQUxDcFVleUVyVWRrVE5xVEx6TVFocUdoZDVPUGNmVWt0TzFJemtWUnRhX0xPM0Myd0pLQ1E0SjhuTzRlNDFnZ0FqbmlxdkdOcF9TdVpLZGdBcVJ6SG9kTXfSAXtBVV95cUxQRWxPSUlvUjRpVWF3Vlg5aWFLR2JPNjdPM2Q5TG5aeVVNcVNZYlBLOGZrUTNuYndtNTN3ZzBzQXhvVk1XZVVtOUE4Q01xSktJVV8zTkQ2UXlHVVYxcF9MelJmbEdMNnp0R2pvbmpnbmtEdFNhelFWajdmblk?oc=5,Food waste costs Nigeria N5tr yearly,Food waste costs Nigeria N5tr yearly - The Nation Newspaper,"Wed, 03 Jun 2026 07:00:00 GMT",The Nation Newspaper,thenationonlineng.net,2026-06-03 07:00:00+00:00,2026-08-23 16:01:11.633939+00:00,food waste costs nigeria n5tr yearly,True,True,False,True
Nigeria food prices,https://news.google.com/rss/search?q=Nigeria%20food%20prices&hl=en-NG&gl=NG&ceid=NG%3Aen,https://news.google.com/rss/articles/CBMiogFBVV95cUxOa24wOUR0Ukl0STJYbW5FYkNYMElZc1o1WkNVQ2NiajBlODFFLU5DenowcnVzTURMMVhrekVoemM5ekNLR0hpR3hVaG1NZUg0YTlESDdfb0FSTU1iS2dNWkhoYnZFRDdGVHZuR210YWZlc3NYM3hzeDYxcDRud1BWSzloMFhEMVRUaWVFTnhrbmo5Rmc3d1BjTFQ2eVFocHpHMGc?oc=5,Healthy diet now costs Nigerians more as food prices climb – NBS,Healthy diet now costs Nigerians more as food prices climb – NBS - PM News Nigeria,"Thu, 04 Jun 2026 07:00:00 GMT",PM News Nigeria,pmnewsnigeria.com,2026-06-04 07:00:00+00:00,2026-08-23 16:01:11.633939+00:00,healthy diet now costs nigerians more as food prices climb nbs,True,True,True,True
Nigeria cost of living,https://news.google.com/rss/search?q=Nigeria%20cost%20of%20living&hl=en-NG&gl=NG&ceid=NG%3Aen,https://news.google.com/rss/articles/CBMikAFBVV95cUxQVFhqZ1pKX3FpYWo0d2J0cTNHbjFkREtVUkktTC15cWswWXZnal94UlVmQ3g5NzN6Z2NlZU5CNS04dFhCa2xXZDdEclVZSXk3VjdCWTJjWmxCTDM2SVdiYWdnT3Z4Y18tZmFNeGVNNEpsR0dNaGhrTzhVT2s0UVN1NUZOQUtSRFpzWEF6QmRkSzE?oc=5,"Declare emergency on security, cost of Living, CAC urges Tinubu","Declare emergency on security, cost of Living, CAC urges Tinubu - The Guardian Nigeria News","Sun, 07 Jun 2026 07:00:00 GMT",The Guardian Nigeria News,guardian.ng,2026-06-07 07:00:00+00:00,2026-08-23 16:01:11.633939+00:00,declare emergency on security cost of living cac urges tinubu,False,True,True,True
Nigeria cost of living,https://news.google.com/rss/search?q=Nigeria%20cost%20of%20living&hl=en-NG&gl=NG&ceid=NG%3Aen,https://news.google.com/rss/articles/CBMifkFVX3lxTE84a191bHVzMTJnUjVRM1gxcE9OcGswbzQ0Y1JTWXFUMFd5cndDVUtRalBMX0Z3N3lXN2N4djhrNkFQRTBKMHVOclhvNjhjdUpDVUZramgtR1JSVnpyd25wSUE4SlZBcU4yUTBnX3NnNTBlX1J4Z0l1UUhNbjNJZw?oc=5,What Nigeria’s latest economic data say about cost of living crisis,What Nigeria’s latest economic data say about cost of living crisis - Businessfront,"Sun, 07 Jun 2026 07:00:00 GMT",Businessfront,businessfront.com,2026-06-07 07:00:00+00:00,2026-08-23 16:01:11.633939+00:00,what nigerias latest economic data say about cost of living crisis,False,True,True,True
Nigeria cost of living,https://news.google.com/rss/search?q=Nigeria%20cost%20of%20living&hl=en-NG&gl=NG&ceid=NG%3Aen,https://news.google.com/rss/articles/CBMinAFBVV95cUxPQlRYUW05MWxhSzFONk9aeVdrU1Vtem9EaG9wbmRwVTdhYVlKeVF1X3ljb2V6dTcyTUZQUDlFVmlVaFYxUWg1UFFpNXNTTXV6UDdkbks4UFBUQU56eUhTZmtzbkJnMlg4UHlCLWxoTktoMEJQZGhVUEJkRC02MGprUlBvVmYzTFVXc0tMdlBIV0hnOTRjRDFEdWR4d2k?oc=5,Affordability index: When healthy diet becomes luxury for Nigerians,Affordability index: When healthy diet becomes luxury for Nigerians - The Guardian Nigeria News,"Mon, 08 Jun 2026 07:00:00 GMT",The Guardian Nigeria News,guardian.ng,2026-06-08 07:00:00+00:00,2026-08-23 16:01:11.633939+00:00,affordability index when healthy diet becomes luxury for nigerians,True,True,False,True
Nigeria cost of living,https://news.google.com/rss/search?q=Nigeria%20cost%20of%20living&hl=en-NG&gl=NG&ceid=NG%3Aen,https://news.google.com/rss/articles/CBMikwFBVV95cUxPYVRSeGQ4b0tXT1pydnY3bDFsZldDT1RxNHgzSmlVMldmMEhTWDZQVlJ5VlNkczlheDlkQjNfSTRUOEE1V054N2Z5SzhCSFRzVllXYU9VcG9XaUpGYm1SNk9SOHVidHZGSVM1ck5tdHl0X2xIYU12a3JtU2I0QjJqTTA3Tkw5bzdrNkpBSGhXNnZCQkE?oc=5,"Religious leaders task govt on insecurity, cost of living crisis","Religious leaders task govt on insecurity, cost of living crisis - The Guardian Nigeria News","Mon, 08 Jun 2026 07:00:00 GMT",The Guardian Nigeria News,guardian.ng,2026-06-08 07:00:00+00:00,2026-08-23 16:01:11.633939+00:00,religious leaders task govt on insecurity cost of living crisis,False,True,True,True
Nigeria food prices,https://news.google.com/rss/search?q=Nigeria%20food%20prices&hl=en-NG&gl=NG&ceid=NG%3Aen,https://news.google.com/rss/articles/CBMimgFBVV95cUxPNU5PdUF3MWctbDRZQ0d0bVBwXzNYOVRVWjB5TDBrYkhKWGN5WGg4TWRtUEhiZTNhTlFWS0JTNW9hRUg2clh4REJ3Sk45MUZZT2NXR2JQQVpnYUlsYVF6REVCRURVOXVGZjV1M2lhazYtRTEzdTFUOU53WUpxQ3NGcFA2WGY3R3gyZ0xnMmhhUUZJUWdhX21pOFpB0gGfAUFVX3lxTE5IRGY2UzVFeE40RDdXcGM0eTBtZG01ZUJfNUdvN092RlJGUnpFOVRZbEV4UjRsTnZiN2dRRDRXZlE5SGROS2wtX09NTDJaSzZQb1JmZjZDbUhvQTBnQTFoX2hvNHh0ZGgxbG1vdkNYRWcwNUo0Q1JLTVplN1VJc0c3aG5DVkk2X3ZTdlJmc1dhNzFvSHlRUUpQdE1ZSHJwVQ?oc=5,How high prices’re degrading quality of food Nigerians eat,How high prices’re degrading quality of food Nigerians eat - Vanguard News,"Tue, 09 Jun 2026 07:00:00 GMT",Vanguard News,www.vanguardngr.com,2026-06-09 07:00:00+00:00,2026-08-23 16:01:11.633939+00:00,how high pricesre degrading quality of food nigerians eat,True,True,False,True
Nigeria cost of living,https://news.google.com/rss/search?q=Nigeria%20cost%20of%20living&hl=en-NG&gl=NG&ceid=NG%3Aen,https://news.google.com/rss/articles/CBMi-wFBVV95cUxNWGxJUENPdEVaNzVzaWVvMHBNcExIYXlRMGNlSzRZMlQ0VlVrdnBXbU82bXYwSXQ5bTRBTDZHQ1NuczZLTkVqUC1DT2J3UlZhVU1ZT25hQnJ3SFJjbVg0RkRBOC1tY1JjZFg0Wk5yeURTaXMzaUlCUExYdGMyaDQxZ2VRVlB0Qnk0azNId3JHVjJnblNPb2h3Z3ZsWHYzWFhBcUxSdm1xQ0VwRlhpc2E3Vlc0NFdseEVxTEREVzNVSkQ0eGc5NHg5cVdBdlRxY2NKdzN4cHQzMG5CalJiLTRZY0E1d3p5VzQ5cDVSQ2phUXctRlFYek1KeWJoUQ?oc=5,Cost of Living Crisis in Nigeria 2026: How Households Are Surviving Rising Expenses,Cost of Living Crisis in Nigeria 2026: How Households Are Surviving Rising Expenses - Proshare,"Wed, 10 Jun 2026 09:01:39 GMT",Proshare,proshare.co,2026-06-10 09:01:39+00:00,2026-08-23 16:10:01.931891+00:00,cost of living crisis in nigeria 2026 how households are surviving rising expenses,False,True,True,True
Nigeria food prices,https://news.google.com/rss/search?q=Nigeria%20food%20prices&hl=en-NG&gl=NG&ceid=NG%3Aen,https://news.google.com/rss/articles/CBMi5AFBVV95cUxOZFRMM2g1X2tqOHpqSXEwYml0UHBqM21WRUFQSDZBV2RkakNpLXUyRXNBY2c2aUxIZHAyQnFsNUFYc09QZVVzTE9heTFUSWpXY1J2NzdSTDNycE1peTg1bnNVUERYdi03ZTd5Z0Z1UWJxUFllREFkaHBBNV95LXBDbnhtOExHREdVSmM1b2h2V1VfRVBKaV9oRTBtT09MaGFjcVozRmtfSWc4cWQ1UWlrcEctSU5PZUlZdVZXTms4dEhLZWNUSVZzWGk2ZVIxdDRVOE5ZODRnM1NiWHdkRVctbTUwU0w?oc=5,S&P Global flags food prices as potential driver of inflation across emerging markets,S&P Global flags food prices as potential driver of inflation across emerging markets - Premium Times Nigeria,"Thu, 11 Jun 2026 07:00:00 GMT",Premium Times Nigeria,www.premiumtimesng.com,2026-06-11 07:00:00+00:00,2026-08-23 16:01:11.633939+00:00,sp global flags food prices as potential driver of inflation across emerging markets,True,True,True,True
Nigeria cost of living,https://news.google.com/rss/search?q=Nigeria%20cost%20of%20living&hl=en-NG&gl=NG&ceid=NG%3Aen,https://news.google.com/rss/articles/CBMioAFBVV95cUxNWFlCOWtCMGRUZ01OWkVYQ2NyOVN2MEVQazk5QXFQcElfV2MxeEtzWUswbjFQMXlsSUhEVW5zR0ttclM1OUVwM2FJQXgxODFjRm5LQkkxc3JpVUt3VjMzUlFLSVV6bVo2LTZjY0QxbWNFMm9wS05KbGxQN283ZFJCbjRGWEFFVXFqM2dtRDJXOGxjX1UxU3BxTzQzVHRFM2th0gGmAUFVX3lxTE9iLWdnUmJ6REpLaHo1WUg1YWNXcDIyUmdIdXZ0VzFUWkt6Y1NoZnMyWkF0SVVZbl83SmpmY2RJMldFbmxvTXZ5RVdINW1ES3phSXZEUjQ3YXZPSGxld2sxRWpYaTdYamFIaXJQWTMzYkc3MXhTZFA3cERqcHFZTDVvLXdtcEl2ekRXYW43MnFucE5VbmRUMUtXNTdDelU4R2ZlNG9HREE?oc=5,Actress Ruth Kadiri raises alarm over rising cost of living in Nigeria,Actress Ruth Kadiri raises alarm over rising cost of living in Nigeria - Tribune Online,"Thu, 11 Jun 2026 07:00:00 GMT",Tribune Online,tribuneonlineng.com,2026-06-11 07:00:00+00:00,2026-08-23 16:01:11.633939+00:00,actress ruth kadiri raises alarm over rising cost of living in nigeria,False,True,True,True
Nigeria food prices,https://news.google.com/rss/search?q=Nigeria%20food%20prices&hl=en-NG&gl=NG&ceid=NG%3Aen,https://news.google.com/rss/articles/CBMiqwFBVV95cUxOd2o0SXVOdEJBMHJKOE11TnZRajhLZktOdndDbkp2a1ZCTmdjMllfN0xPdmR0V0ZzM3l6b1pGemtLNlExQS1VZDRUaXZ0RjNTeEZaOEhhVHMyNUhIY1BZQWtTSnBId0Z6RkQwOTQ5UHhnREROU0ZuOUNVZTBxZW03blN1b1ZydHV2RGtuWEZsY29VaDhGT19Od1lCQ1hIcTR2YWRfZzRzUmJpMWfSAbABQVVfeXFMT1EyN1M4bDI1TjFzOXlRQ3VjNWVQUklxRWdkRkdrMTFXV0E1WEVWVVFMVzBNcHFFTW9TU1VZbXRMN0dfR2xBblV1QXI3UGJBTGdKVnZ5aE1qcGZ5aURzYTVTbkVhdVpKNENqYVNSeWhQcVJObnNWVmpSRXJPbVpCOF9PMHFRS2R6OHVMQUJGSldZVExUaG1EZUVFY0Z5NlQtcmtNOUJhS3pOZDVONlNCV00?oc=5,"Ruth Kadiri laments rising food prices, worries about average Nigerians","Ruth Kadiri laments rising food prices, worries about average Nigerians - Vanguard News","Sun, 14 Jun 2026 07:00:00 GMT",Vanguard News,www.vanguardngr.com,2026-06-14 07:00:00+00:00,2026-08-23 16:01:11.633939+00:00,ruth kadiri laments rising food prices worries about average nigerians,True,True,True,True
Nigeria food prices,https://news.google.com/rss/search?q=Nigeria%20food%20prices&hl=en-NG&gl=NG&ceid=NG%3Aen,https://news.google.com/rss/articles/CBMilwFBVV95cUxPOWdZZzFValMwMHZRc1ZWckdnWW9OWFhMdS1TVVpaVEVkc2JjY04xb21MUGp5b0ZuRV9UeXBXOTZpcGNWQzNpU3FkRTR2UGlBSFBDal91VkJKd3VhSmZYUHRpazVCemtuTXhfei1YVjFOQldyTHN6cm1za213OE5IWE5mdm1yU01DeW1VcGRVQ1A1elpLZHlR?oc=5,"Nigeria’s Inflation To Rise On High Food Prices, Naira Depreciation","Nigeria’s Inflation To Rise On High Food Prices, Naira Depreciation - MarketForces Africa","Sun, 14 Jun 2026 07:00:00 GMT",MarketForces Africa,dmarketforces.com,2026-06-14 07:00:00+00:00,2026-08-23 16:01:11.633939+00:00,nigerias inflation to rise on high food prices naira depreciation,True,True,True,True
Nigeria cost of living,https://news.google.com/rss/search?q=Nigeria%20cost%20of%20living&hl=en-NG&gl=NG&ceid=NG%3Aen,https://news.google.com/rss/articles/CBMipAFBVV95cUxPM0hJejhEMXFEV1EzVkFIY2FIeXJvSFRSX0w5R1BsenlOeTVPaXlJUXdCU0xfTEl6QTJ3UU14bWRwMGZ0VGdlZGJRR042QkEyMGRKdjNRalJrTWU4V0FQSE5EMFpYckRDNFRiWTAtcDZ3LWxObUJmTDktZ2d3YVd1YVk1VnppR1dUQ0N4bndIYnVYOGdWaV9nQW9wcF82VjFzSEdfRQ?oc=5,Cost of living set to rise as IMF calls for new taxes in Nigeria,Cost of living set to rise as IMF calls for new taxes in Nigeria - PM News Nigeria,"Mon, 15 Jun 2026 07:00:00 GMT",PM News Nigeria,pmnewsnigeria.com,2026-06-15 07:00:00+00:00,2026-08-23 16:01:11.633939+00:00,cost of living set to rise as imf calls for new taxes in nigeria,False,True,True,True
Nigeria food inflation,https://news.google.com/rss/search?q=Nigeria%20food%20inflation&hl=en-NG&gl=NG&ceid=NG%3Aen,https://news.google.com/rss/articles/CBMisAFBVV95cUxNbUtUSlEzWUZRNXk5WjZYZ0gyMUVfaHZNUU9UV25vckdmMEh3bGFKOXV1d2tkZnZhdUZDbnZjTHhHakVXZjVlSkxIdzJONnRTX2gzUVh1ZkRTMllabTYzOFlObjZhTldPZHA3YTZhMTFPbWVNZ2ZfRXp2NnRFcnZMME05MWo1VDFjcHVXWjZvM2JXbm1DZ0dNSFJMSUttNEIwUnEtZGJ5LWRwdGs5dnZRQg?oc=5,Nigeria inflation rises to 15.93% in May amid food costs,Nigeria inflation rises to 15.93% in May amid food costs - Investing.com,"Mon, 15 Jun 2026 07:00:00 GMT",Investing.com,www.investing.com,2026-06-15 07:00:00+00:00,2026-08-23 16:01:11.633939+00:00,nigeria inflation rises to 1593 in may amid food costs,True,True,False,True
Nigeria food prices,https://news.google.com/rss/search?q=Nigeria%20food%20prices&hl=en-NG&gl=NG&ceid=NG%3Aen,https://news.google.com/rss/articles/CBMiuwFBVV95cUxNRHJuVloyTzFJeUJINFBNUV84andBTXJwMU8xRGtNUjF2SVNGWXRxUHdUVmtUNTZhZmtENlZwVURqYmpDWEM3Ulh6Z05WcW5uNEZfMzFaM3dnT0I2TVF1ZU9yN0dxVGFveFpRWFZUOFlPVllQWkJSTUpEMHRja1hzM29KSmtWM25wSGNjeTFlcm9YU3hSVy1yemlsRWZOX09ROGlVLTM0a285TnRoSTJxTW5kOU1hanEwTXJB?oc=5,Nigeria’s inflation up 15.93% amid high food prices – NBS,Nigeria’s inflation up 15.93% amid high food prices – NBS - Premium Times Nigeria,"Mon, 15 Jun 2026 07:00:00 GMT",Premium Times Nigeria,www.premiumtimesng.com,2026-06-15 07:00:00+00:00,2026-08-23 16:01:11.633939+00:00,nigerias inflation up 1593 amid high food prices nbs,True,True,True,True
Nigeria food prices,https://news.google.com/rss/search?q=Nigeria%20food%20prices&hl=en-NG&gl=NG&ceid=NG%3Aen,https://news.google.com/rss/articles/CBMilwFBVV95cUxOeFFSMTAzYjdvWGZyeUtBZG8zdjBDVUwxRWFudUxXallSamVGZF9TSjhYMHVxbEZhVG9WNUlSTGxlOS1tTktBMUFpWjUxdEF4dzBoOEthVU40WlB2ZEdRSkhLZGg0MnY0X3RpR0JGeTl4eVZCdkVBaU1Pc2RPNm1ncnNTVXprbWJiSmdVX3ItUlhDLUticlhJ?oc=5,NBS: Nigeria Inflation Rises To 15.93% In May As Food Prices Edge Higher,NBS: Nigeria Inflation Rises To 15.93% In May As Food Prices Edge Higher - Arise News,"Mon, 15 Jun 2026 07:00:00 GMT",Arise News,www.arise.tv,2026-06-15 07:00:00+00:00,2026-08-23 16:01:11.633939+00:00,nbs nigeria inflation rises to 1593 in may as food prices edge higher,True,True,True,True
Nigeria food prices,https://news.google.com/rss/search?q=Nigeria%20food%20prices&hl=en-NG&gl=NG&ceid=NG%3Aen,https://news.google.com/rss/articles/CBMihAFBVV95cUxQTTdxcEtYSVJjWGduc3FMd2JUYUNYSU1CRVgwQ3k3YVdULTJ0dmZDYVZkbkNJb1diVlFIMkdDLTJEbUl1d2hNZ0kyVHByejdBN2JFTHo4MUtacldhSG96OUFqQlc3ZHZGRG9RaTdKNWpVMmN6VzNWVzJLZnRRSW1qOGtobWnSAYoBQVVfeXFMTTBZNmZjQ1pITURWNWNZVmZQZXBHTDk0T21aVlRQS2RNYm5qczBMNkZsU2UzdmM1cU55Q0xkNzdVOXJTZHVCV0Zrc2Q4Q1lPNWpIOHVMZUJGRTdZZXpzYm5yY20tdUhMbzFkZlRvd1R5NllqTjNyX2hPNlhEWl9YN3plVFI2N082R1Vn?oc=5,Nigeria’s inflation rises to 15.93% amid surge in food prices,Nigeria’s inflation rises to 15.93% amid surge in food prices - The Sun Nigeria,"Mon, 15 Jun 2026 07:00:00 GMT",The Sun Nigeria,thesun.ng,2026-06-15 07:00:00+00:00,2026-08-23 16:01:11.633939+00:00,nigerias inflation rises to 1593 amid surge in food prices,True,True,True,True
Nigeria food prices,https://news.google.com/rss/search?q=Nigeria%20food%20prices&hl=en-NG&gl=NG&ceid=NG%3Aen,https://news.google.com/rss/articles/CBMipwFBVV95cUxNYkJVVWVTWkt4U1lLMDVaTG9pamxWN3BTNkh6ZTY2WTFxOENXS1BsSk9WQjVFMk1rTnZkeW1TQ0lzakg1RXJSZ3JWSWVobmRHeko2SzZ0U29ua2haNzBxM3pza0xsWV81MjdSQk9VWVdaQVcxZmtGbnVQNDU2SGtBSGlaRVJmcm51M0piVnpsYkNJVVQ4SzZGRzRqeF8wTGFCWFdzcC1nUQ?oc=5,Nigeria inflation rises for third month in May as food prices accelerate,Nigeria inflation rises for third month in May as food prices accelerate - CNBC Africa,"Mon, 15 Jun 2026 07:00:00 GMT",CNBC Africa,www.cnbcafrica.com,2026-06-15 07:00:00+00:00,2026-08-23 16:01:11.633939+00:00,nigeria inflation rises for third month in may as food prices accelerate,True,True,True,True
Nigeria food inflation,https://news.google.com/rss/search?q=Nigeria%20food%20inflation&hl=en-NG&gl=NG&ceid=NG%3Aen,https://news.google.com/rss/articles/CBMipAFBVV95cUxNSVhxc0N3QS1fMHZDOTRkSk9rZnZrTjRtdXVYYnB1T3plMW05b210anpPMnJtLWFBY2U0X19sSV9EQlRDbHlRRW1EUW5zZlJ1ZVFhMlBObVlWMENLdC1QNXFZYW80TEhCMzdLb0RCZG84bklBaVhwS1NuRGdod2d5LUMwSnBFcjdRZ0lMTEhOek1xWXlnRGY3NmhOSFRWczQ3czZ5UQ?oc=5,"Nigeria’s Inflation climbs to 15.93% in May, food prices still bite","Nigeria’s Inflation climbs to 15.93% in May, food prices still bite - PM News Nigeria","Mon, 15 Jun 2026 07:00:00 GMT",PM News Nigeria,pmnewsnigeria.com,2026-06-15 07:00:00+00:00,2026-08-23 16:01:11.633939+00:00,nigerias inflation climbs to 1593 in may food prices still bite,True,True,True,True
Nigeria food inflation,https://news.google.com/rss/search?q=Nigeria%20food%20inflation&hl=en-NG&gl=NG&ceid=NG%3Aen,https://news.google.com/rss/articles/CBMif0FVX3lxTE5xcnlObjFidnZCbGFwekwtcEVvMXNieGpvZlFEMDd4TC1DTDVkT3FqZFJtbjBtRXVNdmw1SWFzYjJXV3FpQjFOSGdrQ3ZNZWo5aFB1VnBvcW9DNzFHY09oVmgwbW9OU0N4X0VNOURGeGtnT2xMZGNxSFp4emlCZWs?oc=5,Food inflation climbs to 16.96% in May,Food inflation climbs to 16.96% in May - Business News Nigeria,"Mon, 15 Jun 2026 07:00:00 GMT",Business News Nigeria,businessday.ng,2026-06-15 07:00:00+00:00,2026-08-23 16:01:11.633939+00:00,food inflation climbs to 1696 in may,True,True,True,True
Nigeria food prices,https://news.google.com/rss/search?q=Nigeria%20food%20prices&hl=en-NG&gl=NG&ceid=NG%3Aen,https://news.google.com/rss/articles/CBMiqAFBVV95cUxOeE1FWmdHSmFlSndsRkVqeUFVX1ZVRHltWThqRko2SjREMXBWSU5Ib0V5SVNUTVhqZzBFYko4U2N1VUJTdWNZN1RXM2puUWxIZTc0d2dRZGtrVldyUWdQY1FYU2VfVFdYU19hZVBiM2Z5RUtYRjlfWHRDbm5oMk9RdWZMQ0R0V0hDX3lXV0NxSkw2djBlY1owWXFrZWk3QnR0dU9pb1RleWU?oc=5,"Nigeria’s food inflation at 17% worrisome, weakening household purchasing power: CPPE","Nigeria’s food inflation at 17% worrisome, weakening household purchasing power: CPPE - Peoples Gazette Nigeria","Mon, 15 Jun 2026 07:00:00 GMT",Peoples Gazette Nigeria,gazettengr.com,2026-06-15 07:00:00+00:00,2026-08-23 16:01:11.633939+00:00,nigerias food inflation at 17 worrisome weakening household purchasing power cppe,True,True,True,True
Nigeria food prices,https://news.google.com/rss/search?q=Nigeria%20food%20prices&hl=en-NG&gl=NG&ceid=NG%3Aen,https://news.google.com/rss/articles/CBMiqAFBVV95cUxQdkdIenA1eWt4Y3hQalZGOTAtZUxVa09sVTNqaGkzamd6cWtBVkFEa1F0NkpRTklVMEpSUmFocTZNbnBVblVwUGkyXzc3MFdWRHJyclFkU0RScWR6bUQ0UXJNVzZYVDZOY1RqeDB5b29hR3pRd2t2Yko2cHNDNHFUVG9MbFREbDAzYUFLbUpfVVFIeWxaM1NBUkRKYnpWdTZscmxUUE54THM?oc=5,"Beyond Price Spikes, Experts Push Long-Term Reforms To Secure Nigeria’s Food Future","Beyond Price Spikes, Experts Push Long-Term Reforms To Secure Nigeria’s Food Future - Independent Newspaper Nigeria","Fri, 19 Jun 2026 07:00:00 GMT",Independent Newspaper Nigeria,independent.ng,2026-06-19 07:00:00+00:00,2026-08-23 16:01:11.633939+00:00,beyond price spikes experts push longterm reforms to secure nigerias food future,True,True,False,True
Nigeria cost of living,https://news.google.com/rss/search?q=Nigeria%20cost%20of%20living&hl=en-NG&gl=NG&ceid=NG%3Aen,https://news.google.com/rss/articles/CBMijwFBVV95cUxNN1RTNnpEV3VibGVUYWtjWm4wLUROd3hQdFpockh5REtFaWs1c0dNQkRKTGlSNG1rUjdldUJYdF90RWxaS1ZZZ1BRLTY4Yk9sdnFmSDBYUDRQZmNVN09VcVk5OFlBQk5GM3doS1lUcjh6cndrMHRRbEV4TzI0ekVacnVhaVhHWW1jcDlNNjFNTQ?oc=5,High cost of living & daily battle for survival in Nigeria,High cost of living & daily battle for survival in Nigeria - Realnews Magazine,"Mon, 22 Jun 2026 07:00:00 GMT",Realnews Magazine,realnewsmagazine.net,2026-06-22 07:00:00+00:00,2026-08-23 16:01:11.633939+00:00,high cost of living daily battle for survival in nigeria,False,True,True,True
Nigeria food prices,https://news.google.com/rss/search?q=Nigeria%20food%20prices&hl=en-NG&gl=NG&ceid=NG%3Aen,https://news.google.com/rss/articles/CBMiqAFBVV95cUxPVTBmRVNXVWxDRm9pTDN5TkZ1QzZwdnJ5Q3gtZnRERVM1Mnh1U0c5MzBhWWI0cmFUT0ZLZWJJVXZYbF9xc0gxWkZlNjVRbVR2WnQzVy1QWmFEX1dhS0hjTEVtMjJhd1VKRjhOM0M4M3hBU3ROdVBPaUNjY3ZUYk5UNlZTczZacVVhX01wLUtiSzNyQXRsUkdGQ1g0S2p0dDF1c3dZaGtaQlk?oc=5,"Nigeria’s fuel, fertilizer, and food prices feel the strain of the Iran conflict","Nigeria’s fuel, fertilizer, and food prices feel the strain of the Iran conflict - IFPRI","Mon, 22 Jun 2026 07:00:00 GMT",IFPRI,www.ifpri.org,2026-06-22 07:00:00+00:00,2026-08-23 16:01:11.633939+00:00,nigerias fuel fertilizer and food prices feel the strain of the iran conflict,True,True,True,True
Nigeria food prices,https://news.google.com/rss/search?q=Nigeria%20food%20prices&hl=en-NG&gl=NG&ceid=NG%3Aen,https://news.google.com/rss/articles/CBMinAFBVV95cUxOYlBSRGpLcHJENWNKWlFMUXdRUXQwc040by15ZWlJaE5hNno3Nm15RkpuR1JVTVhsQjVqcHRfUmlwbmZZbWF4MzRHTExHWGlFblBUQjR2am12dm9CNzBIVkZ1MGRKRXlKVElpb1FGNkN0Y1N3Qk1lRHJvekRORXJhWGxYQ1JPb3lseHMxM3ByMXZtU3VMY2V6eGdaSzI?oc=5,Food Prices Refuse To Ease As Inflation Pressures Persist Across Nigeria,Food Prices Refuse To Ease As Inflation Pressures Persist Across Nigeria - Independent Newspaper Nigeria,"Tue, 23 Jun 2026 07:00:00 GMT",Independent Newspaper Nigeria,independent.ng,2026-06-23 07:00:00+00:00,2026-08-23 16:01:11.633939+00:00,food prices refuse to ease as inflation pressures persist across nigeria,True,True,True,True
Nigeria rice prices,https://news.google.com/rss/search?q=Nigeria%20rice%20prices&hl=en-NG&gl=NG&ceid=NG%3Aen,https://news.google.com/rss/articles/CBMilAFBVV95cUxQUnZjRjNiNGJUZVlwTlRtTl9KcmlndXlWemYtZzZ6cm5vYW1oS0hlXzQ0RUVQR0wtSlRpM28zTHFJclg3QWs2VUN5ck4zMVFYSEYtV29oS3pQOWo1LVIxMVBBUTVUdUhIVW54ZlYtdEFZVzR6ODJJelZfbXZaZjZ1VmJ3cXdJVDc4OUg5T3JCSWdoTEJp?oc=5,Beyond the Price of Rice: Why Nigeria Must Stay the Course in 2027,Beyond the Price of Rice: Why Nigeria Must Stay the Course in 2027 - Kogi Reports,"Thu, 25 Jun 2026 07:00:00 GMT",Kogi Reports,kogireports.com,2026-06-25 07:00:00+00:00,2026-08-23 16:01:11.633939+00:00,beyond the price of rice why nigeria must stay the course in 2027,True,True,False,True
Nigeria food prices,https://news.google.com/rss/search?q=Nigeria%20food%20prices&hl=en-NG&gl=NG&ceid=NG%3Aen,https://news.google.com/rss/articles/CBMibkFVX3lxTE9HYjZVWmMzZEp0dndQY2JVOUNGREJVYWxTVmlpQ3RtTnpIWXRmTy1TSVE4VTgtU08xRGNwRE95cl9vdVp4NGw0YzB3QlZWRlFzbEFNcTFqNk9aR0NNSG9UZmFTVUhrSTRlMldaZkdR?oc=5,Bango tells you market food prices before you get there,Bango tells you market food prices before you get there - TechCabal,"Sat, 27 Jun 2026 07:00:00 GMT",TechCabal,techcabal.com,2026-06-27 07:00:00+00:00,2026-08-23 16:01:11.633939+00:00,bango tells you market food prices before you get there,True,True,True,True
Nigeria cost of living,https://news.google.com/rss/search?q=Nigeria%20cost%20of%20living&hl=en-NG&gl=NG&ceid=NG%3Aen,https://news.google.com/rss/articles/CBMiigFBVV95cUxPS1RvRGdETVUtYTE3RERNTFlMZ2dpWDZPTkE3am5ZRDItcUhvX3lpcUotaU1laU5wQ1Q2d28xcThzSFJvWDczQUEyTERFZzg1WUd4LW9NZlpCcnczTjV2WERHTk4wTTA0SjZ1WW1BQ0JOMjdiTlhUWGFLVWN4ZTF5S3J2eC16RVFSV3fSAY8BQVVfeXFMUGtyUUxENkl0cFhxNjdhQnJGSGtrNFBmcGoyb3dtSkVwUlRCQkp5MjFEdmRic29kY1dwYjE5RnZTVE52QW5GR0lXZXpCRVhWeWkzeEJQbjNRYTIzdzB5Y2JpQ0t6cDVyZzNqZ0JBZWlaOTRkNkFhTU9ya3o5SkhIMWNJZjVrN1kzRjRrYjBKdXc?oc=5,"Petrol prices defy crude oil slump, deepen cost-of-living crisis","Petrol prices defy crude oil slump, deepen cost-of-living crisis - The Sun Nigeria","Mon, 29 Jun 2026 07:00:00 GMT",The Sun Nigeria,thesun.ng,2026-06-29 07:00:00+00:00,2026-08-23 16:01:11.633939+00:00,petrol prices defy crude oil slump deepen costofliving crisis,True,True,False,True
Nigeria cost of living,https://news.google.com/rss/search?q=Nigeria%20cost%20of%20living&hl=en-NG&gl=NG&ceid=NG%3Aen,https://news.google.com/rss/articles/CBMikgFBVV95cUxPWVB2bXd5Q05qT2lVTUVLNU1tbHdXSzZnZWVzdGtlYXpsZVo0dWtwTExxa2xiV1BTV1ppdkpOelJvbjJXeFFtczBqV0VUWDhYdkl0QjRncldJU0NITEo5UndtOTNhdDN5MEZGX1VadXc4N2pvS24zb3RvVkJUeUtvUGlwTWNPODRMdmhMWHVDZEVmQdIBlwFBVV95cUxOUGJfWFVreldrSU1kcEt3Um5EaEZZcXlBd1BmdFlXZmhFR0c3dUVqcXJqd0I0Rm5YbEhCWDc0Z0I4UXMzcG8zTDljVDhBallrZ3luNWk5RG5iTnBzRlBKVDRNemxpb3hPbngtS1NSSHp5dDFIU3FtRDR1aEZGZFRFWkxPcWFib1ZuXzVTVUVxajBuOVhodzJj?oc=5,"Use rising foreign reserves to check cost of living, Nigerians urge FG","Use rising foreign reserves to check cost of living, Nigerians urge FG - The Sun Nigeria","Mon, 29 Jun 2026 07:00:00 GMT",The Sun Nigeria,thesun.ng,2026-06-29 07:00:00+00:00,2026-08-23 16:01:11.633939+00:00,use rising foreign reserves to check cost of living nigerians urge fg,False,True,True,True
Nigeria food inflation,https://news.google.com/rss/search?q=Nigeria%20food%20inflation&hl=en-NG&gl=NG&ceid=NG%3Aen,https://news.google.com/rss/articles/CBMizgFBVV95cUxNYzdsaGhRUDMxcmlqM3hiQ1pHcWJqNHdvbER1Y2FHWlZUTnNSOHBqRElPLUZqSHRzSElSWUR5eWsta1FiaTZ6eXluamhYZThtaXFVX0FPUDJ2N0Q2X0E5M2J5V3k1YlFQZDd5eURSekplTGhic1NwdGl5T0pYd0liSnBXaElQdE9YczNRT25hWlVnWk8yNmdHVWRITUMzcnVic0RpQm5SQmFGR2lrdHUyX2FmUVdfMlBOajhmX3lFR2RWbFJoQ3paMTk5N1Jjdw?oc=5,"Luya: Food inflation, input costs remain key challenges for Nigeria's agricultural sector","Luya: Food inflation, input costs remain key challenges for Nigeria's agricultural sector - CNBC Africa","Mon, 29 Jun 2026 07:00:00 GMT",CNBC Africa,www.cnbcafrica.com,2026-06-29 07:00:00+00:00,2026-08-23 16:01:11.633939+00:00,luya food inflation input costs remain key challenges for nigerias agricultural sector,True,True,True,True
Nigeria food affordability,https://news.google.com/rss/search?q=Nigeria%20food%20affordability&hl=en-NG&gl=NG&ceid=NG%3Aen,https://news.google.com/rss/articles/CBMingFBVV95cUxNeFJaYV9wdUFEZEdYemFRTFRmUmFsODBBNjFCT2g2THlGOWNydHIwQkc5bmV6cDhTOHpfRzY5V3JiREt4b3FZdXBoNVU4NW9hdEtjSVduZklHYTJSeHl5MjVuTEZOYk1VcW1zVm1paDFycHFCbmRTYk9PVVliZkFVTXpBd2h0eUIwZk5OQTducVFpd2lwekZDU1p6MUZoZw?oc=5,"Healthy diet costs surge to N1,589 amid rising food inflation","Healthy diet costs surge to N1,589 amid rising food inflation - Business News Nigeria","Tue, 30 Jun 2026 07:00:00 GMT",Business News Nigeria,businessday.ng,2026-06-30 07:00:00+00:00,2026-08-23 16:01:11.633939+00:00,healthy diet costs surge to n1589 amid rising food inflation,True,True,True,True
Nigeria food affordability,https://news.google.com/rss/search?q=Nigeria%20food%20affordability&hl=en-NG&gl=NG&ceid=NG%3Aen,https://news.google.com/rss/articles/CBMikwFBVV95cUxNZVZMM3V0MTlXaTVqM05XUDFEQmE3dHM2Y3hDTlJfNlNFSmpiVGRNMmludk5ieGNCTG5nUnVsM2piVGRha216VlRNZUF2Und1YUlRNGkyRUpXNlNLRk8zOVhFdmdIN0FsWDB4cUx6WDI3TU9kLUpUczRtUWJQZVRKZzRKRkVGdXUxZExCQmZJVVVZWlk?oc=5,"NBS: Cost Of Healthy Diet In Nigeria Rises To N1,589 Per Day In April","NBS: Cost Of Healthy Diet In Nigeria Rises To N1,589 Per Day In April - Arise News","Tue, 30 Jun 2026 07:00:00 GMT",Arise News,www.arise.tv,2026-06-30 07:00:00+00:00,2026-08-23 16:01:11.633939+00:00,nbs cost of healthy diet in nigeria rises to n1589 per day in april,True,True,False,True
Nigeria staple food prices,https://news.google.com/rss/search?q=Nigeria%20staple%20food%20prices&hl=en-NG&gl=NG&ceid=NG%3Aen,https://news.google.com/rss/articles/CBMiigFBVV95cUxPaXNQYnVFSmZKcmJ6MzZtOVVobTVMNUI1SDI0Z2ZUZDIyVWJSdjRneWhSWVhaWE9hYVdGZUhVQXYyaWpSYXhaVnRvd0ZVSzhTYnQzNk5vdHFuckg4M2E3aHEyemZNZGZWdnNFWDNTX3ViMnhaY0RPRmFuUm9xTTY0aGVJOVAweVZFVVE?oc=5,"Global Price Watch May 2026 Prices (June 30, 2026)","Global Price Watch May 2026 Prices (June 30, 2026) - ReliefWeb","Tue, 30 Jun 2026 07:00:00 GMT",ReliefWeb,reliefweb.int,2026-06-30 07:00:00+00:00,2026-08-23 16:01:11.633939+00:00,global price watch may 2026 prices june 30 2026,True,True,False,True
Nigeria cost of living,https://news.google.com/rss/search?q=Nigeria%20cost%20of%20living&hl=en-NG&gl=NG&ceid=NG%3Aen,https://news.google.com/rss/articles/CBMiiAFBVV95cUxQbERwZ2tvemdfTzZ1SUxuNGFxbG1peXBRa3NZQVRVRy0tSGc1LWRzQzlWVUY3S2ZXS01TSS1xN2VlbDdISnhrVDZZdE1rSFdkb2h4UEZyMnFsRWlNQm1FY0ZfYjJPdHo1S09HRVlwV1FEcW1DQ2lEeUZtaE81V0MwcVVFUkZnd1JC?oc=5,High cost of living pushes Abuja civil servants into debt,High cost of living pushes Abuja civil servants into debt - Daily Trust,"Wed, 01 Jul 2026 07:00:00 GMT",Daily Trust,dailytrust.com,2026-07-01 07:00:00+00:00,2026-08-23 16:01:11.633939+00:00,high cost of living pushes abuja civil servants into debt,False,True,True,True
Nigeria cost of living,https://news.google.com/rss/search?q=Nigeria%20cost%20of%20living&hl=en-NG&gl=NG&ceid=NG%3Aen,https://news.google.com/rss/articles/CBMilwFBVV95cUxPSjdXZTBFU2dTQ0ZvS21Bb2JweGxRZ1lacHkwa3ZwamF2c3RORW1yNTRfeU5SQ2ZtRlozOWM5Q2dqX2NnRUxyYVNfalZTXy1tY19BWldDWENfXzZBUUhnTVpYbVNNeFdWU3FCQWRnVUFra1BQNThXdjd1SVduZFFJVmwwTXMweUEyNFQwTjlkeTFzbGdlNHBv?oc=5,"Nigerians hopeful of lower prices, relief as FG slashes tariffs","Nigerians hopeful of lower prices, relief as FG slashes tariffs - The Guardian Nigeria News","Thu, 02 Jul 2026 07:00:00 GMT",The Guardian Nigeria News,guardian.ng,2026-07-02 07:00:00+00:00,2026-08-23 16:01:11.633939+00:00,nigerians hopeful of lower prices relief as fg slashes tariffs,True,True,False,True
Nigeria food inflation,https://news.google.com/rss/search?q=Nigeria%20food%20inflation&hl=en-NG&gl=NG&ceid=NG%3Aen,https://news.google.com/rss/articles/CBMi9gFBVV95cUxNR2pEUF8zaTBvY04xVmJ6U1hJNUtDSkwycXNHNkIwSFk0amdBRUliWVNraGg3RFQydFk4X2hIS01QajZCTmpQODVSY3dRX0tMN1A0dEViZkRBY0hsWVJCWnNKcjh5UWYtcXpPSkFOQTRuOHIwNVhJb1V2bHgzc1FVVVREdllSYlJ5M1FvUTBHS0xLT1pTOFVnczQtVDlnUTNLbGpUSXF0NHo1QldUSUtCWG9aWmpBVFJHakxvMkFvQUVfME5QMVVIVUZaTzBEelRVOFI2bWFQZUthaGVCZ2xvMFJOODFoQUlPeVQ2aXZqRkNPVmZLd3c?oc=5,World Bank Warns Supply Chain Disruptions Continue to Drive Food Inflation,World Bank Warns Supply Chain Disruptions Continue to Drive Food Inflation - Proshare,"Thu, 02 Jul 2026 10:24:55 GMT",Proshare,proshare.co,2026-07-02 10:24:55+00:00,2026-08-23 16:01:11.633939+00:00,world bank warns supply chain disruptions continue to drive food inflation,True,True,True,True
Nigeria cost of living,https://news.google.com/rss/search?q=Nigeria%20cost%20of%20living&hl=en-NG&gl=NG&ceid=NG%3Aen,https://news.google.com/rss/articles/CBMioAFBVV95cUxOTWNBZHV3SXd5VzNBdl9wZm5XaVgwcF9UY0RlLWNPaktUQzhTaHVCaW9YaEVPN284emhVVG1LaElqODFLY0VkTUdtZmVMYUt3UVdIaGFNaFlQNXR4RHJkQ0t5X1B6OWxidkJIM0haeXF0SVJSelBGVGhhUVdYYk00YUxNSlE4ZnE2eXBWRWhsVm5pS2ozanB3d2dLS1BnRUJF0gGmAUFVX3lxTE5PNUFydVMya3BRQmpfMndudXlzWFl6T2JlNE01YTFSODRleGw4eFhLWXN2MzlIVThBXzhJN3dENEQ0eG1ralN3QzJVV0Frc0VPQnZFaUtienVLMzZjQmNXRURCb3V4by1nWXdHWTRMNTl6d1dSSm93d3NYQWY3cTZwOXZNeUUtTTNaTnd6cWpIWHhuRGhlcktkcVdzLVdydlZuYWtObEE?oc=5,FULL LIST: Seven African countries with lowest cost of living in 2026,FULL LIST: Seven African countries with lowest cost of living in 2026 - The Nation Newspaper,"Sat, 04 Jul 2026 07:00:00 GMT",The Nation Newspaper,thenationonlineng.net,2026-07-04 07:00:00+00:00,2026-08-23 16:01:11.633939+00:00,full list seven african countries with lowest cost of living in 2026,False,True,True,True
Nigeria food inflation,https://news.google.com/rss/search?q=Nigeria%20food%20inflation&hl=en-NG&gl=NG&ceid=NG%3Aen,https://news.google.com/rss/articles/CBMilgFBVV95cUxPb1Z4OXZsQkZlTXB2MUhoRkFpUDNOQkhwZl9pYkNlQXIyOWNsR1RoV2Yzb2tOME9JbGV3VTBzOXpRZnhhWHZ5OEZnSkpnTWpTamhDMTNJVHItRnY1S1RVOWVhZE4zT2pBTWxmNEtBVEwya2dlTnNjemxzVlhGQmNKam5tZjVsbl9SQ3JRTDRnRFhJWWp3N1E?oc=5,W/Bank Alert Sparks New Worries Over Nigeria’s Sticky Food Inflation,W/Bank Alert Sparks New Worries Over Nigeria’s Sticky Food Inflation - Independent Newspaper Nigeria,"Mon, 06 Jul 2026 07:00:00 GMT",Independent Newspaper Nigeria,independent.ng,2026-07-06 07:00:00+00:00,2026-08-23 16:01:11.633939+00:00,wbank alert sparks new worries over nigerias sticky food inflation,True,True,True,True
Nigeria food prices,https://news.google.com/rss/search?q=Nigeria%20food%20prices&hl=en-NG&gl=NG&ceid=NG%3Aen,https://news.google.com/rss/articles/CBMipwFBVV95cUxOell1Ti1tWjV0ajJZQUljYXNMM1gzazRycUVjUTNmS0xxdnlPbmlSZnZUdFNSODNpU0NpNEdrVjBpNGludGxBREt4VGNJTFJXemVxYkxKZUhGWVI0TFRLb1NubWtuYXY5QktNR2FXNm9jbWxEbHZXelk5MXpmV3lvM1pNVi1lY0VRSTBsVU4yZW90YlN3ay1nUlg4LW1nOXkzOFR4U0l6Yw?oc=5,"IMF sees Nigeria’s economy grow by 4.1%, worries about rising food prices, poverty","IMF sees Nigeria’s economy grow by 4.1%, worries about rising food prices, poverty - The Guardian Nigeria News","Wed, 08 Jul 2026 07:00:00 GMT",The Guardian Nigeria News,guardian.ng,2026-07-08 07:00:00+00:00,2026-08-23 16:01:11.633939+00:00,imf sees nigerias economy grow by 41 worries about rising food prices poverty,True,True,True,True
Nigeria food prices,https://news.google.com/rss/search?q=Nigeria%20food%20prices&hl=en-NG&gl=NG&ceid=NG%3Aen,https://news.google.com/rss/articles/CBMiuAFBVV95cUxOWmd0REtJOGFBZ0FPWEdBbnlZTEJ1dGdlOERJRFVtTDVSaTcyNm5mTVd4am5JeXJ2MlRhRWF5aUc4RmZiMmw5R2d4MDBYUmI3N1MtaFFJWEJZRm9sdGp2N1p3dW8zY0g1amF1LTh0dTR5QjNZUTFzc01keTFYVUVQVTF4bDlnNjVCUEhMRnBKbktxanF4OWJDdXlnZW1DSHgwVzJFWHY3eTZlMTBwM0l4a0E2UnlSUUM5?oc=5,"IMF says higher essential commodities prices could worsen poverty, food insecurity in Nigeria","IMF says higher essential commodities prices could worsen poverty, food insecurity in Nigeria - TheCable","Wed, 08 Jul 2026 07:00:00 GMT",TheCable,www.thecable.ng,2026-07-08 07:00:00+00:00,2026-08-23 16:01:11.633939+00:00,imf says higher essential commodities prices could worsen poverty food insecurity in nigeria,True,True,False,True
Nigeria rice prices,https://news.google.com/rss/search?q=Nigeria%20rice%20prices&hl=en-NG&gl=NG&ceid=NG%3Aen,https://news.google.com/rss/articles/CBMiiwFBVV95cUxQMkVHeWF6ZmdqczZCaDZ3RUM3cnBqVVdVczBfMmRTdmFJSzNHTVZUNGpVek03X0diUEk1NFA1OEgyY0ZJZk02VlpGOEJOaXBvNElWck1QTFFhQlZzVFFtMks4a0R4QnNGRGZtOFVtLUJWTzVRWkpjeDdJaTAySk5nMFlua2phYm9PeUs0?oc=5,Rice traders attribute stable prices to import waiver,Rice traders attribute stable prices to import waiver - Realnews Magazine,"Thu, 09 Jul 2026 07:00:00 GMT",Realnews Magazine,realnewsmagazine.net,2026-07-09 07:00:00+00:00,2026-08-23 16:01:11.633939+00:00,rice traders attribute stable prices to import waiver,True,True,False,True
Nigeria food inflation,https://news.google.com/rss/search?q=Nigeria%20food%20inflation&hl=en-NG&gl=NG&ceid=NG%3Aen,https://news.google.com/rss/articles/CBMixAFBVV95cUxONVB2eW9iR2dFU29PMXYzV1FINVNVLUhia01EaXhtdm03WkpRbm93S1BSbVZEenR1dERwZzcyM2FucTZaQmR4b0doaTkzdHExNVJzbVVFUjBSanhpYWlpaVNJM3BoQzJ2RDN2cVQzV3JJV09sRlMxdXd3d0s0eURvSVFEcnp0a0x4TE9kRm5GMjgyNFA2MkpGb0tLSjZUTmZwM2NoRENRRUdiTEtNU00xbUZSRC1CWkl1VVI3YTExaTNxLTZN?oc=5,"IMF Keeps Nigeria's Growth Forecast at 4.1%, Raises Alarm Over Food Inflation","IMF Keeps Nigeria's Growth Forecast at 4.1%, Raises Alarm Over Food Inflation - Nigeria Communications Week","Thu, 09 Jul 2026 07:00:00 GMT",Nigeria Communications Week,nigeriacommunicationsweek.com.ng,2026-07-09 07:00:00+00:00,2026-08-23 16:01:11.633939+00:00,imf keeps nigerias growth forecast at 41 raises alarm over food inflation,True,True,True,True
Nigeria food prices,https://news.google.com/rss/search?q=Nigeria%20food%20prices&hl=en-NG&gl=NG&ceid=NG%3Aen,https://news.google.com/rss/articles/CBMipwFBVV95cUxNQ3o0dlRsYkQ1Z0tuTUdON1FKY1FuQ3c0WG9LMEs0NUhZNGp3WWtMa1RzbTl0elR3TWFOMTVQQUpTcDZwNjkzZDRqSVE5dlVMWTJrTUJHZ2QwQ0NIWDhfMnl2TWc0dWEzXzhjdzJ6Ym5BS0N0cVJpRWZGalNKMU5RS3RtTnQ1VDQ4UE03UnI1Z2x3QTFFLWt0eXlDSlZzYkUtT0djbDBfTQ?oc=5,"Effects of the Iran Conflict on Fuel, Fertilizer, and Food Prices in Nigeria","Effects of the Iran Conflict on Fuel, Fertilizer, and Food Prices in Nigeria - American Enterprise Institute - AEI","Fri, 10 Jul 2026 18:39:26 GMT",American Enterprise Institute - AEI,www.aei.org,2026-07-10 18:39:26+00:00,2026-08-23 16:01:11.633939+00:00,effects of the iran conflict on fuel fertilizer and food prices in nigeria,True,True,True,True
Nigeria food prices,https://news.google.com/rss/search?q=Nigeria%20food%20prices&hl=en-NG&gl=NG&ceid=NG%3Aen,https://news.google.com/rss/articles/CBMihgFBVV95cUxNNFRWTV9GWUstSGJNOXRBZVNxeGt1b2FVaWhoY2VWRU10QmV3MzBYa05sd2pFVG5lSlpnWlFqUHBOQ0w4em14NGJsOFdnOTdUSWZiYTg1MHY2VndEdVhLM0lnNjh2VGdoZk5mMTNJRDhvWFhOSzAwV3RwYWNPazVTZFh4T21YUQ?oc=5,Market survey reveals fall in food prices,Market survey reveals fall in food prices - PM News Nigeria,"Sun, 12 Jul 2026 07:00:00 GMT",PM News Nigeria,pmnewsnigeria.com,2026-07-12 07:00:00+00:00,2026-08-23 16:01:11.633939+00:00,market survey reveals fall in food prices,True,True,True,True
Nigeria purchasing power food,https://news.google.com/rss/search?q=Nigeria%20purchasing%20power%20food&hl=en-NG&gl=NG&ceid=NG%3Aen,https://news.google.com/rss/articles/CBMiqwFBVV95cUxNcC1wTjdYQlJWMkcxMU1UZEdhS2tGcXNQaWZONk9CV05GZEZoZTlKMXVWeUpLRk5lWHVyeGxPV2UyTU5XTEhmaUoxYzhOSGNKbEliQWVUb2xTdFJCWm93SkZ1YlA3ZjJaMHJjd280NFNDMXdYbVpESzJJY1pqYVEwc2VlQ2t0UnYySjEtbmtPV1ZQYTBKdlUzcWE3OVd5LVRRb1FTcjNzaGZqZ2s?oc=5,"‘Inflation worry, weak purchasing power undermining 4.1% growth outlook’","‘Inflation worry, weak purchasing power undermining 4.1% growth outlook’ - The Guardian Nigeria News","Mon, 13 Jul 2026 07:00:00 GMT",The Guardian Nigeria News,guardian.ng,2026-07-13 07:00:00+00:00,2026-08-23 16:01:11.633939+00:00,inflation worry weak purchasing power undermining 41 growth outlook,False,True,True,True
Nigeria cost of living,https://news.google.com/rss/search?q=Nigeria%20cost%20of%20living&hl=en-NG&gl=NG&ceid=NG%3Aen,https://news.google.com/rss/articles/CBMiY0FVX3lxTE82TVFWb2xXLVlwOTQ1R1RTQlUwNnpQZXF0VHR2NF9qZ1J1ZWVlZXFHRWliaXdmVzhmRFdSNGlleHlDRzZnY1FFdzF2QjFyLUh4Q2JqRjVMVHJURUpNaHR3RmxmRQ?oc=5,SPECIAL REPORT: Why Falling Petrol Prices Are Yet to Ease Nigerians’ Cost of Living,SPECIAL REPORT: Why Falling Petrol Prices Are Yet to Ease Nigerians’ Cost of Living - Politics Digest,"Mon, 13 Jul 2026 07:00:00 GMT",Politics Digest,politicsdigest.ng,2026-07-13 07:00:00+00:00,2026-08-23 16:01:11.633939+00:00,special report why falling petrol prices are yet to ease nigerians cost of living,True,True,True,True
Nigeria food inflation,https://news.google.com/rss/search?q=Nigeria%20food%20inflation&hl=en-NG&gl=NG&ceid=NG%3Aen,https://news.google.com/rss/articles/CBMimwFBVV95cUxPQVJQMXRFeEkxV1NCOEpqRU9MbkEwNFFSRXRSR2M0Rlpzd2NWbEJFZHNUT3hGeWNOWl95RmozSnFpYTFYdkhWZGpJNmJYdUU4ODM2TXRCM3NNYUZFckhYU1JZNlBmaDYxcE1kS3ByMzBxTThKaXVjQldERVVhTzVFQkNhMXNqa3pDRThGNHgwYV9lQ3FJYjg0TURvTQ?oc=5,Nigeria’s inflation rate drops slightly to 15.91% amid steep food prices,Nigeria’s inflation rate drops slightly to 15.91% amid steep food prices - TheCable,"Wed, 15 Jul 2026 07:00:00 GMT",TheCable,www.thecable.ng,2026-07-15 07:00:00+00:00,2026-08-23 16:01:11.633939+00:00,nigerias inflation rate drops slightly to 1591 amid steep food prices,True,True,True,True
Nigeria food prices,https://news.google.com/rss/search?q=Nigeria%20food%20prices&hl=en-NG&gl=NG&ceid=NG%3Aen,https://news.google.com/rss/articles/CBMi0AFBVV95cUxOTVI4eVBvMzR3ZlZoY0h0Nkg2TklqVFFEQ0J3Mm5tZ2dUN2VsRVpxcVhMV0tjeHFfTU1jTzFRb25HR0k4bGRIb2szTlV4R29acWw4YVpraVAxOWhVcml3M0hhTHc1TkxQeURNbVBwa1dKMUlEcWNFLVd1OTJYNHBxVVBXVm10Z2dJM2syUWE3VUtHamNpczM1Qm9GVVVMLVQ1VjJVaG95bEZJbjR6WGFxRmVMOTVHTS1KODJzZGYtWER6WmFwNEFuVjNXYmVoNEtR?oc=5,Nigeria’s inflation eases to 15.91% in June amid rising food prices — NBS,Nigeria’s inflation eases to 15.91% in June amid rising food prices — NBS - Premium Times Nigeria,"Wed, 15 Jul 2026 07:00:00 GMT",Premium Times Nigeria,www.premiumtimesng.com,2026-07-15 07:00:00+00:00,2026-08-23 16:01:11.633939+00:00,nigerias inflation eases to 1591 in june amid rising food prices nbs,True,True,True,True
Nigeria food prices,https://news.google.com/rss/search?q=Nigeria%20food%20prices&hl=en-NG&gl=NG&ceid=NG%3Aen,https://news.google.com/rss/articles/CBMijgFBVV95cUxOS2Y0SGp6c0pTWGR2Q0o2c19BVDY4V3BPSEJ4MVhacnJyNDIzaC1ZLXlCQzlqRzRRRVU1SGNJLXNkeFNJdXEzUDU5ckNoRklvajNIbXlKeFFHY1I2MnpkdWttSjE0bEZvb3IzUVNPbGhPV3ZMU1Fkc2R4TmhLMEJ4MHN4ZWxTdzFVcGVlaWxB?oc=5,Inflation eases to 15.91% despite rising food prices — NBS,Inflation eases to 15.91% despite rising food prices — NBS - Punch Newspapers,"Wed, 15 Jul 2026 07:00:00 GMT",Punch Newspapers,punchng.com,2026-07-15 07:00:00+00:00,2026-08-23 16:01:11.633939+00:00,inflation eases to 1591 despite rising food prices nbs,True,True,True,True
Nigeria food inflation,https://news.google.com/rss/search?q=Nigeria%20food%20inflation&hl=en-NG&gl=NG&ceid=NG%3Aen,https://news.google.com/rss/articles/CBMilAFBVV95cUxOeUJUbTZ4S1EzMVoyLUI3RmEtRVlMMFliWmxoZV9FTVhlY1pFX2ttZjNndU9oVU9NNVBGcThmS3c2SUpkSFZLY3VBUHpSanRuODM0YnJHYkJDbE1MRjBLRF93Y21wdnB0TVNyRzZuMGMybVJydW5ydFJJVWpnb3BrS1ZxQS11UzUwVGRpaDk2NVA0TWVL?oc=5,Food inflation hits 17.52% but headline inflation eases,Food inflation hits 17.52% but headline inflation eases - Business News Nigeria,"Wed, 15 Jul 2026 07:00:00 GMT",Business News Nigeria,businessday.ng,2026-07-15 07:00:00+00:00,2026-08-23 16:01:11.633939+00:00,food inflation hits 1752 but headline inflation eases,True,True,True,True
Nigeria food affordability,https://news.google.com/rss/search?q=Nigeria%20food%20affordability&hl=en-NG&gl=NG&ceid=NG%3Aen,https://news.google.com/rss/articles/CBMisAFBVV95cUxQVFhYVy1USTNDdTRCSFY2XzZfLTJKS0Z6VU1DWTY5eGVIUDdpM2tMdDdILU9xV0VVRmpRZVEtNXh5NzdzVEE3NkRyX3g4WkhwaktUTmp2bzhFOG54TUtsNWZPVTE0RGFMeU40NkdvQ0xDa19JZ2d3QVRrN0NTajNhS2N1c184UTR2VFNyNnhhUlNFRFlVQTkxY1o1YmE5MFlNZlNkZUNDOUhUWWx4Z1AxVg?oc=5,"BUA Foods ramps up investment, pledges stable food prices despite inflation","BUA Foods ramps up investment, pledges stable food prices despite inflation - Business News Nigeria","Wed, 15 Jul 2026 07:00:00 GMT",Business News Nigeria,businessday.ng,2026-07-15 07:00:00+00:00,2026-08-23 16:01:11.633939+00:00,bua foods ramps up investment pledges stable food prices despite inflation,True,True,True,True
Nigeria food inflation,https://news.google.com/rss/search?q=Nigeria%20food%20inflation&hl=en-NG&gl=NG&ceid=NG%3Aen,https://news.google.com/rss/articles/CBMiqgFBVV95cUxPU0k2ZUZnV1RTazcyNkhsRE5oWDJfWFZfaEkwcVllOG9HRmNfenNybjFjTEdhSzE0NTRNMFVXZUh0d0NNOWxqOUVIZ2QyalBOQzJIOVliY2k2eGNFcWFaY3BWV2cxazhIMkdzZzBXcWU5bVc1bXp6ZERtS3hYbWgtSWpVeFI4dGlvWkNYSHh5YnZyNXNUODNrckd1QllfUGJTVjcyYVRUcnc0Zw?oc=5,Kogi tops states with food inflation above 50% as household costs bite,Kogi tops states with food inflation above 50% as household costs bite - Business News Nigeria,"Wed, 15 Jul 2026 07:00:00 GMT",Business News Nigeria,businessday.ng,2026-07-15 07:00:00+00:00,2026-08-23 16:01:11.633939+00:00,kogi tops states with food inflation above 50 as household costs bite,True,True,True,True
Nigeria food prices,https://news.google.com/rss/search?q=Nigeria%20food%20prices&hl=en-NG&gl=NG&ceid=NG%3Aen,https://news.google.com/rss/articles/CBMif0FVX3lxTE1tYWY3bXkyS3Jqck4za0JmcEk1WDZkUnBsc0lmcGt3Y0RlYjM2SHVVTWtFQXdDdlU0dE1jc2RoWlFlV09TM09pWm1aRHZjeW9UVTlKdHdxdGx4UHFIMENDR1pjTHVuQUF2alhneXlGZWNvWE5uWFdDc3JsazlQQzg?oc=5,Headline inflation drops amid rising food prices,Headline inflation drops amid rising food prices - The Guardian Nigeria News,"Wed, 15 Jul 2026 07:00:00 GMT",The Guardian Nigeria News,guardian.ng,2026-07-15 07:00:00+00:00,2026-08-23 16:01:11.633939+00:00,headline inflation drops amid rising food prices,True,True,True,True
Nigeria food inflation,https://news.google.com/rss/search?q=Nigeria%20food%20inflation&hl=en-NG&gl=NG&ceid=NG%3Aen,https://news.google.com/rss/articles/CBMilgJBVV95cUxNM012T0YzSkllZDRJcHRkeGQ1NVphUEg4SWxhSkZmMmlCRU8xUmp5YlRXSXdVT0g4OFpCQWY0S0kwZnczOUtKa0xBQ0gwMl9ZMWlqQ3BWRE16a3V1S2pfOWR3NkExalNaWl91SEFlVHFuVG9qanRFclNKd0hyd1VDNlRNSHMyS21ZNWV2SWF3UnRaTTVZX2RRajhiTEV4XzhoMk9xYnE5VUhNaGxmbVJxYUlGWjVXTmJqckhwQlhQN1VLZ1lQR2NRRjMyUHQ2VkF6eHF2enpYb09PSS13LW9abmNBTUlzQ0ZPdUZCNzd0dnJaV2hfeEQ0LUxOczdaRmttUVlFSUFCN2RWQ2Q4M2hWZEoycDRkZw?oc=5,Nigeria's Headline Inflation Rate Eases Marginally to 15.91% in June as Food Price Pressures Persist,Nigeria's Headline Inflation Rate Eases Marginally to 15.91% in June as Food Price Pressures Persist - Proshare,"Wed, 15 Jul 2026 16:53:39 GMT",Proshare,proshare.co,2026-07-15 16:53:39+00:00,2026-08-23 16:01:11.633939+00:00,nigerias headline inflation rate eases marginally to 1591 in june as food price pressures persist,True,True,False,True
Nigeria purchasing power food,https://news.google.com/rss/search?q=Nigeria%20purchasing%20power%20food&hl=en-NG&gl=NG&ceid=NG%3Aen,https://news.google.com/rss/articles/CBMiqgFBVV95cUxORC1ZcUJrSE9KdTczU015cU92UkJ4Z01zN1U1THpVNG9GUlpwa0Zid01SaWJBMmlCVkRKbW9PcFlDX0VlbDJfUTM4VEVQTmh0RTRpVGNmUDAtMzY5dmt1RXZ2R3ZDWEM3WUQzQm5wZE5yZkdweENOYVFIWVVVOFBWaE55b2hZR0tHbUVFZlVlZ0NtV3NsN3gwT2cydWtXbHV4aXhxVEFPOG5tZw?oc=5,Persistent Food Inflation Continues to Squeeze Household Budgets,Persistent Food Inflation Continues to Squeeze Household Budgets - nigeriahousingmarket.com,"Thu, 16 Jul 2026 07:00:00 GMT",nigeriahousingmarket.com,www.nigeriahousingmarket.com,2026-07-16 07:00:00+00:00,2026-08-23 16:01:11.633939+00:00,persistent food inflation continues to squeeze household budgets,True,True,True,True
Nigeria food prices,https://news.google.com/rss/search?q=Nigeria%20food%20prices&hl=en-NG&gl=NG&ceid=NG%3Aen,https://news.google.com/rss/articles/CBMiiwFBVV95cUxPU1pLeEg3NE5wMXhBRXRrVmFCb1hIVmF3M1pOeTRUR1ZMTDhuQXdGTEE1Tl9BWGV1QXZuMU03bm95bzJBZ0ppX19HTHpCN2dHblJfVFAxYkpHVE8xdDVhRzViUnRBMlJDazg5clZCUVpMNGh1SlkxX0pnUmxYWVpFMDRfTTNBWERQNzdF?oc=5,Nigeria’s Inflation Slips To 15.91% As Food Prices Tighten Grip,Nigeria’s Inflation Slips To 15.91% As Food Prices Tighten Grip - Arise News,"Thu, 16 Jul 2026 07:00:00 GMT",Arise News,www.arise.tv,2026-07-16 07:00:00+00:00,2026-08-23 16:01:11.633939+00:00,nigerias inflation slips to 1591 as food prices tighten grip,True,True,True,True
Nigeria food prices,https://news.google.com/rss/search?q=Nigeria%20food%20prices&hl=en-NG&gl=NG&ceid=NG%3Aen,https://news.google.com/rss/articles/CBMi0wFBVV95cUxPMGFTalhYcUFtTi1uNnhmN3I5U1FKRFJCclhRMVFoQ1ZNOFFWallmb3AtTXlnOThkZTBMb0Z0WC1DVkJSdmd6bXFXeFliUEF3d2JfeXlxNWZ5enMwak5XQkd4U1h1eWNzZ3NKQlg4UmRRa21WemJIbi0wTm9LRHA0ZHVPRWNqZjBhM3dURTFsaVVaR21yUjc5Vl9kU1ktLTdRVEMwYmQ2c1ZORXMwY1JVNllGWTZnZ0lWRFpZem85ekliRzlaTEFFTjdfZG9iNUZjNDZr?oc=5,Food inflation remains biggest threat despite easing headline rate – CPPE,Food inflation remains biggest threat despite easing headline rate – CPPE - Premium Times Nigeria,"Thu, 16 Jul 2026 07:00:00 GMT",Premium Times Nigeria,www.premiumtimesng.com,2026-07-16 07:00:00+00:00,2026-08-23 16:01:11.633939+00:00,food inflation remains biggest threat despite easing headline rate cppe,True,True,True,True
Nigeria food prices,https://news.google.com/rss/search?q=Nigeria%20food%20prices&hl=en-NG&gl=NG&ceid=NG%3Aen,https://news.google.com/rss/articles/CBMigAFBVV95cUxQVllRU0g2TGJaMk5sM0xtUWp1UjluX0pqNU5IMWMzR0FMX2ZWd3pIUllVUE01YzhJWHpPdGkzaVdhODNBNG5WMms1X3dnTGtEamFFYkhRUEh2SURNVDg5RnlNQ25kekZIYTRkaEZLU2FzV0pWVk5CR0tMTGNzV3k3ZQ?oc=5,BUA expands food production to tackle high prices,BUA expands food production to tackle high prices - The Guardian Nigeria News,"Thu, 16 Jul 2026 07:00:00 GMT",The Guardian Nigeria News,guardian.ng,2026-07-16 07:00:00+00:00,2026-08-23 16:01:11.633939+00:00,bua expands food production to tackle high prices,True,True,False,True
Nigeria food inflation,https://news.google.com/rss/search?q=Nigeria%20food%20inflation&hl=en-NG&gl=NG&ceid=NG%3Aen,https://news.google.com/rss/articles/CBMic0FVX3lxTFA5aTM3dlVHbXRpTzZJMXBpMXRub3JhRm83MWpWdFZIR3JsMEExSE0wQXhkN1VFZ1pVRkM1M1ZCRlFkeXZLbGFlLUpNWl8tY2ZaVmRiYmN3LW5uaVczTFhQa1REZWttbk1nX3phQkFIejlGQm8?oc=5,CPPE Raises Concerns About Food Inflation,CPPE Raises Concerns About Food Inflation - Independent Newspaper Nigeria,"Thu, 16 Jul 2026 07:00:00 GMT",Independent Newspaper Nigeria,independent.ng,2026-07-16 07:00:00+00:00,2026-08-23 16:01:11.633939+00:00,cppe raises concerns about food inflation,True,True,True,True
Nigeria food prices,https://news.google.com/rss/search?q=Nigeria%20food%20prices&hl=en-NG&gl=NG&ceid=NG%3Aen,https://news.google.com/rss/articles/CBMihwFBVV95cUxOSW04eFQxS1dhWVZ3M0lvUDBVVmthYU5tUGpITGltRThyT3lJdzhnUWkxVy1VTUJ6cnNKcGFHRFlzZzdkVmhUMVBLbTRDaWdtLTBCOFNLYWZ4YmstQURxNWstLXJQWkVhQnhieHlobWpITVhtWC1tWnpwNEFQMGs0X0kwMHVib1k?oc=5,"BUA’s Expansion To Boost Jobs, Lower Food Prices, Says Rabiu","BUA’s Expansion To Boost Jobs, Lower Food Prices, Says Rabiu - LEADERSHIP Newspapers","Thu, 16 Jul 2026 14:49:34 GMT",LEADERSHIP Newspapers,leadership.ng,2026-07-16 14:49:34+00:00,2026-08-23 16:01:11.633939+00:00,buas expansion to boost jobs lower food prices says rabiu,True,True,True,True
Nigeria food inflation,https://news.google.com/rss/search?q=Nigeria%20food%20inflation&hl=en-NG&gl=NG&ceid=NG%3Aen,https://news.google.com/rss/articles/CBMipAFBVV95cUxQSmZPWXpYVzRQLUM2a3pmcU5BcGpUeFFheVR0VEhIbFAyMTA2LWxBLXgtekVmSXJOVkFYdThUTEdvVTNUTDFCZDNfbDFZNkhSQzhraVJabDRiOVQ4aWlqcEZqWFlRWjRBV3BJRjBDbjlPWFJEbkYxVTgwT1hKWGxfbXg2R0hmOHlvLUJpU0xvdnNYSjJYZ2NoZG9pbng5b0NWODQyMQ?oc=5,"High food prices pose serious threat to low inflation, says CPPE","High food prices pose serious threat to low inflation, says CPPE - The Guardian Nigeria News","Fri, 17 Jul 2026 07:00:00 GMT",The Guardian Nigeria News,guardian.ng,2026-07-17 07:00:00+00:00,2026-08-23 16:01:11.633939+00:00,high food prices pose serious threat to low inflation says cppe,True,True,True,True
Nigeria food prices,https://news.google.com/rss/search?q=Nigeria%20food%20prices&hl=en-NG&gl=NG&ceid=NG%3Aen,https://news.google.com/rss/articles/CBMifkFVX3lxTE9oOWR1d1k0dmxQb05Qa3RHTzBKSmpTTlJnZTZGbHFHTHpGRnpCV1RPWWlWWE10aHM1djBEWkRFaDNLa3ZwVWdaU2VDVE1TQ3RSdUtLOTJUekQxTHpuZ1dHYmZ4TEhPNFB0XzZ2YVlGdU41eWhhN3dYYWNsTnNZQQ?oc=5,Food prices remain high despite drop in inflation,Food prices remain high despite drop in inflation - Daily Trust,"Fri, 17 Jul 2026 07:00:00 GMT",Daily Trust,dailytrust.com,2026-07-17 07:00:00+00:00,2026-08-23 16:01:11.633939+00:00,food prices remain high despite drop in inflation,True,True,True,True
Nigeria staple food prices,https://news.google.com/rss/search?q=Nigeria%20staple%20food%20prices&hl=en-NG&gl=NG&ceid=NG%3Aen,https://news.google.com/rss/articles/CBMitgFBVV95cUxNQXdrYnc1VDlxYlFnYjE0WHRsNmFfRlJ4RWhEUGY3b1M1eFNUNHA4ZGZaQURBeHRXNHJEbHVhUUZYdDNCTlVfQUh2eFRkN21KWEt1N3ZSOGdRWldHblJMRWY3NUVDQnIyR01VZnplaW9pdWdReHdIVHREVUpWcUl4V2o4cnVOemdHSl90MTE5Y1RpQUI3QW9GcjNuSWgwSG53TXJMTkd3Vk81T2R5MnUySTNJZ2FfZw?oc=5,Bongo launches price transparency platform amid rising food costs,Bongo launches price transparency platform amid rising food costs - Business News Nigeria,"Fri, 17 Jul 2026 07:00:00 GMT",Business News Nigeria,businessday.ng,2026-07-17 07:00:00+00:00,2026-08-23 16:01:11.633939+00:00,bongo launches price transparency platform amid rising food costs,True,True,False,True
Nigeria food inflation,https://news.google.com/rss/search?q=Nigeria%20food%20inflation&hl=en-NG&gl=NG&ceid=NG%3Aen,https://news.google.com/rss/articles/CBMifkFVX3lxTE9uVnZ6QnBCV1ZfcGJieVBoYzdEcXJOR1l5Z1VUYkFGVkxpdHEyeWpyMkdPckNSYnFRaVpETVoxLVNkRkZoQkFGNThZdDhOT3J1eHdDZGktZ3RRd3NWMWw2UXE5bmFiUHhrXzdFamdLQkpCM3ZNakUtd0x1VEV6QQ?oc=5,Food Inflation: FG Targets 25 Million Tonnes of Grain,Food Inflation: FG Targets 25 Million Tonnes of Grain - Punch Newspapers,"Sat, 18 Jul 2026 07:00:00 GMT",Punch Newspapers,punchng.com,2026-07-18 07:00:00+00:00,2026-08-23 16:01:11.633939+00:00,food inflation fg targets 25 million tonnes of grain,True,True,True,True
Nigeria food prices,https://news.google.com/rss/search?q=Nigeria%20food%20prices&hl=en-NG&gl=NG&ceid=NG%3Aen,https://news.google.com/rss/articles/CBMimAFBVV95cUxNSElwVWJWa0ZBT0dYODhsa1FzU3Y5ZGR1NXRGY2x6YTRUanF3dFBWYUJTOHJROEJxYktGTlAzQTU0X2lKYy00blB3bmtwZzdnRTBBSldiWWNHaUhxcEhyenB0Q1hUM1JRakpfYkp0ZFdJUnlCYWNBaHlXckN5TkJYS2h3VFE0bVJCWENxSERDazhYWFoyem9YVA?oc=5,Nigeria Inflation Eases But Rising Food Costs Put Markets On Alert,Nigeria Inflation Eases But Rising Food Costs Put Markets On Alert - MarketForces Africa,"Sun, 19 Jul 2026 07:00:00 GMT",MarketForces Africa,dmarketforces.com,2026-07-19 07:00:00+00:00,2026-08-23 16:01:11.633939+00:00,nigeria inflation eases but rising food costs put markets on alert,True,True,False,True
Nigeria cost of living,https://news.google.com/rss/search?q=Nigeria%20cost%20of%20living&hl=en-NG&gl=NG&ceid=NG%3Aen,https://news.google.com/rss/articles/CBMinwFBVV95cUxQQjFTalJQWmY2aEZzeWtKUDNDVkllLXNNSWtpMnRUOXhReUhEbDZ6dFZDLUlIakgwOHM4bnQ2RDBGbjNZZkhMTlo3TkdleFpsWHJJcVhYRjJ1a294QU1vQ0d3X0d2QnpHalJUYmkzQ1NHb1BrU0tnZDIwVjhWMjJmUUVPVm5MWENQbnctM1VPcWZBSXplNklFMXlsU3BXUXPSAaQBQVVfeXFMTzJ6QnU4X0RWQ2xkRzRqZmZUdTVMOV9lR0RNM05helcxZnBqZUpSRHJMVEFpdmtYaVVRSXRLdEJmdmtTTlBFMFZKZmNMdnpFeDZ4NGF5RmJBa3ZJWk1lSHBWSTFKTnhWMFZiN2k1TGtwWlBhZ3ROU1ExTVd2d2RkLVNSRGpsLUFzWFdMX0M1ZVNBdGl3bkQ5QWpOM3dvMi1EWmdGSEE?oc=5,Nigeria: Child malnutrition worsens as cost of living climbs,Nigeria: Child malnutrition worsens as cost of living climbs - africanews.com,"Sun, 19 Jul 2026 07:00:00 GMT",africanews.com,www.africanews.com,2026-07-19 07:00:00+00:00,2026-08-23 16:01:11.633939+00:00,nigeria child malnutrition worsens as cost of living climbs,False,True,True,True
Nigeria food inflation,https://news.google.com/rss/search?q=Nigeria%20food%20inflation&hl=en-NG&gl=NG&ceid=NG%3Aen,https://news.google.com/rss/articles/CBMilwFBVV95cUxQaUlSTEUzaENXUldrR0Z2QUgxZTF1R3FockhrVmRQTFNxM2R5c2VMcG05c3VpZzhCdjRjdmZQWDM2NldvQmVWeXA0Zjk3djM2NlJWQ1hCYzNGdWwtbjFhWHdmYWNfbzFrQVRYcXAtVkEwUk5CNkZVV21va1ZuYV9xQ2RUU1pKT2d6dEpmX1JtOS1HQ3VqYlRF?oc=5,"June Inflation: Lower Fuel Costs Ease Pressure, Food Prices Still High","June Inflation: Lower Fuel Costs Ease Pressure, Food Prices Still High - Independent Newspaper Nigeria","Sun, 19 Jul 2026 07:00:00 GMT",Independent Newspaper Nigeria,independent.ng,2026-07-19 07:00:00+00:00,2026-08-23 16:01:11.633939+00:00,june inflation lower fuel costs ease pressure food prices still high,True,True,True,True
Nigeria food prices,https://news.google.com/rss/search?q=Nigeria%20food%20prices&hl=en-NG&gl=NG&ceid=NG%3Aen,https://news.google.com/rss/articles/CBMi0gFBVV95cUxOQWEtYWRCVGZYNENGQ1JrY1NKYnhsejEwU3cwbUQyVWRQSEJhMlF4dW1Lam8xNWNWM3V6OHZkWmlfNGZacjk2eFIyS1RKY2hlaUhQV0F3ZTZLdC05UGNsTmg4Z1VwN25PUS04cTMyYXNURTMxYWxMdUthSmFjVnpWdUZOT0hjeGJRRG1nQVYxQWFuQWtleUVvdk51Q2d4c0JQR2UzOWliNTBEcFhHTURYSzU3MXNvYTZuZHA1NWlqazRMcTNHYXFBREpYZHVoeUoyUlE?oc=5,"Cost of cooking jollof surges 400% in a decade as insecurity, floods drive up food prices","Cost of cooking jollof surges 400% in a decade as insecurity, floods drive up food prices - Business News Nigeria","Tue, 21 Jul 2026 07:00:00 GMT",Business News Nigeria,businessday.ng,2026-07-21 07:00:00+00:00,2026-08-23 16:01:11.633939+00:00,cost of cooking jollof surges 400 in a decade as insecurity floods drive up food prices,True,True,True,True
Nigeria food prices,https://news.google.com/rss/search?q=Nigeria%20food%20prices&hl=en-NG&gl=NG&ceid=NG%3Aen,https://news.google.com/rss/articles/CBMingFBVV95cUxNQnpiSDZWQjk1Y09US1NJMjRncW5rUDV3c3lWcGVlbzZla1lEcHJmZlBlY1ZzZzlHVTVtVFdaTTdxZXhXOXd0THotRFhTZDVrOGxQWGdhVzlwY1J5WENLMWk4SGNxa3BQWlZPa3VweDl6eDk1ZVV6RjFWNmRXNWljZTRLQzVDeHRNOFlzajlJeVRUY3ZSWUpaLWVUNmtGUQ?oc=5,"Food prices, Middle East tensions drive CBN’s latest decision","Food prices, Middle East tensions drive CBN’s latest decision - PM News Nigeria","Wed, 22 Jul 2026 07:00:00 GMT",PM News Nigeria,pmnewsnigeria.com,2026-07-22 07:00:00+00:00,2026-08-23 16:01:11.633939+00:00,food prices middle east tensions drive cbns latest decision,True,True,True,True
Nigeria rice prices,https://news.google.com/rss/search?q=Nigeria%20rice%20prices&hl=en-NG&gl=NG&ceid=NG%3Aen,https://news.google.com/rss/articles/CBMiT0FVX3lxTE02VDZ4TzFFemswSlBZd0dYTjZicVlUZFJCRU1XcUltSS12VTVNaEJJTDVPd2Zic3NoXzhnLW9VM0ZleWZJSTQ5VEVsQkpNbHfSAa4BQVVfeXFMT0R4cGY2M080a0hIUENobVZpQndBNk84NzRCa0dOZVVoOHJNSVctOFdpTVdVWEZWbGc2UDR3c0hGX3YxWENZVWhHaDhpUDYxSVYxUFZPMXRwY1M1TGtONXJ3WFRuck1TQ1pCRjdVazZYVWtGSS1BclMxZGh6MkhqOWgyaURzSmdNSm1LQkNsX0VERGJXZmdfNjhSYUxfQnNNVW9pVjhrRlR2eHd3MUZB?oc=5,"N40,000 rice bag illusion: Why local harvests aren’t dropping market prices yet","N40,000 rice bag illusion: Why local harvests aren’t dropping market prices yet - Tribune Online","Wed, 22 Jul 2026 07:00:00 GMT",Tribune Online,tribuneonlineng.com,2026-07-22 07:00:00+00:00,2026-08-23 16:01:11.633939+00:00,n40000 rice bag illusion why local harvests arent dropping market prices yet,True,True,False,True
Nigeria rice prices,https://news.google.com/rss/search?q=Nigeria%20rice%20prices&hl=en-NG&gl=NG&ceid=NG%3Aen,https://news.google.com/rss/articles/CBMiygFBVV95cUxNNkhQa2hmbzU2dFdFZm9sdGFqWjZCZFY3TU5Dd1BZamtaZE40TzNlek41dTNTS0hBLVJaN09pYkJ2T2g5R1RjbUNvMXlpTmd3RnI2NkVtbUJCdkpEcURFTG5Ycm1UOFM1LVZSeXlNelo3cFF5M3ZkVi1MUmVxSHJlblFqdF9VbFBPeTF5TGZ5cDh3SmkycDU0T0NvakI5QkkyUmJaUHhnV2VYNzF3NzdNcVRoQnJicnVzd2w3TDg4ZWZndEt0SnpxZVZR?oc=5,Cost of preparing pot of jollof rice up 14.6% in 11 months – Report,Cost of preparing pot of jollof rice up 14.6% in 11 months – Report - Premium Times Nigeria,"Wed, 22 Jul 2026 07:00:00 GMT",Premium Times Nigeria,www.premiumtimesng.com,2026-07-22 07:00:00+00:00,2026-08-23 16:01:11.633939+00:00,cost of preparing pot of jollof rice up 146 in 11 months report,True,True,False,True
Nigeria food prices,https://news.google.com/rss/search?q=Nigeria%20food%20prices&hl=en-NG&gl=NG&ceid=NG%3Aen,https://news.google.com/rss/articles/CBMigwFBVV95cUxPOVhCTDN6Y0pQZTZqelBUUkVZcmdnc0s0UjZNSUdEZ3UxSWh2RVVpN0NJMWZ2eS1CTThvdEdvOXpMQ1c1Q0dIc3hiTVhwb19BeHJTWVBTZEl2RGRkSjlaUTk1c0RPUEpqcEdyR1NOZmV1SlJENnpVdGNSWXNKczA3d1pHZw?oc=5,A 624% Surge Lays Bare Nigeria’s Structural Food Crisis,A 624% Surge Lays Bare Nigeria’s Structural Food Crisis - Independent Newspaper Nigeria,"Thu, 23 Jul 2026 07:00:00 GMT",Independent Newspaper Nigeria,independent.ng,2026-07-23 07:00:00+00:00,2026-08-23 16:01:11.633939+00:00,a 624 surge lays bare nigerias structural food crisis,True,False,True,True
Nigeria food prices,https://news.google.com/rss/search?q=Nigeria%20food%20prices&hl=en-NG&gl=NG&ceid=NG%3Aen,https://news.google.com/rss/articles/CBMioAFBVV95cUxNT0swb1MwbXdtek9mcU12SWxBT3hOYzVPMTUzWlpWMW1ZRGR1bENSb2ZsR0FHUDdpLVdKZS00amQ1MDFxN1ZJR3BfbGh2QmVLaEFiRnNRYUFXUWFOSnVxaXA3V3dlZUpFSlNrOEdlNkp5S18xbTV3WDE0TE9SNTE1ZXpCa2tSMndGdHhQZDF2Tzc1RGJFZnJQQkZDYUdNOUVs?oc=5,Report: Cost Of Cooking Jollof Rice Jumps 624% In Decade As Food Crisis Deepens,Report: Cost Of Cooking Jollof Rice Jumps 624% In Decade As Food Crisis Deepens - Arise News,"Thu, 23 Jul 2026 07:00:00 GMT",Arise News,www.arise.tv,2026-07-23 07:00:00+00:00,2026-08-23 16:01:11.633939+00:00,report cost of cooking jollof rice jumps 624 in decade as food crisis deepens,True,True,True,True
Nigeria food prices,https://news.google.com/rss/search?q=Nigeria%20food%20prices&hl=en-NG&gl=NG&ceid=NG%3Aen,https://news.google.com/rss/articles/CBMi3wFBVV95cUxPNHpWRm9pNlVEMzRxX1FQdmpfMUpTMW0tSm5Uc0U5MDhJUHVqbU5HcHJ1Njg4OXZWbEtIUmFmT1dqbnU0X0pMS0JHSUppWjA2UkRjVlkyUjFHdmg3Rk9hWHhsX3FvaFFPX3g4TC1rTXkyWi1KT3lrRGRTcm9hU1owMHNFQnlfRjhJenZHbU9kOWdpTE9qM3hNa0lCeE1Kcm05Y2tub0Yxc19MeGxBWERKNXM0NHFyX1VVMENWYy1hQzZmRFUxR2c3R19sVC1uT25IQVBWRUNBQkZydUNrZzBR?oc=5,"Report: Cost of Cooking Jollof Rice Soars 624% in 10 Years as Climate, Insecurity Deepen Nigeria’s Food Crisis","Report: Cost of Cooking Jollof Rice Soars 624% in 10 Years as Climate, Insecurity Deepen Nigeria’s Food Crisis - THISDAYLIVE","Thu, 23 Jul 2026 07:00:00 GMT",THISDAYLIVE,www.thisdaylive.com,2026-07-23 07:00:00+00:00,2026-08-23 16:01:11.633939+00:00,report cost of cooking jollof rice soars 624 in 10 years as climate insecurity deepen nigerias food crisis,True,True,True,True
Nigeria food prices,https://news.google.com/rss/search?q=Nigeria%20food%20prices&hl=en-NG&gl=NG&ceid=NG%3Aen,https://news.google.com/rss/articles/CBMitgFBVV95cUxNdG04NHdsUEt2WnhvS19fa2RFa18zYVRMejlSOTBZZjlYTGh1eTJiTmhLRlVXVndNTE5DVWdyUjF4NW90dHpvLU1GeEd6NU9zT0ZFWE5vanpHTUlyWW1pLW1CM2NUaU9oSEJ2SnR6ZjZ0VUFLZHdQRDdQVEt2aUo5VGZ1Ym9LVC13aXdnZ1B4SUxRLWU2U0dMUktZbTZzU1cwMF84eVJmNlY5Ymc1eFZ3Z3dSTm1WUQ?oc=5,"Three Years in Office: Agriculture grows under Tinubu, but food prices double","Three Years in Office: Agriculture grows under Tinubu, but food prices double - dataphyte.com","Fri, 24 Jul 2026 07:00:00 GMT",dataphyte.com,www.dataphyte.com,2026-07-24 07:00:00+00:00,2026-08-23 16:01:11.633939+00:00,three years in office agriculture grows under tinubu but food prices double,True,True,True,True
Nigeria food prices,https://news.google.com/rss/search?q=Nigeria%20food%20prices&hl=en-NG&gl=NG&ceid=NG%3Aen,https://news.google.com/rss/articles/CBMingFBVV95cUxQb2thdGxlWkRBU3RpRjhhQXQ5VXlhUExnUm9JMTMxMTZnMDlsVzdIMXlCYzJWSEE0dzFjVjdxV2dGR1E4b3pHNlh5RFpfOENRYS1fUlVzMHhXTGR1T09PQ04xSTN5enBuZHc0aUI1SmJXQlNMNnVHeEd6VENIdVFFcTRybm4xRDRURnVUV1RyNTBjT25ZOHZwUDBfWjVDQdIBowFBVV95cUxOdUtjbGhFTzgxMVdkT1lzYW9EbFpHQ3lidFNSb3gzQ1Q3WXJVU2hCVkF0MlgxOFMyMk5VRnZONE1sZ2g3d3hzYXU4dWJobjItcUNKd0lUVFNEZDJ0SXJ3LWhUbG03SFh5cFRmbHgyUVR1Z19DUnJiZ3dFTjgtTU5VYnFnUWlLVl9FdzM0QWpzM29LdF9HY2M0clNjMHNDQzlyZGVZ?oc=5,"Higher fuel, transport, food prices loom as crude oil hits $100","Higher fuel, transport, food prices loom as crude oil hits $100 - Vanguard News","Fri, 24 Jul 2026 07:00:00 GMT",Vanguard News,www.vanguardngr.com,2026-07-24 07:00:00+00:00,2026-08-23 16:01:11.633939+00:00,higher fuel transport food prices loom as crude oil hits 100,True,True,True,True
Nigeria rice prices,https://news.google.com/rss/search?q=Nigeria%20rice%20prices&hl=en-NG&gl=NG&ceid=NG%3Aen,https://news.google.com/rss/articles/CBMimgFBVV95cUxQMk5ZVGY0Ui03Qk10Z3hJMTd6N0lxQnBTSEJzanphdUdMNnlBMXBrSlQ5aFhmUUNfQ3FDZE5CWG96R3ZrNnEtcDlmVnZPWUNnM0FJM0xqSGNaejg1M1F1WmpIb19jWGp1SFFXejBwYkUzTmVPaXNTQXcxN3FBQ3BFNGFCV1NUZ0xWM191OWE1cDV3Y3U0TkQwLUhB0gGfAUFVX3lxTE1oanBNYmhrTVFsZG55emdmU1ppQnJsZjl2dkdSLWY1d3JOSzRwMmFtMngwZkd3TGFQcGVTYVdxQkJQamFHVXV0b2szZ1VQai1IU2lVTjZtdkhzMDVMWE9IRmVKS19WY1J5OTI3em1HM0ZzbFJteFY1UUctTEJDRnEyckpiaHM1eWJIN2otODl6NTB5MGpjLUxiTkllTVpJOA?oc=5,"Nigeria may face rice, tomato scarcity in 3 months — OTACCWA","Nigeria may face rice, tomato scarcity in 3 months — OTACCWA - Vanguard News","Sun, 26 Jul 2026 07:00:00 GMT",Vanguard News,www.vanguardngr.com,2026-07-26 07:00:00+00:00,2026-08-23 16:01:11.633939+00:00,nigeria may face rice tomato scarcity in 3 months otaccwa,True,True,False,True
Nigeria food prices,https://news.google.com/rss/search?q=Nigeria%20food%20prices&hl=en-NG&gl=NG&ceid=NG%3Aen,https://news.google.com/rss/articles/CBMiqgFBVV95cUxNMTBwamEtVnNLaGJLaktCVXF6TFNjMHpFUXBLOExJa1htNTFpOGIwS05UQ0MzNXk0THFpc1g2N2tVQkNQa0JlZGlXT3JKSEh0SXNiUmY4MFZPUkZvdnFVeGloZXQ2VHk0UUoxbE0wakFjSVl4Zlp2a29heEI2aXR0S21GMVQwaXVSNFl5VlJlM0trLXI2WXpfcm1MTE43TU5wcnF6aXppNXVjZw?oc=5,"Effects of the Iran Conflict on Fuel, Fertilizer, and Food Prices in Nigeria","Effects of the Iran Conflict on Fuel, Fertilizer, and Food Prices in Nigeria - American Enterprise Institute - AEI","Sun, 26 Jul 2026 20:20:00 GMT",American Enterprise Institute - AEI,www.aei.org,2026-07-26 20:20:00+00:00,2026-08-23 16:01:11.633939+00:00,effects of the iran conflict on fuel fertilizer and food prices in nigeria,True,True,True,True
Nigeria cost of living,https://news.google.com/rss/search?q=Nigeria%20cost%20of%20living&hl=en-NG&gl=NG&ceid=NG%3Aen,https://news.google.com/rss/articles/CBMiT0FVX3lxTE8xblBNNWEyX1hCaE5YcEkyako1aDhVMndHbHdNaE1kRmZraENPZi1EY2RkWk5RV1JUUURUY3VMUWN2alE1aFJmenlvNXpqTDA?oc=5,The cost of living: What Nigerian workers say about their labour worth in 2026,The cost of living: What Nigerian workers say about their labour worth in 2026 - Tribune Online,"Tue, 28 Jul 2026 07:00:00 GMT",Tribune Online,tribuneonlineng.com,2026-07-28 07:00:00+00:00,2026-08-23 16:01:11.633939+00:00,the cost of living what nigerian workers say about their labour worth in 2026,False,True,True,True
Nigeria cost of living,https://news.google.com/rss/search?q=Nigeria%20cost%20of%20living&hl=en-NG&gl=NG&ceid=NG%3Aen,https://news.google.com/rss/articles/CBMinAFBVV95cUxQanFjLW53b0xBU0l5Y0pkTGwzeXRkX2hyTF83VzlhTEVQY0c1Tk1RZnNrcFJBTG5rd1J4WDd1ekQtVUFXVVhWZy0tX21oM1hwcGdrVjhSdElIWW1WUlpvcnlYWE1BME1GS1RleTNkay1DMl9vbnVDc25WcG02TTFrWnNvM2dEVUphLWRLQkc4SzQ3TkhENnlUWmZHdlM?oc=5,"Adebayo faults Tinubu’s economic management, cites rising cost of living","Adebayo faults Tinubu’s economic management, cites rising cost of living - The Guardian Nigeria News","Fri, 31 Jul 2026 07:00:00 GMT",The Guardian Nigeria News,guardian.ng,2026-07-31 07:00:00+00:00,2026-08-23 16:01:11.633939+00:00,adebayo faults tinubus economic management cites rising cost of living,False,True,True,True
Nigeria cost of living,https://news.google.com/rss/search?q=Nigeria%20cost%20of%20living&hl=en-NG&gl=NG&ceid=NG%3Aen,https://news.google.com/rss/articles/CBMirAFBVV95cUxPN2duNFJFbHFGZVhWQnhqZElMV2NfRlg1SlE1UEExenduOHJQS3JJT3dPV3ZfZXVkYnRadTRzSnNMQm9YMjRwekNGX09oYUVzZ2dpZTU2WWVvV0pEM1pUaXhCaEwyWmRWTE4yYnFJbzNxUEZ0OFJmWVlWWHhVVUs3X21xazlqcnVEclVFVnlpVnN6QWhqYVNOWDN2TzcyX2xUSS14T1BWQXpLOTJa?oc=5,Cost of living tops five-year concerns for 43% of young Nigerians — survey,Cost of living tops five-year concerns for 43% of young Nigerians — survey - Business News Nigeria,"Fri, 31 Jul 2026 07:00:00 GMT",Business News Nigeria,businessday.ng,2026-07-31 07:00:00+00:00,2026-08-23 16:01:11.633939+00:00,cost of living tops fiveyear concerns for 43 of young nigerians survey,False,True,True,True
Nigeria cost of living,https://news.google.com/rss/search?q=Nigeria%20cost%20of%20living&hl=en-NG&gl=NG&ceid=NG%3Aen,https://news.google.com/rss/articles/CBMivAFBVV95cUxQT1A1dTBfVm9RREMzUlhLU0FzRXFKQ0g5bks1NmZrNzVqQ3V1UzRqNTNQYk1yM0hrVm1DZ3FnOFg2WjNITm1jSGcxWVlaSm5IZGFpRVU4WnVhU040Z2N2UTlGY0VDbW1ZalM5aGlqa2hiU2NHTW1MV0lPZmxxd19lNDlzZm1kbXhLMlZibElwZ1FpblJ2WWFMajlmdmhJSm8xdGZqUDMySS1SUUFNSDZIWHFGSzJUazZVeHFlaQ?oc=5,Revealed: How Nigerians Use AI-Powered Tech To Track Wasteful Spending Amid Rising Cost Of Living,Revealed: How Nigerians Use AI-Powered Tech To Track Wasteful Spending Amid Rising Cost Of Living - Independent Newspaper Nigeria,"Sat, 01 Aug 2026 07:00:00 GMT",Independent Newspaper Nigeria,independent.ng,2026-08-01 07:00:00+00:00,2026-08-23 16:01:11.633939+00:00,revealed how nigerians use aipowered tech to track wasteful spending amid rising cost of living,False,True,True,True
Nigeria food prices,https://news.google.com/rss/search?q=Nigeria%20food%20prices&hl=en-NG&gl=NG&ceid=NG%3Aen,https://news.google.com/rss/articles/CBMieEFVX3lxTE5IbmdfTk50QmQza2xxMWxIVDl3M1hHQ0V6OGpuclB5Vk5uaFhpSFp4QXFva2V5UmJ5ZmRUTDB6Nmc1LVNBSUVlLXZ4Ry04VmVTa3lqYmllZlNlTlBSdW9tNEc1bm84emREMnZHbW9zcEZ4eTJlSEZuaA?oc=5,Edible oil drives food inflation increase – Report,Edible oil drives food inflation increase – Report - Punch Newspapers,"Sun, 02 Aug 2026 07:00:00 GMT",Punch Newspapers,punchng.com,2026-08-02 07:00:00+00:00,2026-08-23 16:01:11.633939+00:00,edible oil drives food inflation increase report,True,True,True,True
Nigeria cost of living,https://news.google.com/rss/search?q=Nigeria%20cost%20of%20living&hl=en-NG&gl=NG&ceid=NG%3Aen,https://news.google.com/rss/articles/CBMiowFBVV95cUxNbnYzSTk2VklOYk42N0pSZkR6NFpvNGVJaUEyTWRuWnFsdlByOUZCaWc2SjdiVDU2b1pib1otZVlFOVdIRTgyZ2t2YksxUTJSdU9Nc3NuQmpJZjBzdFVDTXhNZGV0S2xIYlRzb1AzR3h3QnBQbVNyOHprLTBrbGlrZmZrRHJleGRPdzJlMTM5MmdycjlwQlphMHR3UGsyZWFoNXFN?oc=5,"Kwankwaso hails Catholic bishops, urges govt to address cost of living, insecurity","Kwankwaso hails Catholic bishops, urges govt to address cost of living, insecurity - Punch Newspapers","Tue, 04 Aug 2026 07:00:00 GMT",Punch Newspapers,punchng.com,2026-08-04 07:00:00+00:00,2026-08-23 16:01:11.633939+00:00,kwankwaso hails catholic bishops urges govt to address cost of living insecurity,False,True,True,True
Nigeria rice prices,https://news.google.com/rss/search?q=Nigeria%20rice%20prices&hl=en-NG&gl=NG&ceid=NG%3Aen,https://news.google.com/rss/articles/CBMiswFBVV95cUxQdjhISkszWlpCRnVraEF0UWs1bkhkMlp5bjdkYjBpLVh3T2hLNS1jYTRPMTB2b21sLVV5N19ZSndZV2hrRjhwcW5hbm9nZnc0MUdjX3NFMzgxaHNUakF4QjlRc1hCTXJ0cU5nTUVzdDNkNWZVbDhiUU95M1k1YWpBNFRBQUlkZXNKaWtTZzFNcTN6RTY1R0xLZ2ZvTFpIZmlVZ1FTSzh1Ni1VeXlCOUhYNkxmVQ?oc=5,"High input costs, insecurity threaten northern Nigeria’s rice ambitions","High input costs, insecurity threaten northern Nigeria’s rice ambitions - Business News Nigeria","Wed, 05 Aug 2026 07:00:00 GMT",Business News Nigeria,businessday.ng,2026-08-05 07:00:00+00:00,2026-08-23 16:01:11.633939+00:00,high input costs insecurity threaten northern nigerias rice ambitions,True,True,False,True
Nigeria food prices,https://news.google.com/rss/search?q=Nigeria%20food%20prices&hl=en-NG&gl=NG&ceid=NG%3Aen,https://news.google.com/rss/articles/CBMi7wFBVV95cUxOc2ZDVmFWbXVwU1RkQWhDbEFiREtabGgxU25jMVFiS1ozWFF2dzB4N2ZGeWx3Sk93ekxOSmpyY0p0RVhWbmM4TzlJcTVaUmdhZTl2LUZRc0RoN00wUVhMWHRXemJkcExDZmViTFJMVkdwUGkyNVVNVHUxRzdnS0tHVTdkX0VjelJEWm50MEdLSExlWmkxZFNwc3laRURjNDExYTBOVWZPRU5yOEt0dkFuV1NpVkxpenBuUUxiNW5KZWpZQ210Mzk1VlpBMFppVDVTdlNvOFpSMjF1bE5OY2dDQmZuYUlmbU9DT2MxYUN2UQ?oc=5,"Nigeria - Key Message Update: Conflict and high food prices sustain Crisis (IPC Phase 3) outcomes in the north, July 2026 - January 2027","Nigeria - Key Message Update: Conflict and high food prices sustain Crisis (IPC Phase 3) outcomes in the north, July 2026 - January 2027 - ReliefWeb","Thu, 06 Aug 2026 07:00:00 GMT",ReliefWeb,reliefweb.int,2026-08-06 07:00:00+00:00,2026-08-23 16:01:11.633939+00:00,nigeria key message update conflict and high food prices sustain crisis ipc phase 3 outcomes in the north july 2026 january 2027,True,True,True,True
Nigeria food inflation,https://news.google.com/rss/search?q=Nigeria%20food%20inflation&hl=en-NG&gl=NG&ceid=NG%3Aen,https://news.google.com/rss/articles/CBMitAFBVV95cUxNeEZDUUNISnNTNWpFdmh5M2RmTVE0TFlNVnAzM2RtVkJWODlmVGVmRVg4MEZXaGdCXzR3QXFlNlBIMHVYS3MyWEp6VFRFMzZjR1FPQXk1ZWJzeFotb2QwWWdzVjZtT0VMejBTRG5mVWk3S1ZQNjNJX3pWem1kTzhxT3pFWmROLWFIcmdnTzl3c0xhZXFyN2dCcVZ5d3JqXzJRNHR1WTVxeXFnTmJlbm5UX1lOZlY?oc=5,Addresing impact of Nigeria's post-harvest losses on food inflation,Addresing impact of Nigeria's post-harvest losses on food inflation - CNBC Africa,"Fri, 07 Aug 2026 07:00:00 GMT",CNBC Africa,www.cnbcafrica.com,2026-08-07 07:00:00+00:00,2026-08-23 16:01:11.633939+00:00,addresing impact of nigerias postharvest losses on food inflation,True,True,True,True
Nigeria cost of living,https://news.google.com/rss/search?q=Nigeria%20cost%20of%20living&hl=en-NG&gl=NG&ceid=NG%3Aen,https://news.google.com/rss/articles/CBMiuwFBVV95cUxON1RsdG1MZzF3eEJweHY1VmJkeU4tbF9oSXl6N3R2bV8zTThpdThtQXdUN2FrSGdyeXVfcFR1N3dIbktGWnVkdkYyc3JoMnN2M29SQ0ZGVHpNRGJJazFrVVFxT284RzlhN0lFaVN2a2dLYlFnUGFvTF9aWTNEenJLT2VOZ0NWWWRzRVFKUjlkdTFWbzRVZ0FSaDcwSXdraFNpVTUxVndMRWYxLWo5Y3pnZGstMXlhNFpsM0ZV0gHAAUFVX3lxTE56U01MZXlkNGljaS05Vk1VYjRTbkQteDFxQ3NWckVfMGQ5N1N0SEFhQnlOM1hGc1pGNWtrbkpZTm9qT0V3azNhckY1VGJ4Mk51TkNvODZwTl9FWUw5NFdaMF9icE1PQU41aUoydTFsVHdteWVhc0UtcVp0LTFSYUt3cml6UjQyNjRuU09MbVFobDN2SkUxY1FUdE1xd3MtbW53Z01SRDNHTmQ0YW1Td0tZMVBMU2hlb0k1RjZhcTctXw?oc=5,"Nigerians abandoning plans to buy homes, cars, Atiku slams Tinubu for cost of living","Nigerians abandoning plans to buy homes, cars, Atiku slams Tinubu for cost of living - Vanguard News","Sat, 08 Aug 2026 07:00:00 GMT",Vanguard News,www.vanguardngr.com,2026-08-08 07:00:00+00:00,2026-08-23 16:01:11.633939+00:00,nigerians abandoning plans to buy homes cars atiku slams tinubu for cost of living,False,True,True,True
Nigeria food prices,https://news.google.com/rss/search?q=Nigeria%20food%20prices&hl=en-NG&gl=NG&ceid=NG%3Aen,https://news.google.com/rss/articles/CBMiswFBVV95cUxNUC1WRURIVlR2eVJFZ25Qc21Gb2xPMUNYRjJJNEREa2pWZGNFWk5iYlZxazRESlN4TnhjR1RBc0tVQmJyZGxVNUNwTDcycWZXQWVFclNjakowcGlJR1YtUHJDT1FEaHlQTXRxeDQ1NGpkdWpYNGgzb2N0cjVjSTlCRnRzQ1N1NGpnNFp4b1RLN2ZZaWZoRDF0NUx2RFk4eUh5M1k2VEt6UzhiQThhVld3OWdDQQ?oc=5,Nigeria cannot fight food inflation while letting millions of tonnes of food go to waste,Nigeria cannot fight food inflation while letting millions of tonnes of food go to waste - TheCable,"Sat, 08 Aug 2026 07:00:00 GMT",TheCable,www.thecable.ng,2026-08-08 07:00:00+00:00,2026-08-23 16:01:11.633939+00:00,nigeria cannot fight food inflation while letting millions of tonnes of food go to waste,True,True,True,True
Nigeria cost of living,https://news.google.com/rss/search?q=Nigeria%20cost%20of%20living&hl=en-NG&gl=NG&ceid=NG%3Aen,https://news.google.com/rss/articles/CBMimgFBVV95cUxOOFVsVV9PZWJtVC1CRFBlRC1jRi1IMTZyR3BqUHRobkhoNVBUYnAtUEpaaUE4SlBIdWlPM2Y5R25IYnJOUmo3ZnF6eUJWcFZRNUh4elhldk0td2szLTB4bEp6QmF2VUo0RllkZHFfZ3dnUnhzYnNkRlR1aktxallTSVJZX0RZaFRJWWExNzRiQ1hSQW9DOEhoZVdB?oc=5,"Atiku Lambasts Tinubu, Says Nigerians Being Priced Out Of Decent Living","Atiku Lambasts Tinubu, Says Nigerians Being Priced Out Of Decent Living - The Whistler Newspaper","Sat, 08 Aug 2026 07:00:00 GMT",The Whistler Newspaper,thewhistler.ng,2026-08-08 07:00:00+00:00,2026-08-23 16:01:11.633939+00:00,atiku lambasts tinubu says nigerians being priced out of decent living,True,True,False,True
Nigeria rice prices,https://news.google.com/rss/search?q=Nigeria%20rice%20prices&hl=en-NG&gl=NG&ceid=NG%3Aen,https://news.google.com/rss/articles/CBMigwFBVV95cUxNTHFRTHVELVRtV3gxRGg5RDV1Unlqd0xKYy1zbV9BZW1xNmtWYjNvSWctejNOamRMRTlrSzQxblZyM2tZUTJSRmtrZTVJa3dUSkpmanUzWTBiWDEyUFVCYVBtQmxsWm5JVS12bDc4TnJKMklwSlA2MV93R0Fmak03aGFJQQ?oc=5,"Rice millers decry import waiver, rising production costs","Rice millers decry import waiver, rising production costs - Punch Newspapers","Sun, 09 Aug 2026 07:00:00 GMT",Punch Newspapers,punchng.com,2026-08-09 07:00:00+00:00,2026-08-23 16:01:11.633939+00:00,rice millers decry import waiver rising production costs,True,True,False,True
Nigeria cost of living,https://news.google.com/rss/search?q=Nigeria%20cost%20of%20living&hl=en-NG&gl=NG&ceid=NG%3Aen,https://news.google.com/rss/articles/CBMiogFBVV95cUxNUEgyTGZsWGdtVlpLZWhiM3hnMnYtYTZHX3g2S2tTaERRekxYR3B2UFctM2llXzY3ODUybkNHVENIT28tMjNQLXBpem1GRVJwUTFMMDFVT3VVcXh6SGppNGJrQXA0MzBsTW9UbU9OeXB5aEN3bzA2VFJnTDZQczd2SGVDdjRHdkFLcXFRbjU1eDJjLU1XSHA5RE5xeE82c0NrM1E?oc=5,Can Nigeria’s Reforms Ease the Cost of Living Before Elections?,Can Nigeria’s Reforms Ease the Cost of Living Before Elections? - Modern Diplomacy,"Mon, 10 Aug 2026 07:00:00 GMT",Modern Diplomacy,moderndiplomacy.eu,2026-08-10 07:00:00+00:00,2026-08-23 16:01:11.633939+00:00,can nigerias reforms ease the cost of living before elections,False,True,True,True
Nigeria cost of living,https://news.google.com/rss/search?q=Nigeria%20cost%20of%20living&hl=en-NG&gl=NG&ceid=NG%3Aen,https://news.google.com/rss/articles/CBMiZ0FVX3lxTE1VbU9Cek9FOWNuNUtTY3U5aGQybThXallaM1ptcXQ4OUdTSlM5V3pMc3RreVVBWWdXRlFJQnU5SFBITk92YlB0djFhbVZscXpqWl9JNVBmenpHM2xSMW1xNDFDSzJzQzA?oc=5,Nigerians' cost of living pain deepens as election looms,Nigerians' cost of living pain deepens as election looms - Reuters,"Mon, 10 Aug 2026 07:00:00 GMT",Reuters,www.reuters.com,2026-08-10 07:00:00+00:00,2026-08-23 16:01:11.633939+00:00,nigerians cost of living pain deepens as election looms,False,True,True,True
Nigeria cost of living,https://news.google.com/rss/search?q=Nigeria%20cost%20of%20living&hl=en-NG&gl=NG&ceid=NG%3Aen,https://news.google.com/rss/articles/CBMixwFBVV95cUxQcHl5OEw5eDRzVTY1OFJVb2kwME1ZSm9mNW1OS1phbDlXSmZJUUNyaERzcnBBaFVBTVpLc1phOGhlOXpUQndYek1TNmFJNjg3MzJxSTRXRDRJb1p6dnBRVWxYV0ZGOHltRWJPUGdFdEZSSU0zcy1lM1dJQlN0MTlVRXVIaDNfcmgxVWhZMlRSVHFHejVQWUNuSEJvTW44ckJsclY5MFk3aVhPREEyd0xHUzNUakotMjVJd2tYMWRnei1abVRVdUl3?oc=5,Analysis-Nigerians’ cost of living pain deepens as election looms,Analysis-Nigerians’ cost of living pain deepens as election looms - Internazionale,"Mon, 10 Aug 2026 08:22:37 GMT",Internazionale,www.internazionale.it,2026-08-10 08:22:37+00:00,2026-08-23 16:01:11.633939+00:00,analysisnigerians cost of living pain deepens as election looms,False,True,True,True
Nigeria food prices,https://news.google.com/rss/search?q=Nigeria%20food%20prices&hl=en-NG&gl=NG&ceid=NG%3Aen,https://news.google.com/rss/articles/CBMiuwFBVV95cUxNa1ptSXVrMlZBY0VSeWx4M3gwNXJiSko1UFBLUi1lVGJEQTRURjllYXVURFZranI5RjdzczA3UGpTaW0xdlNfX3JrY25MR0lPRDhIV2d4ZG1VS09uUmpmNVJfZ3BiclZuS3o5Q1VESE1VNGNvVF9LbzQ4Z05VU29PWlNQWVZka3ZVYU56Sm5EdWJQV0pVbnBFd2c2UnFBX0R0TWp5Z2VWdVFpSEVodzRWeGZuZ29BRGdYVXQ4?oc=5,Nigeria’s Bango Uses Price Data to Bring Transparency to Food Markets,Nigeria’s Bango Uses Price Data to Bring Transparency to Food Markets - We are Tech,"Mon, 10 Aug 2026 19:54:49 GMT",We are Tech,www.wearetech.africa,2026-08-10 19:54:49+00:00,2026-08-23 16:01:11.633939+00:00,nigerias bango uses price data to bring transparency to food markets,True,True,False,True
Nigeria cost of living,https://news.google.com/rss/search?q=Nigeria%20cost%20of%20living&hl=en-NG&gl=NG&ceid=NG%3Aen,https://news.google.com/rss/articles/CBMif0FVX3lxTE4tMUx1OUt4aE5RUWtjSVBuQlpJQU5ERV9tR3dEemFaV2V6eEZhTmliUXZxbzNQOWNYTnVwVFc4MHo0R2JHaTdTWko3QlB6eUpMS0VvUGdaNXdiQVdjdl96VDBoMXFyT2RCaDY0SkFnWVpKdjBGemJyMGRDbTBSREk?oc=5,Protests in Nigeria over rising cost of living,Protests in Nigeria over rising cost of living - SwitSalone,"Tue, 11 Aug 2026 12:04:34 GMT",SwitSalone,www.switsalone.com,2026-08-11 12:04:34+00:00,2026-08-23 16:10:01.931891+00:00,protests in nigeria over rising cost of living,False,True,True,True
Nigeria food inflation,https://news.google.com/rss/search?q=Nigeria%20food%20inflation&hl=en-NG&gl=NG&ceid=NG%3Aen,https://news.google.com/rss/articles/CBMigwFBVV95cUxNdjZNZzgxVnpEb3hpNG5MeDh3dFR1X1hveThkcmlNVmZsejZfZFRodXRIekxpcjRsd3pEUnVfc3VXcHpzWFZGcFptYVhEZkNCQm1DLXEwRk9xYzBoV3MyTWhUUGVubGdxUjNvVkZ0U0ZfQjJrc2s1V0VCYUZQbHdzQnNGOA?oc=5,Inflation Falls To 15.43% In July As Food Prices Surge,Inflation Falls To 15.43% In July As Food Prices Surge - The Whistler Newspaper,"Mon, 17 Aug 2026 13:29:53 GMT",The Whistler Newspaper,thewhistler.ng,2026-08-17 13:29:53+00:00,2026-08-23 16:01:11.633939+00:00,inflation falls to 1543 in july as food prices surge,True,True,True,True
Nigeria food prices,https://news.google.com/rss/search?q=Nigeria%20food%20prices&hl=en-NG&gl=NG&ceid=NG%3Aen,https://news.google.com/rss/articles/CBMioAFBVV95cUxOeFZwa0cyOWFSY0ZwUl9veWZMRHRNMUUwYXJrUUpVbmhGUFNROElaVUNndmJrM0xUbUdNVGIzVy1mMWJIazlrUUxaMkxtVjV2T1FWcXFpX19EVnU5ZGRzQ2l3WFh1QWxFUl9WbURaenY2S1NpRlNMalI2b3MzV2dLN3B0LXBXQ2dKUTV2bVBRM0RTMkpma1FaRW8tYUc5M1Y3?oc=5,"July 2026 Inflation: The States Where Food, Other Prices Rose Fastest, Slowest","July 2026 Inflation: The States Where Food, Other Prices Rose Fastest, Slowest - TVC News","Mon, 17 Aug 2026 13:32:01 GMT",TVC News,www.tvcnews.tv,2026-08-17 13:32:01+00:00,2026-08-23 16:01:11.633939+00:00,july 2026 inflation the states where food other prices rose fastest slowest,True,True,False,True
Nigeria food prices,https://news.google.com/rss/search?q=Nigeria%20food%20prices&hl=en-NG&gl=NG&ceid=NG%3Aen,https://news.google.com/rss/articles/CBMic0FVX3lxTE8zOTIyVWlBZVFhLVpxbjc5ckJSRTRtaEtnNndxZGFWdzEtRnpNWjE0VnpYUExMeTUyS2ZMd2xta3JDdVFnY0ktcHRCWmQ4YUt0T3VaQ0JqYVMtbjhERFpmZ2N1RFZ3VldHdVo5eTlWUFNUNVU?oc=5,Nigeria Inflation Falls to 15.43% as Food Inflation Hits 20.31%,Nigeria Inflation Falls to 15.43% as Food Inflation Hits 20.31% - Techeconomy,"Mon, 17 Aug 2026 13:41:54 GMT",Techeconomy,techeconomy.ng,2026-08-17 13:41:54+00:00,2026-08-23 16:01:11.633939+00:00,nigeria inflation falls to 1543 as food inflation hits 2031,True,True,True,True
Nigeria cost of living,https://news.google.com/rss/search?q=Nigeria%20cost%20of%20living&hl=en-NG&gl=NG&ceid=NG%3Aen,https://news.google.com/rss/articles/CBMilwFBVV95cUxNQnIwRE5tR0xPQk9CX0hSZll2M3RZMlpSaHFtS3RmTmVLLUM2Wlo2SzhILWNNZDhtMWZud2JqYXhnSm5zZ05IM0xRNVN2YkVNamdtYlllT0tFQlFjQlBVeFhpS3ItZW1PdW03QzhTOFpnTmRxVFlYclo3emkyejhCZ1loM3JhYXJIUXVDN3NJOG44dW1rUE9j?oc=5,Nigerians’ cost of living pain deepens as election looms,Nigerians’ cost of living pain deepens as election looms - Business News Nigeria,"Mon, 17 Aug 2026 14:06:54 GMT",Business News Nigeria,businessday.ng,2026-08-17 14:06:54+00:00,2026-08-23 16:01:11.633939+00:00,nigerians cost of living pain deepens as election looms,False,True,True,True
Nigeria food inflation,https://news.google.com/rss/search?q=Nigeria%20food%20inflation&hl=en-NG&gl=NG&ceid=NG%3Aen,https://news.google.com/rss/articles/CBMitgFBVV95cUxOQXpSM0g2ME5MUURMckVXRlZoLWhwcTlvMUhBOXhFTFRxZVExTUQwR2JKdlhIYmdHYmhHNFFleHFxZl9CdUwyNlhOaGVsY0J5UFFLQndYOUY4SHZkOWJGRW5SYXdBZy1iQnROT2gzVXJudkV5TEYtMm9sTzJ5MHdhYUk5ckR2cTAtcTV3VE42NHJOcFlFUVRaNHVfMHlMNkhjS1pvRmlXNEdkb1pDVkk3U0NjYXR3QdIBuwFBVV95cUxOV2t0enFMNXNaWEZ4bTlGRm1IOEtTUXpTRnZYYk93eGxKYXJxbFJGQjlwWXN6RnRObzB5ZG9WaVJsNHJ4V3NRNDhmWDA1ZDFUeEFpNEhYcmhxZGZhV25HeC1Bb3l2NmN0ZUNfczNBM1NRcE51SlRyeHlsLVBfOFBPRkVSMHZiVDl6ck90R1FCNGFPLUo2SXpFaHNSMGRsM2lLM0VPb2VSbWg1UHNNR0ZlRU5wd21GRDFiUUtF?oc=5,"Nigeria’s headline inflation rate falls to 15.43%, as food index rises","Nigeria’s headline inflation rate falls to 15.43%, as food index rises - Vanguard News","Mon, 17 Aug 2026 14:47:03 GMT",Vanguard News,www.vanguardngr.com,2026-08-17 14:47:03+00:00,2026-08-23 16:01:11.633939+00:00,nigerias headline inflation rate falls to 1543 as food index rises,True,True,False,True
Nigeria food inflation,https://news.google.com/rss/search?q=Nigeria%20food%20inflation&hl=en-NG&gl=NG&ceid=NG%3Aen,https://news.google.com/rss/articles/CBMidkFVX3lxTE50MFhSM241VzdYNUxzTnFTT0o3T0JXc21yQlJqQUFsVjRkQXo5MnJwT3g1dlVvWjBEYmJPNC1SbE1XR2dDUnNObzRIdHNTSEVwVGRvUlJaSkZZUnl2OVZIMFdBb0w5RnlmSDZiR1RyQzc3R0xHRHc?oc=5,Nigeria’s inflation falls to 15.43% in July as food prices surge,Nigeria’s inflation falls to 15.43% in July as food prices surge - TechNext.ng,"Mon, 17 Aug 2026 14:59:44 GMT",TechNext.ng,technext24.com,2026-08-17 14:59:44+00:00,2026-08-23 16:01:11.633939+00:00,nigerias inflation falls to 1543 in july as food prices surge,True,True,True,True
Nigeria food prices,https://news.google.com/rss/search?q=Nigeria%20food%20prices&hl=en-NG&gl=NG&ceid=NG%3Aen,https://news.google.com/rss/articles/CBMilgFBVV95cUxQdDg5cmJrc19Wc1RqSjluUDM5TElsMW5yU0ZsdHFxUm12OGxLVUJIZnlOdmlFbjI4XzAzVkJTcnNMTFlCNVNoWFh4aE9MSlVSOUdBQmhuR1BmLUNTVXpxdFBjM0NmNlF2QnlCYXEyYS1IT0VSY2phdHVnbTZja2NBMXE0SUJUa1dzS0dNN214Qms2Y3hCSmc?oc=5,Nigeria’s food inflation rises to 20.3% in July,Nigeria’s food inflation rises to 20.3% in July - CNBC Africa,"Mon, 17 Aug 2026 15:37:41 GMT",CNBC Africa,www.cnbcafrica.com,2026-08-17 15:37:41+00:00,2026-08-23 16:01:11.633939+00:00,nigerias food inflation rises to 203 in july,True,True,True,True
Nigeria food prices,https://news.google.com/rss/search?q=Nigeria%20food%20prices&hl=en-NG&gl=NG&ceid=NG%3Aen,https://news.google.com/rss/articles/CBMioAFBVV95cUxQOV9qSl8xMDQwY0lqQzF0ZFR3bUVJN25pMDk4OGxWcHpZR2hra2VZZ09ValZOTmJtYzV2Z2wxQkNJTnUtaGMyZ3JMcUFwYXBHVF9KdWMtbnI3Snd3aFdJRlpmelhWbmo5UGlhc3FBRmE3S2NyUTM2M2ZzTGhqaU9zOExUbDgwODJtV2ZROVg2VEdNOEU2V0lJZ2hWZGNKeUdU?oc=5,Food prices rise for sixth straight month as inflation eases,Food prices rise for sixth straight month as inflation eases - Business News Nigeria,"Mon, 17 Aug 2026 15:42:21 GMT",Business News Nigeria,businessday.ng,2026-08-17 15:42:21+00:00,2026-08-23 16:01:11.633939+00:00,food prices rise for sixth straight month as inflation eases,True,True,True,True
Nigeria food prices,https://news.google.com/rss/search?q=Nigeria%20food%20prices&hl=en-NG&gl=NG&ceid=NG%3Aen,https://news.google.com/rss/articles/CBMidkFVX3lxTFBxYUpGaFluX0Q5OGd6bWRpaWNkcGlEN3NwcTl0VzVMV2tTSUFzUnFNeUFmSlNnYW5uX0hKVG5jenBiRkoya2xpN0ZDUGlqeGJRbG1sbExmRlFkcUZ0SGFJZHNSQzdvZDB4ZWhhaDBuR1pZUWtWNnc?oc=5,Nigeria Inflation Eases to 15.43% Amid Food Price Surge,Nigeria Inflation Eases to 15.43% Amid Food Price Surge - Punch Newspapers,"Tue, 18 Aug 2026 01:11:22 GMT",Punch Newspapers,punchng.com,2026-08-18 01:11:22+00:00,2026-08-23 16:01:11.633939+00:00,nigeria inflation eases to 1543 amid food price surge,True,True,False,True
Nigeria food prices,https://news.google.com/rss/search?q=Nigeria%20food%20prices&hl=en-NG&gl=NG&ceid=NG%3Aen,https://news.google.com/rss/articles/CBMia0FVX3lxTFAxODZhVXRpdk1uQmRWTXZCMlVDZDNtRnlYcktLYVRHdnRsNlpYNk5lRXlCeGRaUUdmaVBweFpiQ2hDU3l6TDRxYUV3R2hFUm84dDdVWG1MbGdkSFJGT2o2dlduUGpVdGJrTF9F?oc=5,Food prices rise as inflation slows,Food prices rise as inflation slows - Daily Trust,"Tue, 18 Aug 2026 05:10:19 GMT",Daily Trust,dailytrust.com,2026-08-18 05:10:19+00:00,2026-08-23 16:01:11.633939+00:00,food prices rise as inflation slows,True,True,True,True
Nigeria food inflation,https://news.google.com/rss/search?q=Nigeria%20food%20inflation&hl=en-NG&gl=NG&ceid=NG%3Aen,https://news.google.com/rss/articles/CBMimAFBVV95cUxNbS1aZ1NORlhWd2VMMDJUc281emV6cEotRkxleE9JY25PU0JackFid0pOcXJkMmpsOWVBUEU0NkppQUJPQnFBTmJKdXR3T24xQWlJTzBKQ2x5SU9rdGxaR0c1MERTMElSUVdaSVJ5QWNPUDRQaTR4OURkZ3g0SkgxbXRvM202OHo5ZDRHTkRzUmZFZTJIYzRTQdIBngFBVV95cUxPc0JDeEF4bUFfaHhBQk1UR2pyeTZkYmtRVGloTHR5TmFSQ3AzdkxtdUJKcnk0MXp2UjM0MVFld2NnUUJnSE9xdUhSeFF2ZzhpM1J0VXRuOXU0UHFXWXdPemZLUWtFWVdGVUo1X0JFYWxucHkwckVsb095aTlMWW1KSnhtWU5aNFo4UHlGaXBvb2pIU3BVMVJtRDJzNWUtUQ?oc=5,Food inflation rate rises 5th consecutive month to 20.31%,Food inflation rate rises 5th consecutive month to 20.31% - Vanguard News,"Tue, 18 Aug 2026 06:00:14 GMT",Vanguard News,www.vanguardngr.com,2026-08-18 06:00:14+00:00,2026-08-23 16:01:11.633939+00:00,food inflation rate rises 5th consecutive month to 2031,True,True,True,True
Nigeria food prices,https://news.google.com/rss/search?q=Nigeria%20food%20prices&hl=en-NG&gl=NG&ceid=NG%3Aen,https://news.google.com/rss/articles/CBMiuAFBVV95cUxNdzZJNk56cTJmZzBfMF9yaEZUNFh4c3ZqbXRMbWs4MklCUXdrSVRBVHlZN0Y2dEN5aGgzUnYzXzBZLS04TzFDUzdVVEpiNmRMNjB1R2hpU0VHYnlSRENyOFRqQmt5U3pPeUs3ME4xY0c5STkxOV83UVgteXNiSXNHekhlVXl4RzU5dEQydW90cHJBc1pWU0lnWklLZ2ZwdFJ5c3pINnl4T2didC02RlZjRjE5dzFIVzVU?oc=5,"Nigeria: Why food prices, cost of living keep rising despite inflation drop – Economists","Nigeria: Why food prices, cost of living keep rising despite inflation drop – Economists - Daily Post Nigeria","Tue, 18 Aug 2026 06:24:35 GMT",Daily Post Nigeria,dailypost.ng,2026-08-18 06:24:35+00:00,2026-08-23 16:01:11.633939+00:00,nigeria why food prices cost of living keep rising despite inflation drop economists,True,True,True,True
Nigeria food prices,https://news.google.com/rss/search?q=Nigeria%20food%20prices&hl=en-NG&gl=NG&ceid=NG%3Aen,https://news.google.com/rss/articles/CBMikwFBVV95cUxQT09HSkVxSThJQlVuUlZYSTJrbDNmM2V1UHYwSGZQZUMtMlltMU00MVhValVIcld3b3Y0Zkdfanp0Y0ZiNTkwYUp0eDAtLVVFUWJYSWFsWWtmZWdEMjBGRkR2Q2lrRDdYNXhaenpuR2FENWMzbU1SbGZxRW9tLWdQQkVtM0JoR3JpM1l4TDN6MzR6ajg?oc=5,Rising food prices weaken Nigeria’s disinflation gains,Rising food prices weaken Nigeria’s disinflation gains - Business News Nigeria,"Tue, 18 Aug 2026 07:30:31 GMT",Business News Nigeria,businessday.ng,2026-08-18 07:30:31+00:00,2026-08-23 16:01:11.633939+00:00,rising food prices weaken nigerias disinflation gains,True,True,True,True
Nigeria food prices,https://news.google.com/rss/search?q=Nigeria%20food%20prices&hl=en-NG&gl=NG&ceid=NG%3Aen,https://news.google.com/rss/articles/CBMixgFBVV95cUxQcC1lSkVPY0VMWHh4YkhURWFJcERRLTZDMTVxUE9BVDJTenlpSU81RnhJTmNxdDJUSGpaZ2Q0LVlScV9uNUZzUm41eFdoVDQxaEZnSWFsYkxPQUV5SzZHQ3FQMktPemp4ZnlKTUZSN3BLWUdDdjFKdnlSSVlvdFNRbkF2aEJiV1dkcnZQRHBRZ3lnc3BtMXJ3ekFuX0sxS0NVWUh3dGxpaWhUNUxLb2Rxejl3cFJydUlMSHJmbllfZlA3S18wVHc?oc=5,Nigeria’s inflation falls to 15.43% in July as food prices rise,Nigeria’s inflation falls to 15.43% in July as food prices rise - Premium Times Nigeria,"Tue, 18 Aug 2026 08:27:49 GMT",Premium Times Nigeria,www.premiumtimesng.com,2026-08-18 08:27:49+00:00,2026-08-23 16:01:11.633939+00:00,nigerias inflation falls to 1543 in july as food prices rise,True,True,True,True
Nigeria food prices,https://news.google.com/rss/search?q=Nigeria%20food%20prices&hl=en-NG&gl=NG&ceid=NG%3Aen,https://news.google.com/rss/articles/CBMiogFBVV95cUxPS3VRTDFqenB5emxHNTVSWWtXeml6dFBxLXJZQ09zZ3R0LTZCUUdtdEwzRUVsaHFQWjM2Szh6ZVkwUWNrWVYwdFM0WkRhTXNyellmeFFSdE5Cbjl0OTRlZE5HZ2p6cUYtcmV2UFZpckQzR2VLOERYdGllWXVYdUxtNkN3LVN1ZXJTTFNJcWZrajFpcWxSNDhJWDBGNW1xeXY2amc?oc=5,Nigeria’s Food Inflation Hits 20.31% as Household Costs Rise,Nigeria’s Food Inflation Hits 20.31% as Household Costs Rise - nigeriahousingmarket.com,"Tue, 18 Aug 2026 08:45:47 GMT",nigeriahousingmarket.com,www.nigeriahousingmarket.com,2026-08-18 08:45:47+00:00,2026-08-23 16:01:11.633939+00:00,nigerias food inflation hits 2031 as household costs rise,True,True,True,True
Nigeria food prices,https://news.google.com/rss/search?q=Nigeria%20food%20prices&hl=en-NG&gl=NG&ceid=NG%3Aen,https://news.google.com/rss/articles/CBMiuAFBVV95cUxOSFoyUXNJOWFJSTZoQXVBcmQ0NWkwMGloR3lPclRTZFJBdlFwRlRpVHdtNmNfb1NzSVpaZ1ppNTBjVFJxdWpwUmNGRm9PWEd0TmxjZ2dKa0hwX0VyNUotOUZOYkRfbHMxUFd2amplbFJRMlAyVV9wZHN0bDhPTThybUlsUks1bmVydmZmT1BBaDlHODlkckp6dVdvd1F1dDJyTnRzd01LMDhPRlR2QlJQN2VuSTBmWXZo0gG-AUFVX3lxTFBvZ09oSnR5cVRqZHZDY0djbnMwNDl2aFJudUhfNUZzUGxJNERyd3VvWmlGREE0d1BmTzFHNGtZYmVtR1BxUjJSNUlYUGpZNDBWQmY1Q2ZPNkFSeDJUaG5EYlZtU0xKRk9nNUFfM2czb0RmZjJuZTVBOFM5X1lhdzd5aFdQS1Zud2RlT1UxS09ETHE0aVJkYTZfLUhNcW5YdnhiMGJPdWNUTExaNlU5eFhlYzlDS3dZbXhTb0ZtdFE?oc=5,"Nigeria’s Food Inflation Surges to 5.56% in July as Rice, Garri, Pepper Prices Rise","Nigeria’s Food Inflation Surges to 5.56% in July as Rice, Garri, Pepper Prices Rise - Investors King","Tue, 18 Aug 2026 09:13:02 GMT",Investors King,investorsking.com,2026-08-18 09:13:02+00:00,2026-08-23 16:01:11.633939+00:00,nigerias food inflation surges to 556 in july as rice garri pepper prices rise,True,True,True,True
Nigeria food prices,https://news.google.com/rss/search?q=Nigeria%20food%20prices&hl=en-NG&gl=NG&ceid=NG%3Aen,https://news.google.com/rss/articles/CBMiqwFBVV95cUxQOG1LM0x2TzNBUGVabHRyZi02Um82OXlnYmRnMEk1UHJRZGVQa0pIN1Vwb3hXWG54R3lsbV9IeTJQaHRoSWp6S3ZyT2M2VXNlUFRBdVVndW1iZ0tHT3BYVkFTdjNxTV9xWFFIb1BBcmI2Z2E4Zy1zYzlqZDFvUGJ3bUZ1WGt5X2NtdFNOUng4aFhGY2pOeU8tS090TjI5Y01wVVA4SXZwUmRuSGPSAbABQVVfeXFMT2hiZ3FhQ21Mc0xkdm5PYWsxcnU4cHhuWXduLXZPUVRzX2VZZDJ0WVRzM0hLMG9nN1FPQVo5S1VtbUJpRG53VEtLM2xhcFlrNXNHQUhqRHVlNVNQOUVRT05fSmRZUVoxR0JnaThEVlczMEdpSGRqUHJMdi1yVWx4Qjlrb0xGRWFoMjZhV2h0QWlic3pnTFliOTc0bnRqWDhKTFlaOVY2aGxlSHJSZWJmVWQ?oc=5,"Food, Transport, Housing and Restaurants Drive 72% of Nigeria’s Inflation","Food, Transport, Housing and Restaurants Drive 72% of Nigeria’s Inflation - Investors King","Tue, 18 Aug 2026 09:32:03 GMT",Investors King,investorsking.com,2026-08-18 09:32:03+00:00,2026-08-23 16:01:11.633939+00:00,food transport housing and restaurants drive 72 of nigerias inflation,True,True,False,True
Nigeria food prices,https://news.google.com/rss/search?q=Nigeria%20food%20prices&hl=en-NG&gl=NG&ceid=NG%3Aen,https://news.google.com/rss/articles/CBMi1gFBVV95cUxPUGV4TV9HME9aVUc1VEtuUDRUaW5OVEFiTmd2RWNZR0J4YU13YlhKaEgwN3pMOU1GZHo0aWNDMk9ubzFYYy10RXQ0WGNvSURuTlZTeXcxRWVWeEtXOU5TLUUxQ2pTaXAwNDdjTllCcWpyTEY0ZlpBbnZUWEpwcGVqRHZsYzktTU5GN3M5YzlxXzVRSUpMNlNuQWpOX005aTBMUTdSU25WY2pvUUY1NWVGNUx5TVB6MjdTak9MSkpHc0J3anV2Q2IzQUY1SUpWNkxKNFVkZTlR?oc=5,Arketdata Shines Light On Grocery Market Opacity With Nigeria’s Food Pricing Intelligence,Arketdata Shines Light On Grocery Market Opacity With Nigeria’s Food Pricing Intelligence - Business News Nigeria,"Tue, 18 Aug 2026 12:23:16 GMT",Business News Nigeria,businessday.ng,2026-08-18 12:23:16+00:00,2026-08-23 16:01:11.633939+00:00,arketdata shines light on grocery market opacity with nigerias food pricing intelligence,True,True,False,True
Nigeria food prices,https://news.google.com/rss/search?q=Nigeria%20food%20prices&hl=en-NG&gl=NG&ceid=NG%3Aen,https://news.google.com/rss/articles/CBMiiwFBVV95cUxPSk51WGJUZkhWQVg3NDNVb01mUDBjQjlXZWQ0U25aSDE2WnU2U1hDSXp5akppTmVZWGxKZDAyT0toT2NpMEtfRjAyRU83UVdEaF9oazhOWERqR3g0MmhSRGVidTN6dXhFaWxfSDF3MERFWC10TG1WZ1pQd2NETTZXSnZsT3Y5c1lWUUZj?oc=5,Tech Firm Launches Food Prices Information Digital Platform,Tech Firm Launches Food Prices Information Digital Platform - Voice of Nigeria,"Tue, 18 Aug 2026 14:17:51 GMT",Voice of Nigeria,von.gov.ng,2026-08-18 14:17:51+00:00,2026-08-23 16:01:11.633939+00:00,tech firm launches food prices information digital platform,True,True,True,True
Nigeria food inflation,https://news.google.com/rss/search?q=Nigeria%20food%20inflation&hl=en-NG&gl=NG&ceid=NG%3Aen,https://news.google.com/rss/articles/CBMimAFBVV95cUxOcmltVTQ2UEFnSXN5SjhxQUcxb2pKNkpSczMyMTgyTnlrTWdNMUtTVnFjY1hYY3gyVllnWHo5RFE2eGQzVW9aRDd6N1VIRWx0SFE2MkRXTmM3ZTkxT2RQN1NHVkVmTGV4Z0tEYjRETHl6cHF4X0h3R0c5a3FHakhQNnlsX041N0xnVUIyeUdKb09UU3pPYWNpbA?oc=5,Tinubu’s reforms failing as food inflation hits 20.31% – ADC,Tinubu’s reforms failing as food inflation hits 20.31% – ADC - Business News Nigeria,"Tue, 18 Aug 2026 17:04:14 GMT",Business News Nigeria,businessday.ng,2026-08-18 17:04:14+00:00,2026-08-23 16:01:11.633939+00:00,tinubus reforms failing as food inflation hits 2031 adc,True,True,True,True
Nigeria food prices,https://news.google.com/rss/search?q=Nigeria%20food%20prices&hl=en-NG&gl=NG&ceid=NG%3Aen,https://news.google.com/rss/articles/CBMigwFBVV95cUxOQ1MyN3lpLTIwYWMzby14ZUpob3FwQkN4NXcwRUNYOUFPTF9KVndQTHlLenVHb25JUkJhWmtQc1BMaVRZWk5qeUQzZEhna0xySXcwSVZPUlNQcVhHejlRb0VVdXlTRVFrS3lXcU1RNjBXUlo3WllWZmt2bkpLdU1wQWFFdw?oc=5,"Rising cost of food: Tinubu is out of ideas, says ADC","Rising cost of food: Tinubu is out of ideas, says ADC - The Guardian Nigeria News","Tue, 18 Aug 2026 18:33:00 GMT",The Guardian Nigeria News,guardian.ng,2026-08-18 18:33:00+00:00,2026-08-23 16:10:01.931891+00:00,rising cost of food tinubu is out of ideas says adc,True,True,False,True
Nigeria food inflation,https://news.google.com/rss/search?q=Nigeria%20food%20inflation&hl=en-NG&gl=NG&ceid=NG%3Aen,https://news.google.com/rss/articles/CBMif0FVX3lxTE5rQkt1SEhZVG5vWm85YzJXci1ZdHNlLWFwX3BobG9aRzRFb01USmdwMDd1aC1WSGVQUHZsWHFQbkFhem8yV2preGdLcVVKUXBkY3lkVTVPSWhaaWxxZ0xFbmtuLWE0WXdEX1hUMDBKdG1BZmdTcHU0Nlp3WmFQN2s?oc=5,Food Inflation: Tinubu Govt Has Failed Nigerians – ADC,Food Inflation: Tinubu Govt Has Failed Nigerians – ADC - LEADERSHIP Newspapers,"Tue, 18 Aug 2026 21:01:00 GMT",LEADERSHIP Newspapers,leadership.ng,2026-08-18 21:01:00+00:00,2026-08-23 16:01:11.633939+00:00,food inflation tinubu govt has failed nigerians adc,True,True,True,True
Nigeria food inflation,https://news.google.com/rss/search?q=Nigeria%20food%20inflation&hl=en-NG&gl=NG&ceid=NG%3Aen,https://news.google.com/rss/articles/CBMiekFVX3lxTE1lSFRwNDF4Wk9WMzdkSnV0U0lhNU5zUnMzaUJCRTBqNng3Y1FUMDRXT21qRElRRzFjNjFtY1JPV3ZDWFVKR0RBOF9VTE96N3VBUzhkclotQzdJallxdm1JSjA3ZVpkY3VNLWR5Y3FGTkc2LWJuNUUwS25B?oc=5,ADC Faults Tinubu Govt Over Rising Food Inflation in Nigeria,ADC Faults Tinubu Govt Over Rising Food Inflation in Nigeria - Punch Newspapers,"Tue, 18 Aug 2026 23:22:06 GMT",Punch Newspapers,punchng.com,2026-08-18 23:22:06+00:00,2026-08-23 16:01:11.633939+00:00,adc faults tinubu govt over rising food inflation in nigeria,True,True,True,True
Nigeria food prices,https://news.google.com/rss/search?q=Nigeria%20food%20prices&hl=en-NG&gl=NG&ceid=NG%3Aen,https://news.google.com/rss/articles/CBMimwFBVV95cUxPSjUzVEJqcDlZY1k4MEw5ZmtTVmt5OGZXVElIVlNOdVBIRlJLWWdMeHpLNFI3ZFhXZ2FIMEcyWUdqcGxSNG04M3k1VTEwcFFpUDlrNmFXZ0ZpaVJ2NjhOaWhSanE4anpJRV9UYVFMa3VGZ2Z1Q2NQc3ptY00yOXplNm1Bb1JaUW83T0Y2aEVOZndsZnlVdzlDTW1IQQ?oc=5,"Rising Food Prices: Tinubu Has Run Out of Ideas, Says ADC","Rising Food Prices: Tinubu Has Run Out of Ideas, Says ADC - THISDAYLIVE","Wed, 19 Aug 2026 03:11:23 GMT",THISDAYLIVE,www.thisdaylive.com,2026-08-19 03:11:23+00:00,2026-08-23 16:01:11.633939+00:00,rising food prices tinubu has run out of ideas says adc,True,True,True,True
Nigeria food prices,https://news.google.com/rss/search?q=Nigeria%20food%20prices&hl=en-NG&gl=NG&ceid=NG%3Aen,https://news.google.com/rss/articles/CBMiugFBVV95cUxPZEl0RzJEdWdEakRmSzFGMnV3b2dybW9LVk01RVBrNE5CeTNDUWdPUFB4R2VCVlA1WnMya0RJOHN5NWJaYWhEZDFoUDY3bEVENHJGa05GQk16aU9vRjItZG5jOXBSV2lmXzVSTmluMUtJVTJJVEdaRWNwTmxwMVhpaGpQcjNvZXVIdWFPc1Q5dUljZjFiM2J6dWhpVF9DT1ZOdmxWYUlMZGszZ3d5ZHBhY2VLOWRKWHBHUmc?oc=5,Nigeria’s Food Inflation Hits 20.31% as Farmers Struggle With Rising Costs and Weak Demand,Nigeria’s Food Inflation Hits 20.31% as Farmers Struggle With Rising Costs and Weak Demand - MSME Africa,"Wed, 19 Aug 2026 03:42:14 GMT",MSME Africa,msmeafricaonline.com,2026-08-19 03:42:14+00:00,2026-08-23 16:01:11.633939+00:00,nigerias food inflation hits 2031 as farmers struggle with rising costs and weak demand,True,True,True,True
Nigeria food prices,https://news.google.com/rss/search?q=Nigeria%20food%20prices&hl=en-NG&gl=NG&ceid=NG%3Aen,https://news.google.com/rss/articles/CBMilgFBVV95cUxOanZUWE4ydExZSXNsdE95MldNSVllNVBwWjBfYTBhVGV5d2Rkcy1DQnBzY20xaVJ0Qmk0MjVMMlNONXNxRVI0dzVqWW5DMTREejNkWV90Y0k3TThmTDV4NmEta1BTeWhSY09adEJxaDJMZUZpRGpWUDZuaGZSZHU5X3p3SENPVklfQ0w4T040M3FrTzZ1R1E?oc=5,Tinubu unveils Ogun food bank as ADC berates FG over living costs,Tinubu unveils Ogun food bank as ADC berates FG over living costs - The Guardian Nigeria News,"Wed, 19 Aug 2026 04:13:00 GMT",The Guardian Nigeria News,guardian.ng,2026-08-19 04:13:00+00:00,2026-08-23 16:01:11.633939+00:00,tinubu unveils ogun food bank as adc berates fg over living costs,True,True,False,True
Nigeria food prices,https://news.google.com/rss/search?q=Nigeria%20food%20prices&hl=en-NG&gl=NG&ceid=NG%3Aen,https://news.google.com/rss/articles/CBMimAJBVV95cUxQQ1ZjN3A4Ym9rVU1ZRFZhYjVoMU9uQzJ5b0hib1AzNmM1QVJCYjltdXlFaFFjNjVnNC1fSnQzalRYaFpvZ3JwckdoU3RQMmdrSHR6MlE2cU4wczhBODV1RGtCdXlLWUFZTThZNml0S2pPLTFDdHZZSjV4ZUYwY3RnX0huQUdvVU9NbWNzbktqSXc5R0I1eU9jQVlFRGhZeUhneW1Eb2ZQaXc5T25CbWVNMUZWQzVEUEJQZ0NVRWs2VVgzMkdaeEtneFI0QVZGbUJtSXRfU0ZNNXhaTVJDbFZtek1EbDNEdS1GOXZIOTVfX2EtOU1lSUk1VF93THBkUElueDVITThUVHd0ZDRQeEI3M2JVanN4Ykl4?oc=5,Nigeria’s July 2026 Inflation Review: Annual Disinflation Continues Despite Rising Monthly Food Prices,Nigeria’s July 2026 Inflation Review: Annual Disinflation Continues Despite Rising Monthly Food Prices - Proshare,"Wed, 19 Aug 2026 06:47:07 GMT",Proshare,proshare.co,2026-08-19 06:47:07+00:00,2026-08-23 16:01:11.633939+00:00,nigerias july 2026 inflation review annual disinflation continues despite rising monthly food prices,True,True,True,True
Nigeria food inflation,https://news.google.com/rss/search?q=Nigeria%20food%20inflation&hl=en-NG&gl=NG&ceid=NG%3Aen,https://news.google.com/rss/articles/CBMihAFBVV95cUxQb3Mycnd3YlFQSGdheElzRUU4WTl3VnV5UnZBbDRRR2Y2eTRVWEMweEEtZVFhRFZiUkx0cmp3bEl0NndkWFN4anQ4c2xFTHFza2h3SXpZUmJnS0lua2NTdEVZeGpNaTdRbW5lUFNVWHh1QTJrQ0p6eWNPS1pGZWIzX3dEeEw?oc=5,Farmers fear crisis as food inflation hits six-month high,Farmers fear crisis as food inflation hits six-month high - Punch Newspapers,"Wed, 19 Aug 2026 07:46:28 GMT",Punch Newspapers,punchng.com,2026-08-19 07:46:28+00:00,2026-08-23 16:01:11.633939+00:00,farmers fear crisis as food inflation hits sixmonth high,True,True,True,True
Nigeria cost of living,https://news.google.com/rss/search?q=Nigeria%20cost%20of%20living&hl=en-NG&gl=NG&ceid=NG%3Aen,https://news.google.com/rss/articles/CBMiswFBVV95cUxNX3gxMVlkMEN6VVpzNV9CVWVLR1dSbnU3b3RtUnAzYUxza3NvNHFhcUVZUDRNWE0ta1hYa2VTdjVQUmhxbHIybTY0WnQwd1UwZzRYeC1JanBIdVFYR0hnbDVNXzhqX01nMEt2U25NLTRBbm85eHJxbUtTMy1OeUhkQlctMV9PdUl6dVlPVEdXM3M4V1otZEIyajJsUVhPM05uaDhfcFZuSWpvNHJqblEtLS01SdIBuAFBVV95cUxNdGx6TDM4dndFNFpiRzdpWk1sTk1TYVZCLTFPc3ZNUlFNSTd2clRWUVFIZ0dFRm1FcjZEajR1dEg3bXoySDB3TGZJb3lJaEkwblNGSXZwcDJuaFp2QjRyZHNCVndhYUdtODRhM3NSN3NfU3JKMXNrV2pVdG5ncFMxTnJuOFBqd3h6eC1qTGxocVRJRHREak9uZVdqYXJ0S3V4aTZTMlJuWnNsLVBQdkttYnhydXpRckpX?oc=5,Nigeria election 2027: Can Tinubu win a second term as cost of living bites?,Nigeria election 2027: Can Tinubu win a second term as cost of living bites? - africanews.com,"Wed, 19 Aug 2026 08:15:30 GMT",africanews.com,www.africanews.com,2026-08-19 08:15:30+00:00,2026-08-23 16:01:11.633939+00:00,nigeria election 2027 can tinubu win a second term as cost of living bites,False,True,True,True
Nigeria food prices,https://news.google.com/rss/search?q=Nigeria%20food%20prices&hl=en-NG&gl=NG&ceid=NG%3Aen,https://news.google.com/rss/articles/CBMikwFBVV95cUxOV2JQejViS19sU0x2QlVzNFdjekd2QkY0MzZlV3RMcEhpQ0tYTWxnZllxVkNwUzNMOER5aVp1Z040NWVYdUcwR3pxZktaU3MweDhmRmxQdm1PbXhHbDEtMDhKMkhpU05DZThtTWZYdWpnWkpEUUR1XzMzZ0E3Z1UzcUgwVWJ6U3NFNkVrOUE2M2JQcmM?oc=5,"Climate change, petrol costs driving high food prices — expert","Climate change, petrol costs driving high food prices — expert - Realnews Magazine","Wed, 19 Aug 2026 16:21:21 GMT",Realnews Magazine,realnewsmagazine.net,2026-08-19 16:21:21+00:00,2026-08-23 16:01:11.633939+00:00,climate change petrol costs driving high food prices expert,True,True,True,True
Nigeria food prices,https://news.google.com/rss/search?q=Nigeria%20food%20prices&hl=en-NG&gl=NG&ceid=NG%3Aen,https://news.google.com/rss/articles/CBMijAFBVV95cUxOMlZDX3dLTnMtQnRhNk1JRmJZYUZZSTBwdm0wdm5VWHBlRmVSY0xZcVc0RzU5cXppUzB4VlQ4bVBQZkFfQ0JfQ3NFS01nd2xoU3hqTjFoMkJ5SzBWWWNqekdMbEM1Rno3S203V0trZXFXSEdMYnZBcVpkczY5cDdQYmdUTEQ1QTlTUXhneg?oc=5,Analysts expect inflation slowdown despite food price pressures,Analysts expect inflation slowdown despite food price pressures - Punch Newspapers,"Thu, 20 Aug 2026 00:03:12 GMT",Punch Newspapers,punchng.com,2026-08-20 00:03:12+00:00,2026-08-23 16:01:11.633939+00:00,analysts expect inflation slowdown despite food price pressures,True,True,False,True
Nigeria food prices,https://news.google.com/rss/search?q=Nigeria%20food%20prices&hl=en-NG&gl=NG&ceid=NG%3Aen,https://news.google.com/rss/articles/CBMitwFBVV95cUxPQzdPbXc4UlFsVDN4VDMzLXlwRld2OUE2c0F5TF9adE1adVVVNTFqMUNUUE1tdEViMkJSVU13Xy0xT0toUmhRTTdSUW9EM1NYb29JZVVKTS01eHVTV1g4bG5kZ2FwWVBZTjBYam41TjdYZjFfUWdBclFTVTk4Q0ZNY3dhdllIUTR2SlE3TEFoYW9UUWpEX2xuRDJ6TnpoNnBHMzhGTnpzc3I0M0xaTlVvaW96ZmxyTFk?oc=5,July Inflation Moderation Offers No Relief To Households As Food Prices Surge 20.31% – Analysts,July Inflation Moderation Offers No Relief To Households As Food Prices Surge 20.31% – Analysts - Independent Newspaper Nigeria,"Thu, 20 Aug 2026 05:36:15 GMT",Independent Newspaper Nigeria,independent.ng,2026-08-20 05:36:15+00:00,2026-08-23 16:01:11.633939+00:00,july inflation moderation offers no relief to households as food prices surge 2031 analysts,True,True,True,True
Nigeria food inflation,https://news.google.com/rss/search?q=Nigeria%20food%20inflation&hl=en-NG&gl=NG&ceid=NG%3Aen,https://news.google.com/rss/articles/CBMivwFBVV95cUxQeXh1V3ZQeUhzZ3ZBRnFWdEw0MmNiNHZ1Nm9BMXFVbDJjbEhvOFJJUjFiVExJc096SGRUUHA2dXRGdVZQUE9OVUNSSVlGcllObDZVSDc0ZFVJcXBFckY2ZDZ3QnB3VTV1dFVMOFItd1BaSUdoR3JkUG5UTnpXemp6eUk1MUhBdnp6Mk9vRW9RWHpiMk5VNG1uWklrTG4ya19hb1hlQzRvVDNMeEtPMVBFME9NUVZGdDlWbU5fbmpoVQ?oc=5,Food Inflation Crisis Deepens as Farmers Struggle to Sell Over Shrinking Consumer Purchasing Power,Food Inflation Crisis Deepens as Farmers Struggle to Sell Over Shrinking Consumer Purchasing Power - AgroNigeria,"Thu, 20 Aug 2026 17:36:42 GMT",AgroNigeria,agronigeria.ng,2026-08-20 17:36:42+00:00,2026-08-23 16:01:11.633939+00:00,food inflation crisis deepens as farmers struggle to sell over shrinking consumer purchasing power,True,True,True,True
Nigeria food prices,https://news.google.com/rss/search?q=Nigeria%20food%20prices&hl=en-NG&gl=NG&ceid=NG%3Aen,https://news.google.com/rss/articles/CBMi-AFBVV95cUxPbGtJSzZvQzJfcFNOOW0zUEJqTGhVZUZ2TmVieVV2aFMydXRzRjBMQ0RvWU40NXBEckNjUC1iS1BJYnB3ZXF0VUNVNWt0dVYtVnB5WlBQbnMzS3V4blFFUEFTTTBnT0JqWW94LTc1aTRnRGdxc1FzV3BJSXhUbTloVG5sbnpKVlhHQTVsV19HbzlXN3dSbXR0WmQ3LWl3R19uMjJJLUowQzZrWlpjSFZrdV8tMVFING4wZGlEQllvT0htSDgtQW9RM054Y2pSMk5SWjFDSVlHT1RkeUd4Q2E1ekdEaFY5U2prdlVuckpfaEgzSGJRYmZVddIB-AFBVV95cUxPbGtJSzZvQzJfcFNOOW0zUEJqTGhVZUZ2TmVieVV2aFMydXRzRjBMQ0RvWU40NXBEckNjUC1iS1BJYnB3ZXF0VUNVNWt0dVYtVnB5WlBQbnMzS3V4blFFUEFTTTBnT0JqWW94LTc1aTRnRGdxc1FzV3BJSXhUbTloVG5sbnpKVlhHQTVsV19HbzlXN3dSbXR0WmQ3LWl3R19uMjJJLUowQzZrWlpjSFZrdV8tMVFING4wZGlEQllvT0htSDgtQW9RM054Y2pSMk5SWjFDSVlHT1RkeUd4Q2E1ekdEaFY5U2prdlVuckpfaEgzSGJRYmZVdQ?oc=5,"ArketData deploys AI-powered food price intelligence to support smarter decisions for businesses, households and policymakers","ArketData deploys AI-powered food price intelligence to support smarter decisions for businesses, households and policymakers - Vanguard News","Thu, 20 Aug 2026 20:46:25 GMT",Vanguard News,www.vanguardngr.com,2026-08-20 20:46:25+00:00,2026-08-23 16:01:11.633939+00:00,arketdata deploys aipowered food price intelligence to support smarter decisions for businesses households and policymakers,True,True,False,True
Nigeria cost of living,https://news.google.com/rss/search?q=Nigeria%20cost%20of%20living&hl=en-NG&gl=NG&ceid=NG%3Aen,https://news.google.com/rss/articles/CBMisAFBVV95cUxPS1BOYjFUM1VpNGlfYVlMdXlUUURIVERlWTMxUWFTWXRhU1c2MmdIck91SURGZGtIRXNaMFVqRHVmcWZKWjBhODFZeGZYbWItenNldmw1ank5VUNxX3VLLXNSOEo2UHY4QjZHOFo3eXVHSHNBZXg4MS1RWHJvYlJIZk1ZbF9nMmhHU2FwODR0cUxQTlR4amkyYVVrdzcxcnhpN0V4ODhCNGd5M0t6VzIxbA?oc=5,"Labour Leaders Lament Rising Cost Of Living, Demand Review Of ₦70,000 Minimum Wage","Labour Leaders Lament Rising Cost Of Living, Demand Review Of ₦70,000 Minimum Wage - LEADERSHIP Newspapers","Fri, 21 Aug 2026 07:00:00 GMT",LEADERSHIP Newspapers,leadership.ng,2026-08-21 07:00:00+00:00,2026-08-23 16:01:11.633939+00:00,labour leaders lament rising cost of living demand review of 70000 minimum wage,False,True,True,True
Nigeria food prices,https://news.google.com/rss/search?q=Nigeria%20food%20prices&hl=en-NG&gl=NG&ceid=NG%3Aen,https://news.google.com/rss/articles/CBMitgFBVV95cUxQWl9HeHE4MXBqQlhyOUw5OHI2ODJkYlA4WFBqenRjUm9ONjhRdXM3NUFjYUdpMmNjSkQ5OTJlVHNfc3dWbFMwOENDUUZuanN0X092aE1EdjNReUxobC1LRUlZdThpa3d6V0t1a0JiMkpJUHRSVkNOOEpoeUhCaWs5UG1raTJzVnFLRkt5bzJHRHlkQVBvQjFqcHVLb1ZPUmNJMlktaUd0TG45ZEk4aU9uRTIxRk5NUQ?oc=5,"PwC Projects 4.2% H2 Growth For Nigeria, Warns High Food And Energy Costs Could Undermine Gains","PwC Projects 4.2% H2 Growth For Nigeria, Warns High Food And Energy Costs Could Undermine Gains - Arise News","Fri, 21 Aug 2026 09:24:13 GMT",Arise News,www.arise.tv,2026-08-21 09:24:13+00:00,2026-08-23 16:01:11.633939+00:00,pwc projects 42 h2 growth for nigeria warns high food and energy costs could undermine gains,True,True,False,True
Nigeria cost of living,https://news.google.com/rss/search?q=Nigeria%20cost%20of%20living&hl=en-NG&gl=NG&ceid=NG%3Aen,https://news.google.com/rss/articles/CBMilgFBVV95cUxPeHdIaXFua21GRTExZFJVRlFCbWpGSE5KYnVJSkNpS3hHVTBDTE9FR21TbGVUSDd3NDVyeGlPRllIRWRPcUhuUHlHMXRfQzY4bmRxQ1hmS0NVeFJtd2lObno2RHd6bWw5akFTRlZpSFFmejFDVVpqWGJwamZmczE3bTlmdXFFM25xSmdOSldieGFUZTJVaGc?oc=5,Phrank Shaibu: Atiku’s Proposed Fuel Subsidy Will Reduce Cost Of Living,Phrank Shaibu: Atiku’s Proposed Fuel Subsidy Will Reduce Cost Of Living - Arise News,"Sat, 22 Aug 2026 08:21:03 GMT",Arise News,www.arise.tv,2026-08-22 08:21:03+00:00,2026-08-23 16:01:11.633939+00:00,phrank shaibu atikus proposed fuel subsidy will reduce cost of living,False,True,True,True
Nigeria cost of living,https://news.google.com/rss/search?q=Nigeria%20cost%20of%20living&hl=en-NG&gl=NG&ceid=NG%3Aen,https://news.google.com/rss/articles/CBMiqAFBVV95cUxPaGdOX2Q3T2tJY2l0M3BPQzlObGpZazh0eUNZX2dabVZidUZibkdjQm44ekozckpGZl8zNS1sMF8tNDlIMFExWkIwQTBKcHZxcTJwUHJ1RlREOWRaNzNVbGc5XzJSeVhiT2gzRnBuZE1lVW5YdmdPeGlfbF9uOUtqNjQxajhaV251X1ZMUVJubjVRSkp5Z0JFal9LYnNKOGR0T25GcFcxd2Q?oc=5,Tinubu’s flourishing stats still not touching cost of living — by Yemi Adebowale,Tinubu’s flourishing stats still not touching cost of living — by Yemi Adebowale - westernpost.ng,"Sat, 22 Aug 2026 13:14:20 GMT",westernpost.ng,www.westernpost.ng,2026-08-22 13:14:20+00:00,2026-08-23 16:01:11.633939+00:00,tinubus flourishing stats still not touching cost of living by yemi adebowale,False,True,True,True
